{
  "pools": [
    {
      "rolls": 1,
      "entries": [
        {
          "type": "minecraft:item",
          "name": "minecraft:warped_fungus_on_a_stick",
          "functions": [
            {
              "function": "minecraft:set_name",
              "name": {
                "text": "Unknown Rune",
                "color": "gold",
                "bald": true
              }
            },
            {
              "function": "minecraft:set_nbt",
              "tag": "{RandomRune:1b,CustomModelData:18,Lore:['[{'text':'An unknown rune. Requires identification to use'}]']}"
            }
          ]
        }
      ]
    }
  ]
}
