{
	"credit": "Made with Blockbench",
	"textures": {
		"1": "dark_stone",
		"2": "shimmering_rock",
		"particle": "adventurer_rune"
	},
	"elements": [
		{
			"from": [3, 3, 7],
			"to": [5, 5, 9],
			"rotation": {"angle": 0, "axis": "y", "origin": [8, 8, 8]},
			"faces": {
				"north": {"uv": [6, 11, 8, 13], "texture": "#1"},
				"east": {"uv": [10, 8, 12, 10], "texture": "#1"},
				"south": {"uv": [11, 2, 13, 4], "texture": "#1"},
				"west": {"uv": [2, 4, 4, 6], "texture": "#1"},
				"up": {"uv": [4, 1, 6, 3], "rotation": 180, "texture": "#1"},
				"down": {"uv": [4, 7, 6, 9], "rotation": 180, "texture": "#1"}
			}
		},
		{
			"from": [5, 5, 7],
			"to": [7, 7, 9],
			"rotation": {"angle": 0, "axis": "y", "origin": [8, 8, 8]},
			"faces": {
				"north": {"uv": [3, 12, 5, 14], "texture": "#1"},
				"east": {"uv": [9, 4, 11, 6], "texture": "#1"},
				"south": {"uv": [14, 9, 16, 11], "texture": "#1"},
				"west": {"uv": [5, 8, 7, 10], "texture": "#1"},
				"up": {"uv": [0, 6, 2, 8], "rotation": 180, "texture": "#1"},
				"down": {"uv": [7, 3, 9, 5], "rotation": 180, "texture": "#1"}
			}
		},
		{
			"from": [2, 3, 7],
			"to": [3, 4, 9],
			"rotation": {"angle": 0, "axis": "y", "origin": [8, 8, 8]},
			"faces": {
				"north": {"uv": [6, 11, 7, 12], "texture": "#1"},
				"east": {"uv": [9, 4, 11, 5], "texture": "#1"},
				"south": {"uv": [11, 2, 12, 3], "texture": "#1"},
				"west": {"uv": [2, 4, 4, 5], "texture": "#1"},
				"up": {"uv": [0, 6, 1, 8], "rotation": 180, "texture": "#1"},
				"down": {"uv": [5, 5, 6, 7], "rotation": 180, "texture": "#1"}
			}
		},
		{
			"from": [4, 5, 7],
			"to": [5, 6, 9],
			"rotation": {"angle": 0, "axis": "y", "origin": [8, 8, 8]},
			"faces": {
				"north": {"uv": [6, 11, 7, 12], "texture": "#1"},
				"east": {"uv": [9, 4, 11, 5], "texture": "#1"},
				"south": {"uv": [11, 2, 12, 3], "texture": "#1"},
				"west": {"uv": [2, 4, 4, 5], "texture": "#1"},
				"up": {"uv": [0, 6, 1, 8], "rotation": 180, "texture": "#1"},
				"down": {"uv": [5, 5, 6, 7], "rotation": 180, "texture": "#1"}
			}
		},
		{
			"from": [3, 2, 7],
			"to": [4, 3, 9],
			"rotation": {"angle": 0, "axis": "y", "origin": [8, 8, 8]},
			"faces": {
				"north": {"uv": [6, 11, 7, 12], "texture": "#1"},
				"east": {"uv": [9, 4, 11, 5], "texture": "#1"},
				"south": {"uv": [11, 2, 12, 3], "texture": "#1"},
				"west": {"uv": [2, 4, 4, 5], "texture": "#1"},
				"up": {"uv": [0, 6, 1, 8], "rotation": 180, "texture": "#1"},
				"down": {"uv": [5, 5, 6, 7], "rotation": 180, "texture": "#1"}
			}
		},
		{
			"from": [5, 4, 7],
			"to": [6, 5, 9],
			"rotation": {"angle": 0, "axis": "y", "origin": [8, 8, 8]},
			"faces": {
				"north": {"uv": [6, 11, 7, 12], "texture": "#1"},
				"east": {"uv": [9, 4, 11, 5], "texture": "#1"},
				"south": {"uv": [11, 2, 12, 3], "texture": "#1"},
				"west": {"uv": [2, 4, 4, 5], "texture": "#1"},
				"up": {"uv": [0, 6, 1, 8], "rotation": 180, "texture": "#1"},
				"down": {"uv": [5, 5, 6, 7], "rotation": 180, "texture": "#1"}
			}
		},
		{
			"from": [1, 1, 7],
			"to": [3, 3, 9],
			"rotation": {"angle": 0, "axis": "y", "origin": [8, 8, 8]},
			"faces": {
				"north": {"uv": [0, 0, 16, 16], "texture": "#2"},
				"east": {"uv": [0, 0, 16, 16], "texture": "#2"},
				"south": {"uv": [0, 0, 16, 16], "texture": "#2"},
				"west": {"uv": [0, 0, 16, 16], "texture": "#2"},
				"up": {"uv": [0, 0, 16, 16], "rotation": 180, "texture": "#2"},
				"down": {"uv": [0, 0, 16, 16], "rotation": 180, "texture": "#2"}
			}
		},
		{
			"from": [7, 4, 7],
			"to": [9, 6, 9],
			"rotation": {"angle": 0, "axis": "y", "origin": [8, 8, 8]},
			"faces": {
				"north": {"uv": [3, 2, 5, 4], "texture": "#1"},
				"east": {"uv": [1, 5, 3, 7], "texture": "#1"},
				"south": {"uv": [0, 10, 2, 12], "texture": "#1"},
				"west": {"uv": [9, 10, 11, 12], "texture": "#1"},
				"up": {"uv": [7, 1, 9, 3], "rotation": 180, "texture": "#1"},
				"down": {"uv": [3, 5, 5, 7], "rotation": 180, "texture": "#1"}
			}
		},
		{
			"from": [4, 7, 7],
			"to": [6, 9, 9],
			"rotation": {"angle": 0, "axis": "y", "origin": [8, 8, 8]},
			"faces": {
				"north": {"uv": [3, 2, 5, 4], "texture": "#1"},
				"east": {"uv": [1, 5, 3, 7], "texture": "#1"},
				"south": {"uv": [0, 10, 2, 12], "texture": "#1"},
				"west": {"uv": [9, 10, 11, 12], "texture": "#1"},
				"up": {"uv": [7, 1, 9, 3], "rotation": 180, "texture": "#1"},
				"down": {"uv": [3, 5, 5, 7], "rotation": 180, "texture": "#1"}
			}
		},
		{
			"from": [3, 9, 7],
			"to": [5, 10, 9],
			"rotation": {"angle": 0, "axis": "y", "origin": [8, 8, 8]},
			"faces": {
				"north": {"uv": [3, 2, 5, 3], "texture": "#1"},
				"east": {"uv": [1, 5, 3, 6], "texture": "#1"},
				"south": {"uv": [0, 10, 2, 11], "texture": "#1"},
				"west": {"uv": [9, 10, 11, 11], "texture": "#1"},
				"up": {"uv": [7, 1, 9, 3], "rotation": 180, "texture": "#1"},
				"down": {"uv": [3, 5, 5, 7], "rotation": 180, "texture": "#1"}
			}
		},
		{
			"from": [9, 3, 7],
			"to": [10, 5, 9],
			"rotation": {"angle": 0, "axis": "y", "origin": [8, 8, 8]},
			"faces": {
				"north": {"uv": [3, 2, 4, 4], "texture": "#1"},
				"east": {"uv": [1, 5, 3, 7], "texture": "#1"},
				"south": {"uv": [0, 10, 1, 12], "texture": "#1"},
				"west": {"uv": [9, 10, 11, 12], "texture": "#1"},
				"up": {"uv": [7, 1, 8, 3], "rotation": 180, "texture": "#1"},
				"down": {"uv": [3, 5, 4, 7], "rotation": 180, "texture": "#1"}
			}
		},
		{
			"from": [6, 6, 8],
			"to": [22, 22, 8],
			"rotation": {"angle": 0, "axis": "y", "origin": [8, 8, 8]},
			"faces": {
				"north": {"uv": [16, 0, 0, 16], "texture": "#particle"},
				"east": {"uv": [0, 0, 0, 0], "texture": "#particle"},
				"south": {"uv": [0, 0, 16, 16], "texture": "#particle"},
				"west": {"uv": [0, 0, 0, 0], "texture": "#particle"},
				"up": {"uv": [0, 0, 0, 0], "rotation": 180, "texture": "#particle"},
				"down": {"uv": [0, 0, 0, 0], "rotation": 180, "texture": "#particle"}
			}
		}
	],
	"display": {
		"thirdperson_righthand": {
			"rotation": [0, -90, 55],
			"translation": [0, 4, 0.5],
			"scale": [0.85, 0.85, 0.85]
		},
		"thirdperson_lefthand": {
			"rotation": [0, 90, -55],
			"translation": [0, 4, 0.5],
			"scale": [0.85, 0.85, 0.85]
		},
		"firstperson_righthand": {
			"rotation": [0, -90, 25],
			"translation": [1.13, 3.2, 1.13],
			"scale": [0.68, 0.68, 0.68]
		},
		"firstperson_lefthand": {
			"rotation": [0, 90, -25],
			"translation": [1.13, 3.2, 1.13],
			"scale": [0.68, 0.68, 0.68]
		},
		"ground": {
			"translation": [0, 2, 0],
			"scale": [0.5, 0.5, 0.5]
		},
		"gui": {
			"translation": [-2.5, -2.5, 0],
			"scale": [0.75, 0.75, 0.75]
		},
		"head": {
			"rotation": [0, 0, 46],
			"translation": [0, 6.5, -7.75],
			"scale": [0.5, 0.5, 0.5]
		},
		"fixed": {
			"translation": [-3, -3, 0]
		}
	}
}