{
	"credit": "Made with Blockbench",
	"textures": {
		"0": "dark_stone",
		"1": "shimmering_rock",
		"2": "air_rune",
		"particle": "dark_stone"
	},
	"elements": [
		{
			"name": "shimmering_rock",
			"from": [5.5, 3.5, 7],
			"to": [10.5, 8.5, 9],
			"rotation": {"angle": 45, "axis": "z", "origin": [8, 6, 8]},
			"faces": {
				"north": {"uv": [0, 0, 16, 16], "texture": "#1"},
				"east": {"uv": [0, 0, 16, 2], "texture": "#1"},
				"south": {"uv": [0, 0, 16, 16], "texture": "#1"},
				"west": {"uv": [0, 0, 16, 2], "texture": "#1"},
				"up": {"uv": [0, 0, 16, 2], "texture": "#1"},
				"down": {"uv": [0, 0, 16, 2], "texture": "#1"}
			}
		},
		{
			"from": [6.5, 4.5, 9],
			"to": [9.5, 7.5, 9.25],
			"rotation": {"angle": 0, "axis": "y", "origin": [8, 6, 8]},
			"faces": {
				"north": {"uv": [0, 0, 16, 16], "texture": "#2"},
				"east": {"uv": [0, 0, 0.25, 3], "texture": "#2"},
				"south": {"uv": [0, 0, 16, 16], "texture": "#2"},
				"west": {"uv": [0, 0, 0.25, 3], "texture": "#2"},
				"up": {"uv": [0, 0, 3, 0.25], "texture": "#2"},
				"down": {"uv": [0, 0, 3, 0.25], "texture": "#2"}
			}
		},
		{
			"from": [6.5, 4.5, 6.75],
			"to": [9.5, 7.5, 7],
			"rotation": {"angle": 0, "axis": "y", "origin": [8, 6, 8]},
			"faces": {
				"north": {"uv": [0, 0, 16, 16], "texture": "#2"},
				"east": {"uv": [0, 0, 0.25, 3], "texture": "#2"},
				"south": {"uv": [0, 0, 16, 16], "texture": "#2"},
				"west": {"uv": [0, 0, 0.25, 3], "texture": "#2"},
				"up": {"uv": [0, 0, 3, 0.25], "texture": "#2"},
				"down": {"uv": [0, 0, 3, 0.25], "texture": "#2"}
			}
		},
		{
			"from": [6, -2, 7],
			"to": [10, 0, 9],
			"rotation": {"angle": 0, "axis": "y", "origin": [0, -2, 0]},
			"faces": {
				"north": {"uv": [7, 11, 11, 13], "texture": "#0"},
				"east": {"uv": [2, 10, 4, 12], "texture": "#0"},
				"south": {"uv": [4, 2, 8, 4], "texture": "#0"},
				"west": {"uv": [10, 9, 12, 11], "texture": "#0"},
				"up": {"uv": [6, 6, 10, 8], "texture": "#0"},
				"down": {"uv": [0, 6, 4, 8], "texture": "#0"}
			}
		},
		{
			"from": [14, 4, 7],
			"to": [16, 8, 9],
			"rotation": {"angle": 0, "axis": "z", "origin": [11, 2, 8]},
			"faces": {
				"north": {"uv": [7, 11, 11, 13], "rotation": 270, "texture": "#0"},
				"east": {"uv": [2, 10, 6, 12], "rotation": 90, "texture": "#0"},
				"south": {"uv": [4, 2, 8, 4], "rotation": 90, "texture": "#0"},
				"west": {"uv": [10, 9, 14, 11], "rotation": 90, "texture": "#0"},
				"up": {"uv": [6, 6, 8, 8], "rotation": 90, "texture": "#0"},
				"down": {"uv": [0, 6, 2, 8], "rotation": 90, "texture": "#0"}
			}
		},
		{
			"from": [0, 4, 7],
			"to": [2, 8, 9],
			"rotation": {"angle": 0, "axis": "z", "origin": [5, 2, 8]},
			"faces": {
				"north": {"uv": [7, 11, 11, 13], "rotation": 270, "texture": "#0"},
				"east": {"uv": [2, 10, 6, 12], "rotation": 90, "texture": "#0"},
				"south": {"uv": [4, 2, 8, 4], "rotation": 90, "texture": "#0"},
				"west": {"uv": [10, 9, 14, 11], "rotation": 90, "texture": "#0"},
				"up": {"uv": [6, 6, 8, 8], "rotation": 90, "texture": "#0"},
				"down": {"uv": [0, 6, 2, 8], "rotation": 90, "texture": "#0"}
			}
		},
		{
			"from": [6, 12, 7],
			"to": [10, 14, 9],
			"rotation": {"angle": 0, "axis": "y", "origin": [0, -2, 0]},
			"faces": {
				"north": {"uv": [7, 11, 11, 13], "texture": "#0"},
				"east": {"uv": [2, 10, 4, 12], "texture": "#0"},
				"south": {"uv": [4, 2, 8, 4], "texture": "#0"},
				"west": {"uv": [10, 9, 12, 11], "texture": "#0"},
				"up": {"uv": [6, 6, 10, 8], "texture": "#0"},
				"down": {"uv": [0, 6, 4, 8], "texture": "#0"}
			}
		},
		{
			"from": [0.1564, 4.78629, 7.25],
			"to": [2.1564, 8.78629, 8.75],
			"rotation": {"angle": -22.5, "axis": "z", "origin": [8.1564, 6.78629, 8]},
			"faces": {
				"north": {"uv": [7, 11, 11, 13], "rotation": 270, "texture": "#0"},
				"east": {"uv": [2, 10, 6, 11.5], "rotation": 90, "texture": "#0"},
				"south": {"uv": [4, 2, 8, 4], "rotation": 90, "texture": "#0"},
				"west": {"uv": [10, 9, 14, 10.5], "rotation": 90, "texture": "#0"},
				"up": {"uv": [6, 6, 7.5, 8], "rotation": 90, "texture": "#0"},
				"down": {"uv": [0, 6, 1.5, 8], "rotation": 90, "texture": "#0"}
			}
		},
		{
			"from": [5.21371, -1.8436, 7.25],
			"to": [9.21371, 0.1564, 8.75],
			"rotation": {"angle": -22.5, "axis": "z", "origin": [7.21371, 6.1564, 8]},
			"faces": {
				"north": {"uv": [7, 11, 11, 13], "texture": "#0"},
				"east": {"uv": [2, 10, 3.5, 12], "texture": "#0"},
				"south": {"uv": [4, 2, 8, 4], "texture": "#0"},
				"west": {"uv": [10, 9, 11.5, 11], "texture": "#0"},
				"up": {"uv": [6, 6, 10, 7.5], "texture": "#0"},
				"down": {"uv": [0, 6, 4, 7.5], "texture": "#0"}
			}
		},
		{
			"from": [13.8436, 3.21371, 7.25],
			"to": [15.8436, 7.21371, 8.75],
			"rotation": {"angle": -22.5, "axis": "z", "origin": [7.8436, 5.21371, 8]},
			"faces": {
				"north": {"uv": [7, 11, 11, 13], "rotation": 270, "texture": "#0"},
				"east": {"uv": [2, 10, 6, 11.5], "rotation": 90, "texture": "#0"},
				"south": {"uv": [4, 2, 8, 4], "rotation": 90, "texture": "#0"},
				"west": {"uv": [10, 9, 14, 10.5], "rotation": 90, "texture": "#0"},
				"up": {"uv": [6, 6, 7.5, 8], "rotation": 90, "texture": "#0"},
				"down": {"uv": [0, 6, 1.5, 8], "rotation": 90, "texture": "#0"}
			}
		},
		{
			"from": [6.78629, 11.8436, 7.25],
			"to": [10.78629, 13.8436, 8.75],
			"rotation": {"angle": -22.5, "axis": "z", "origin": [8.78629, 5.8436, 8]},
			"faces": {
				"north": {"uv": [7, 11, 11, 13], "texture": "#0"},
				"east": {"uv": [2, 10, 3.5, 12], "texture": "#0"},
				"south": {"uv": [4, 2, 8, 4], "texture": "#0"},
				"west": {"uv": [10, 9, 11.5, 11], "texture": "#0"},
				"up": {"uv": [6, 6, 10, 7.5], "texture": "#0"},
				"down": {"uv": [0, 6, 4, 7.5], "texture": "#0"}
			}
		},
		{
			"from": [5.21371, 11.8436, 7.25],
			"to": [9.21371, 13.8436, 8.75],
			"rotation": {"angle": 22.5, "axis": "z", "origin": [7.21371, 5.8436, 8]},
			"faces": {
				"north": {"uv": [7, 11, 11, 13], "rotation": 180, "texture": "#0"},
				"east": {"uv": [2, 10, 3.5, 12], "rotation": 180, "texture": "#0"},
				"south": {"uv": [4, 2, 8, 4], "rotation": 180, "texture": "#0"},
				"west": {"uv": [10, 9, 11.5, 11], "rotation": 180, "texture": "#0"},
				"up": {"uv": [6, 6, 10, 7.5], "rotation": 180, "texture": "#0"},
				"down": {"uv": [0, 6, 4, 7.5], "rotation": 180, "texture": "#0"}
			}
		},
		{
			"from": [0.1564, 3.21371, 7.25],
			"to": [2.1564, 7.21371, 8.75],
			"rotation": {"angle": 22.5, "axis": "z", "origin": [8.1564, 5.21371, 8]},
			"faces": {
				"north": {"uv": [7, 11, 11, 13], "rotation": 270, "texture": "#0"},
				"east": {"uv": [2, 10, 6, 11.5], "rotation": 90, "texture": "#0"},
				"south": {"uv": [4, 2, 8, 4], "rotation": 90, "texture": "#0"},
				"west": {"uv": [10, 9, 14, 10.5], "rotation": 90, "texture": "#0"},
				"up": {"uv": [6, 6, 7.5, 8], "rotation": 90, "texture": "#0"},
				"down": {"uv": [0, 6, 1.5, 8], "rotation": 90, "texture": "#0"}
			}
		},
		{
			"from": [6.78629, -1.8436, 7.25],
			"to": [10.78629, 0.1564, 8.75],
			"rotation": {"angle": 22.5, "axis": "z", "origin": [8.78629, 6.1564, 8]},
			"faces": {
				"north": {"uv": [7, 11, 11, 13], "rotation": 180, "texture": "#0"},
				"east": {"uv": [2, 10, 3.5, 12], "rotation": 180, "texture": "#0"},
				"south": {"uv": [4, 2, 8, 4], "rotation": 180, "texture": "#0"},
				"west": {"uv": [10, 9, 11.5, 11], "rotation": 180, "texture": "#0"},
				"up": {"uv": [6, 6, 10, 7.5], "rotation": 180, "texture": "#0"},
				"down": {"uv": [0, 6, 4, 7.5], "rotation": 180, "texture": "#0"}
			}
		},
		{
			"from": [13.8436, 4.78629, 7.25],
			"to": [15.8436, 8.78629, 8.75],
			"rotation": {"angle": 22.5, "axis": "z", "origin": [7.8436, 6.78629, 8]},
			"faces": {
				"north": {"uv": [7, 11, 11, 13], "rotation": 270, "texture": "#0"},
				"east": {"uv": [2, 10, 6, 11.5], "rotation": 90, "texture": "#0"},
				"south": {"uv": [4, 2, 8, 4], "rotation": 90, "texture": "#0"},
				"west": {"uv": [10, 9, 14, 10.5], "rotation": 90, "texture": "#0"},
				"up": {"uv": [6, 6, 7.5, 8], "rotation": 90, "texture": "#0"},
				"down": {"uv": [0, 6, 1.5, 8], "rotation": 90, "texture": "#0"}
			}
		},
		{
			"from": [14, 4, 7],
			"to": [16, 8, 9],
			"rotation": {"angle": 45, "axis": "z", "origin": [8, 6, 8]},
			"faces": {
				"north": {"uv": [7, 11, 11, 13], "rotation": 270, "texture": "#0"},
				"east": {"uv": [2, 10, 6, 12], "rotation": 90, "texture": "#0"},
				"south": {"uv": [4, 2, 8, 4], "rotation": 90, "texture": "#0"},
				"west": {"uv": [10, 9, 14, 11], "rotation": 90, "texture": "#0"},
				"up": {"uv": [6, 6, 8, 8], "rotation": 90, "texture": "#0"},
				"down": {"uv": [0, 6, 2, 8], "rotation": 90, "texture": "#0"}
			}
		},
		{
			"from": [0, 4, 7],
			"to": [2, 8, 9],
			"rotation": {"angle": 45, "axis": "z", "origin": [8, 6, 8]},
			"faces": {
				"north": {"uv": [7, 11, 11, 13], "rotation": 270, "texture": "#0"},
				"east": {"uv": [2, 10, 6, 12], "rotation": 90, "texture": "#0"},
				"south": {"uv": [4, 2, 8, 4], "rotation": 90, "texture": "#0"},
				"west": {"uv": [10, 9, 14, 11], "rotation": 90, "texture": "#0"},
				"up": {"uv": [6, 6, 8, 8], "rotation": 90, "texture": "#0"},
				"down": {"uv": [0, 6, 2, 8], "rotation": 90, "texture": "#0"}
			}
		},
		{
			"from": [6, -2, 7],
			"to": [10, 0, 9],
			"rotation": {"angle": 45, "axis": "z", "origin": [8, 6, 8]},
			"faces": {
				"north": {"uv": [7, 11, 11, 13], "texture": "#0"},
				"east": {"uv": [2, 10, 4, 12], "texture": "#0"},
				"south": {"uv": [4, 2, 8, 4], "texture": "#0"},
				"west": {"uv": [10, 9, 12, 11], "texture": "#0"},
				"up": {"uv": [6, 6, 10, 8], "texture": "#0"},
				"down": {"uv": [0, 6, 4, 8], "texture": "#0"}
			}
		},
		{
			"from": [6, 12, 7],
			"to": [10, 14, 9],
			"rotation": {"angle": 45, "axis": "z", "origin": [8, 6, 8]},
			"faces": {
				"north": {"uv": [7, 11, 11, 13], "texture": "#0"},
				"east": {"uv": [2, 10, 4, 12], "texture": "#0"},
				"south": {"uv": [4, 2, 8, 4], "texture": "#0"},
				"west": {"uv": [10, 9, 12, 11], "texture": "#0"},
				"up": {"uv": [6, 6, 10, 8], "texture": "#0"},
				"down": {"uv": [0, 6, 4, 8], "texture": "#0"}
			}
		}
	],
	"display": {
		"thirdperson_righthand": {
			"scale": [0.25, 0.25, 0.25]
		},
		"thirdperson_lefthand": {
			"scale": [0.25, 0.25, 0.25]
		},
		"firstperson_righthand": {
			"translation": [0, 2.25, 0],
			"scale": [0.25, 0.25, 0.25]
		},
		"firstperson_lefthand": {
			"translation": [0, 2.25, 0],
			"scale": [0.25, 0.25, 0.25]
		},
		"ground": {
			"translation": [0, 2, 0],
			"scale": [0.5, 0.5, 0.5]
		},
		"gui": {
			"rotation": [-30, -1.5, -35],
			"translation": [1.5, 1.5, 0]
		},
		"head": {
			"translation": [0, 6.5, -7.75],
			"scale": [0.5, 0.5, 0.5]
		},
		"fixed": {
			"translation": [0, 2.25, 0]
		}
	},
	"groups": [
		0,
		1,
		2,
		{
			"name": "backplate",
			"origin": [8, 8, 8],
			"color": 0,
			"children": [3, 4, 5, 6, 7, 8, 9, 10, 11, 12, 13, 14, 15, 16, 17, 18]
		}
	]
}