{
	"credit": "Made with Blockbench",
	"textures": {
		"0": "wood",
		"1": "blade",
		"2": "dark_stone",
		"3": "spinny_thing",
		"4": "admin_core",
		"5": "core",
		"6": "bi_flag",
		"particle": "wood"
	},
	"elements": [
		{
			"from": [7.5, 19.5, 5.5],
			"to": [8.5, 22, 10.5],
			"faces": {
				"north": {"uv": [2, 2, 2.5, 4.5], "texture": "#1"},
				"east": {"uv": [6, 2, 11, 4.5], "texture": "#1"},
				"south": {"uv": [2, 2, 2.5, 4.5], "texture": "#1"},
				"west": {"uv": [1, 5, 6, 7.5], "texture": "#1"},
				"up": {"uv": [2, 2, 2.5, 7], "texture": "#1"},
				"down": {"uv": [2, 2, 2.5, 7], "texture": "#1"}
			}
		},
		{
			"from": [7.5, 22, 5],
			"to": [8.5, 23.5, 7],
			"faces": {
				"north": {"uv": [2, 2, 2, 3.5], "texture": "#1"},
				"east": {"uv": [6, 2, 9, 3.5], "texture": "#1"},
				"south": {"uv": [2, 2, 2, 3.5], "texture": "#1"},
				"west": {"uv": [1, 5, 4, 6.5], "texture": "#1"},
				"up": {"uv": [2, 2, 2, 6], "texture": "#1"},
				"down": {"uv": [2, 2, 2, 6], "texture": "#1"}
			}
		},
		{
			"from": [7.5, 22, 9],
			"to": [8.5, 23.5, 11],
			"faces": {
				"north": {"uv": [2, 2, 2, 3.5], "texture": "#1"},
				"east": {"uv": [6, 2, 9, 3.5], "texture": "#1"},
				"south": {"uv": [2, 2, 2, 3.5], "texture": "#1"},
				"west": {"uv": [1, 5, 4, 6.5], "texture": "#1"},
				"up": {"uv": [2, 2, 2, 6], "texture": "#1"},
				"down": {"uv": [2, 2, 2, 6], "texture": "#1"}
			}
		},
		{
			"from": [7.5, 25, 9],
			"to": [8.5, 30.5, 11],
			"faces": {
				"north": {"uv": [2, 2, 2, 3.5], "texture": "#1"},
				"east": {"uv": [6, 2, 9, 3.5], "texture": "#1"},
				"south": {"uv": [2, 2, 2, 3.5], "texture": "#1"},
				"west": {"uv": [1, 5, 4, 6.5], "texture": "#1"},
				"up": {"uv": [2, 2, 2, 6], "texture": "#1"},
				"down": {"uv": [2, 2, 2, 6], "texture": "#1"}
			}
		},
		{
			"from": [7.5, 25, 5],
			"to": [8.5, 30.5, 7],
			"faces": {
				"north": {"uv": [2, 2, 2, 3.5], "texture": "#1"},
				"east": {"uv": [6, 2, 9, 3.5], "texture": "#1"},
				"south": {"uv": [2, 2, 2, 3.5], "texture": "#1"},
				"west": {"uv": [1, 5, 4, 6.5], "texture": "#1"},
				"up": {"uv": [2, 2, 2, 6], "texture": "#1"},
				"down": {"uv": [2, 2, 2, 6], "texture": "#1"}
			}
		},
		{
			"from": [7.5, 23.5, 9.5],
			"to": [8.5, 25, 11.5],
			"faces": {
				"north": {"uv": [2, 2, 2, 3.5], "texture": "#1"},
				"east": {"uv": [6, 2, 9, 3.5], "texture": "#1"},
				"south": {"uv": [2, 2, 2, 3.5], "texture": "#1"},
				"west": {"uv": [1, 5, 4, 6.5], "texture": "#1"},
				"up": {"uv": [2, 2, 2, 6], "texture": "#1"},
				"down": {"uv": [2, 2, 2, 6], "texture": "#1"}
			}
		},
		{
			"from": [7.5, 23.5, 4.5],
			"to": [8.5, 25, 6.5],
			"faces": {
				"north": {"uv": [2, 2, 2, 3.5], "texture": "#1"},
				"east": {"uv": [6, 2, 9, 3.5], "texture": "#1"},
				"south": {"uv": [2, 2, 2, 3.5], "texture": "#1"},
				"west": {"uv": [1, 5, 4, 6.5], "texture": "#1"},
				"up": {"uv": [2, 2, 2, 6], "texture": "#1"},
				"down": {"uv": [2, 2, 2, 6], "texture": "#1"}
			}
		},
		{
			"from": [7.75, 25, 4.5],
			"to": [8.25, 28, 5],
			"faces": {
				"north": {"uv": [2, 2, 2, 3.5], "texture": "#1"},
				"east": {"uv": [10, 6, 12, 9.5], "texture": "#1"},
				"south": {"uv": [2, 2, 2, 3.5], "texture": "#1"},
				"west": {"uv": [9, 12, 10, 13.5], "texture": "#1"},
				"up": {"uv": [2, 2, 2, 6], "texture": "#1"},
				"down": {"uv": [2, 2, 2, 6], "texture": "#1"}
			}
		},
		{
			"from": [7.75, 23.5, 4],
			"to": [8.25, 25, 4.5],
			"faces": {
				"north": {"uv": [2, 2, 2, 3.5], "texture": "#1"},
				"east": {"uv": [10, 6, 12, 9.5], "texture": "#1"},
				"south": {"uv": [2, 2, 2, 3.5], "texture": "#1"},
				"west": {"uv": [9, 12, 10, 13.5], "texture": "#1"},
				"up": {"uv": [2, 2, 2, 6], "texture": "#1"},
				"down": {"uv": [2, 2, 2, 6], "texture": "#1"}
			}
		},
		{
			"from": [7.75, 22, 4.5],
			"to": [8.25, 23.5, 5],
			"faces": {
				"north": {"uv": [2, 2, 2, 3.5], "texture": "#1"},
				"east": {"uv": [10, 6, 12, 9.5], "texture": "#1"},
				"south": {"uv": [2, 2, 2, 3.5], "texture": "#1"},
				"west": {"uv": [9, 12, 10, 13.5], "texture": "#1"},
				"up": {"uv": [2, 2, 2, 6], "texture": "#1"},
				"down": {"uv": [2, 2, 2, 6], "texture": "#1"}
			}
		},
		{
			"from": [8, 25, 4],
			"to": [8, 28, 4.5],
			"faces": {
				"north": {"uv": [2, 2, 2, 3.5], "texture": "#1"},
				"east": {"uv": [10, 6, 12, 9.5], "texture": "#1"},
				"south": {"uv": [2, 2, 2, 3.5], "texture": "#1"},
				"west": {"uv": [9, 12, 10, 13.5], "texture": "#1"},
				"up": {"uv": [2, 2, 2, 6], "texture": "#1"},
				"down": {"uv": [2, 2, 2, 6], "texture": "#1"}
			}
		},
		{
			"from": [8, 23.5, 3.5],
			"to": [8, 25, 4],
			"faces": {
				"north": {"uv": [2, 2, 2, 3.5], "texture": "#1"},
				"east": {"uv": [10, 6, 12, 9.5], "texture": "#1"},
				"south": {"uv": [2, 2, 2, 3.5], "texture": "#1"},
				"west": {"uv": [9, 12, 10, 13.5], "texture": "#1"},
				"up": {"uv": [2, 2, 2, 6], "texture": "#1"},
				"down": {"uv": [2, 2, 2, 6], "texture": "#1"}
			}
		},
		{
			"from": [8, 22, 4],
			"to": [8, 23.5, 4.5],
			"faces": {
				"north": {"uv": [2, 2, 2, 3.5], "texture": "#1"},
				"east": {"uv": [10, 6, 12, 9.5], "texture": "#1"},
				"south": {"uv": [2, 2, 2, 3.5], "texture": "#1"},
				"west": {"uv": [9, 12, 10, 13.5], "texture": "#1"},
				"up": {"uv": [2, 2, 2, 6], "texture": "#1"},
				"down": {"uv": [2, 2, 2, 6], "texture": "#1"}
			}
		},
		{
			"from": [8, 20.5, 4.5],
			"to": [8, 22, 5],
			"faces": {
				"north": {"uv": [2, 2, 2, 3.5], "texture": "#1"},
				"east": {"uv": [10, 6, 12, 9.5], "texture": "#1"},
				"south": {"uv": [2, 2, 2, 3.5], "texture": "#1"},
				"west": {"uv": [9, 12, 10, 13.5], "texture": "#1"},
				"up": {"uv": [2, 2, 2, 6], "texture": "#1"},
				"down": {"uv": [2, 2, 2, 6], "texture": "#1"}
			}
		},
		{
			"from": [8, 20.5, 11],
			"to": [8, 22, 11.5],
			"faces": {
				"north": {"uv": [2, 2, 2, 3.5], "texture": "#1"},
				"east": {"uv": [10, 6, 12, 9.5], "texture": "#1"},
				"south": {"uv": [2, 2, 2, 3.5], "texture": "#1"},
				"west": {"uv": [9, 12, 10, 13.5], "texture": "#1"},
				"up": {"uv": [2, 2, 2, 6], "texture": "#1"},
				"down": {"uv": [2, 2, 2, 6], "texture": "#1"}
			}
		},
		{
			"from": [8, 19.25, 10],
			"to": [8, 20.5, 11.5],
			"faces": {
				"north": {"uv": [2, 2, 2, 3.5], "texture": "#1"},
				"east": {"uv": [10, 6, 12, 9.5], "texture": "#1"},
				"south": {"uv": [2, 2, 2, 3.5], "texture": "#1"},
				"west": {"uv": [9, 12, 10, 13.5], "texture": "#1"},
				"up": {"uv": [2, 2, 2, 6], "texture": "#1"},
				"down": {"uv": [2, 2, 2, 6], "texture": "#1"}
			}
		},
		{
			"from": [8, 19.25, 5],
			"to": [8, 20.5, 6.5],
			"faces": {
				"north": {"uv": [2, 2, 2, 3.5], "texture": "#1"},
				"east": {"uv": [10, 6, 12, 9.5], "texture": "#1"},
				"south": {"uv": [2, 2, 2, 3.5], "texture": "#1"},
				"west": {"uv": [9, 12, 10, 13.5], "texture": "#1"},
				"up": {"uv": [2, 2, 2, 6], "texture": "#1"},
				"down": {"uv": [2, 2, 2, 6], "texture": "#1"}
			}
		},
		{
			"from": [8, 25, 11.5],
			"to": [8, 28, 12],
			"rotation": {"angle": 0, "axis": "y", "origin": [8, 24.625, 4]},
			"faces": {
				"north": {"uv": [2, 2, 2, 3.5], "texture": "#1"},
				"east": {"uv": [14, 9, 15, 10.5], "texture": "#1"},
				"south": {"uv": [2, 2, 2, 3.5], "texture": "#1"},
				"west": {"uv": [5, 9, 7, 12.5], "texture": "#1"},
				"up": {"uv": [2, 2, 2, 6], "rotation": 180, "texture": "#1"},
				"down": {"uv": [2, 2, 2, 6], "rotation": 180, "texture": "#1"}
			}
		},
		{
			"from": [8, 28, 11.5],
			"to": [8, 30, 12],
			"rotation": {"angle": 0, "axis": "y", "origin": [8, 24.625, 4]},
			"faces": {
				"north": {"uv": [2, 2, 2, 3.5], "texture": "#1"},
				"east": {"uv": [14, 9, 15, 10.5], "texture": "#1"},
				"south": {"uv": [2, 2, 2, 3.5], "texture": "#1"},
				"west": {"uv": [5, 9, 7, 12.5], "texture": "#1"},
				"up": {"uv": [2, 2, 2, 6], "rotation": 180, "texture": "#1"},
				"down": {"uv": [2, 2, 2, 6], "rotation": 180, "texture": "#1"}
			}
		},
		{
			"from": [8, 28, 4],
			"to": [8, 30, 4.5],
			"faces": {
				"north": {"uv": [2, 2, 2, 3.5], "texture": "#1"},
				"east": {"uv": [10, 6, 12, 9.5], "texture": "#1"},
				"south": {"uv": [2, 2, 2, 3.5], "texture": "#1"},
				"west": {"uv": [9, 12, 10, 13.5], "texture": "#1"},
				"up": {"uv": [2, 2, 2, 6], "texture": "#1"},
				"down": {"uv": [2, 2, 2, 6], "texture": "#1"}
			}
		},
		{
			"from": [8, 23.5, 12],
			"to": [8, 25, 12.5],
			"rotation": {"angle": 0, "axis": "y", "origin": [8, 24.625, 4]},
			"faces": {
				"north": {"uv": [2, 2, 2, 3.5], "texture": "#1"},
				"east": {"uv": [14, 9, 15, 10.5], "texture": "#1"},
				"south": {"uv": [2, 2, 2, 3.5], "texture": "#1"},
				"west": {"uv": [5, 9, 7, 12.5], "texture": "#1"},
				"up": {"uv": [2, 2, 2, 6], "rotation": 180, "texture": "#1"},
				"down": {"uv": [2, 2, 2, 6], "rotation": 180, "texture": "#1"}
			}
		},
		{
			"from": [8, 22, 11.5],
			"to": [8, 23.5, 12],
			"rotation": {"angle": 0, "axis": "y", "origin": [8, 24.625, 4]},
			"faces": {
				"north": {"uv": [2, 2, 2, 3.5], "texture": "#1"},
				"east": {"uv": [14, 9, 15, 10.5], "texture": "#1"},
				"south": {"uv": [2, 2, 2, 3.5], "texture": "#1"},
				"west": {"uv": [5, 9, 7, 12.5], "texture": "#1"},
				"up": {"uv": [2, 2, 2, 6], "rotation": 180, "texture": "#1"},
				"down": {"uv": [2, 2, 2, 6], "rotation": 180, "texture": "#1"}
			}
		},
		{
			"from": [7.75, 25, 11],
			"to": [8.25, 28, 11.5],
			"rotation": {"angle": 0, "axis": "y", "origin": [8, 25.25, 4.5]},
			"faces": {
				"north": {"uv": [2, 2, 2, 3.5], "texture": "#1"},
				"east": {"uv": [14, 9, 15, 10.5], "texture": "#1"},
				"south": {"uv": [2, 2, 2, 3.5], "texture": "#1"},
				"west": {"uv": [5, 9, 7, 12.5], "texture": "#1"},
				"up": {"uv": [2, 2, 2, 6], "rotation": 180, "texture": "#1"},
				"down": {"uv": [2, 2, 2, 6], "rotation": 180, "texture": "#1"}
			}
		},
		{
			"from": [7.8125, 28, 11],
			"to": [8.1875, 29, 11.5],
			"rotation": {"angle": 0, "axis": "y", "origin": [8, 25.25, 4.5]},
			"faces": {
				"north": {"uv": [2, 2, 2, 3.5], "texture": "#1"},
				"east": {"uv": [14, 9, 15, 10.5], "texture": "#1"},
				"south": {"uv": [2, 2, 2, 3.5], "texture": "#1"},
				"west": {"uv": [5, 9, 7, 12.5], "texture": "#1"},
				"up": {"uv": [2, 2, 2, 6], "rotation": 180, "texture": "#1"},
				"down": {"uv": [2, 2, 2, 6], "rotation": 180, "texture": "#1"}
			}
		},
		{
			"from": [7.8125, 28, 4.5],
			"to": [8.1875, 29, 5],
			"faces": {
				"north": {"uv": [2, 2, 2, 3.5], "texture": "#1"},
				"east": {"uv": [10, 6, 12, 9.5], "texture": "#1"},
				"south": {"uv": [2, 2, 2, 3.5], "texture": "#1"},
				"west": {"uv": [9, 12, 10, 13.5], "texture": "#1"},
				"up": {"uv": [2, 2, 2, 6], "texture": "#1"},
				"down": {"uv": [2, 2, 2, 6], "texture": "#1"}
			}
		},
		{
			"from": [7.75, 23.5, 11.5],
			"to": [8.25, 25, 12],
			"rotation": {"angle": 0, "axis": "y", "origin": [8, 25.25, 4.5]},
			"faces": {
				"north": {"uv": [2, 2, 2, 3.5], "texture": "#1"},
				"east": {"uv": [14, 9, 15, 10.5], "texture": "#1"},
				"south": {"uv": [2, 2, 2, 3.5], "texture": "#1"},
				"west": {"uv": [5, 9, 7, 12.5], "texture": "#1"},
				"up": {"uv": [2, 2, 2, 6], "rotation": 180, "texture": "#1"},
				"down": {"uv": [2, 2, 2, 6], "rotation": 180, "texture": "#1"}
			}
		},
		{
			"from": [7.75, 22, 11],
			"to": [8.25, 23.5, 11.5],
			"rotation": {"angle": 0, "axis": "y", "origin": [8, 25.25, 4.5]},
			"faces": {
				"north": {"uv": [2, 2, 2, 3.5], "texture": "#1"},
				"east": {"uv": [14, 9, 15, 10.5], "texture": "#1"},
				"south": {"uv": [2, 2, 2, 3.5], "texture": "#1"},
				"west": {"uv": [5, 9, 7, 12.5], "texture": "#1"},
				"up": {"uv": [2, 2, 2, 6], "rotation": 180, "texture": "#1"},
				"down": {"uv": [2, 2, 2, 6], "rotation": 180, "texture": "#1"}
			}
		},
		{
			"from": [7.75, 20.5, 10.5],
			"to": [8.25, 22, 11],
			"rotation": {"angle": 0, "axis": "y", "origin": [8, 25.25, 4.5]},
			"faces": {
				"north": {"uv": [2, 2, 2, 3.5], "texture": "#1"},
				"east": {"uv": [14, 9, 15, 10.5], "texture": "#1"},
				"south": {"uv": [2, 2, 2, 3.5], "texture": "#1"},
				"west": {"uv": [5, 9, 7, 12.5], "texture": "#1"},
				"up": {"uv": [2, 2, 2, 6], "rotation": 180, "texture": "#1"},
				"down": {"uv": [2, 2, 2, 6], "rotation": 180, "texture": "#1"}
			}
		},
		{
			"from": [7.75, 20.5, 5],
			"to": [8.25, 22, 5.5],
			"rotation": {"angle": 0, "axis": "y", "origin": [8, 25.25, 4.5]},
			"faces": {
				"north": {"uv": [2, 2, 2, 3.5], "texture": "#1"},
				"east": {"uv": [14, 9, 15, 10.5], "texture": "#1"},
				"south": {"uv": [2, 2, 2, 3.5], "texture": "#1"},
				"west": {"uv": [5, 9, 7, 12.5], "texture": "#1"},
				"up": {"uv": [2, 2, 2, 6], "rotation": 180, "texture": "#1"},
				"down": {"uv": [2, 2, 2, 6], "rotation": 180, "texture": "#1"}
			}
		},
		{
			"from": [7.75, 29.57322, 3.26256],
			"to": [8.25, 31.32322, 6.76256],
			"rotation": {"angle": -45, "axis": "x", "origin": [8, 30.32322, 5.76256]},
			"faces": {
				"north": {"uv": [2, 2, 2, 3.5], "texture": "#1"},
				"east": {"uv": [6, 2, 9, 3.5], "texture": "#1"},
				"south": {"uv": [2, 2, 2, 3.5], "texture": "#1"},
				"west": {"uv": [1, 5, 4, 6.5], "texture": "#1"},
				"up": {"uv": [2, 2, 2, 6], "texture": "#1"},
				"down": {"uv": [2, 2, 2, 6], "texture": "#1"}
			}
		},
		{
			"from": [7.75, 28.57322, 9.65165],
			"to": [8.25, 30.32322, 13.15165],
			"rotation": {"angle": 45, "axis": "x", "origin": [8, 30.32322, 11.65165]},
			"faces": {
				"north": {"uv": [2, 2, 2, 3.5], "texture": "#1"},
				"east": {"uv": [6, 2, 9, 3.5], "texture": "#1"},
				"south": {"uv": [2, 2, 2, 3.5], "texture": "#1"},
				"west": {"uv": [1, 5, 4, 6.5], "texture": "#1"},
				"up": {"uv": [2, 2, 2, 6], "texture": "#1"},
				"down": {"uv": [2, 2, 2, 6], "texture": "#1"}
			}
		},
		{
			"from": [6, 15, 7],
			"to": [7, 19, 9],
			"rotation": {"angle": 0, "axis": "y", "origin": [8, 14, 8]},
			"faces": {
				"north": {"uv": [0, 0, 1, 4], "texture": "#0"},
				"east": {"uv": [0, 0, 2, 4], "texture": "#0"},
				"south": {"uv": [0, 0, 1, 4], "texture": "#0"},
				"west": {"uv": [0, 0, 2, 4], "texture": "#0"},
				"up": {"uv": [0, 0, 2, 1], "rotation": 270, "texture": "#0"},
				"down": {"uv": [0, 0, 2, 1], "rotation": 90, "texture": "#0"}
			}
		},
		{
			"from": [7, -12, 7],
			"to": [9, 11, 9],
			"faces": {
				"north": {"uv": [0, 0, 2, 16], "texture": "#0"},
				"east": {"uv": [0, 0, 2, 16], "texture": "#0"},
				"south": {"uv": [0, 0, 2, 16], "texture": "#0"},
				"west": {"uv": [0, 0, 2, 16], "texture": "#0"},
				"up": {"uv": [0, 0, 2, 2], "texture": "#0"},
				"down": {"uv": [0, 0, 2, 2], "texture": "#0"}
			}
		},
		{
			"from": [7, 14, 7],
			"to": [9, 20, 9],
			"faces": {
				"north": {"uv": [0, 0, 2, 6], "texture": "#0"},
				"east": {"uv": [0, 0, 2, 6], "texture": "#0"},
				"south": {"uv": [0, 0, 2, 6], "texture": "#0"},
				"west": {"uv": [0, 0, 2, 6], "texture": "#0"},
				"up": {"uv": [0, 0, 2, 2], "texture": "#0"},
				"down": {"uv": [0, 0, 2, 2], "texture": "#0"}
			}
		},
		{
			"from": [6.75, 10.75, 6.75],
			"to": [7.25, 11.75, 7.25],
			"faces": {
				"north": {"uv": [0, 0, 0.5, 1], "texture": "#0"},
				"east": {"uv": [0, 0, 0.5, 1], "texture": "#0"},
				"south": {"uv": [0, 0, 0.5, 1], "texture": "#0"},
				"west": {"uv": [0, 0, 0.5, 1], "texture": "#0"},
				"up": {"uv": [0, 0, 0.5, 0.5], "texture": "#0"},
				"down": {"uv": [0, 0, 0.5, 0.5], "texture": "#0"}
			}
		},
		{
			"from": [8.75, 10.75, 6.75],
			"to": [9.25, 11.75, 7.25],
			"faces": {
				"north": {"uv": [0, 0, 0.5, 1], "texture": "#0"},
				"east": {"uv": [0, 0, 0.5, 1], "texture": "#0"},
				"south": {"uv": [0, 0, 0.5, 1], "texture": "#0"},
				"west": {"uv": [0, 0, 0.5, 1], "texture": "#0"},
				"up": {"uv": [0, 0, 0.5, 0.5], "texture": "#0"},
				"down": {"uv": [0, 0, 0.5, 0.5], "texture": "#0"}
			}
		},
		{
			"from": [8.75, 10.75, 8.75],
			"to": [9.25, 11.75, 9.25],
			"faces": {
				"north": {"uv": [0, 0, 0.5, 1], "texture": "#0"},
				"east": {"uv": [0, 0, 0.5, 1], "texture": "#0"},
				"south": {"uv": [0, 0, 0.5, 1], "texture": "#0"},
				"west": {"uv": [0, 0, 0.5, 1], "texture": "#0"},
				"up": {"uv": [0, 0, 0.5, 0.5], "texture": "#0"},
				"down": {"uv": [0, 0, 0.5, 0.5], "texture": "#0"}
			}
		},
		{
			"from": [6.75, 10.75, 8.75],
			"to": [7.25, 11.75, 9.25],
			"faces": {
				"north": {"uv": [0, 0, 0.5, 1], "texture": "#0"},
				"east": {"uv": [0, 0, 0.5, 1], "texture": "#0"},
				"south": {"uv": [0, 0, 0.5, 1], "texture": "#0"},
				"west": {"uv": [0, 0, 0.5, 1], "texture": "#0"},
				"up": {"uv": [0, 0, 0.5, 0.5], "texture": "#0"},
				"down": {"uv": [0, 0, 0.5, 0.5], "texture": "#0"}
			}
		},
		{
			"from": [6.5, 11.75, 6.5],
			"to": [7, 13.25, 7],
			"faces": {
				"north": {"uv": [0, 0, 0.5, 1.5], "texture": "#0"},
				"east": {"uv": [0, 0, 0.5, 1.5], "texture": "#0"},
				"south": {"uv": [0, 0, 0.5, 1.5], "texture": "#0"},
				"west": {"uv": [0, 0, 0.5, 1.5], "texture": "#0"},
				"up": {"uv": [0, 0, 0.5, 0.5], "texture": "#0"},
				"down": {"uv": [0, 0, 0.5, 0.5], "texture": "#0"}
			}
		},
		{
			"from": [6.5, 11.75, 9],
			"to": [7, 13.25, 9.5],
			"faces": {
				"north": {"uv": [0, 0, 0.5, 1.5], "texture": "#0"},
				"east": {"uv": [0, 0, 0.5, 1.5], "texture": "#0"},
				"south": {"uv": [0, 0, 0.5, 1.5], "texture": "#0"},
				"west": {"uv": [0, 0, 0.5, 1.5], "texture": "#0"},
				"up": {"uv": [0, 0, 0.5, 0.5], "texture": "#0"},
				"down": {"uv": [0, 0, 0.5, 0.5], "texture": "#0"}
			}
		},
		{
			"from": [9, 11.75, 9],
			"to": [9.5, 13.25, 9.5],
			"faces": {
				"north": {"uv": [0, 0, 0.5, 1.5], "texture": "#0"},
				"east": {"uv": [0, 0, 0.5, 1.5], "texture": "#0"},
				"south": {"uv": [0, 0, 0.5, 1.5], "texture": "#0"},
				"west": {"uv": [0, 0, 0.5, 1.5], "texture": "#0"},
				"up": {"uv": [0, 0, 0.5, 0.5], "texture": "#0"},
				"down": {"uv": [0, 0, 0.5, 0.5], "texture": "#0"}
			}
		},
		{
			"from": [9, 11.75, 6.5],
			"to": [9.5, 13.25, 7],
			"faces": {
				"north": {"uv": [0, 0, 0.5, 1.5], "texture": "#0"},
				"east": {"uv": [0, 0, 0.5, 1.5], "texture": "#0"},
				"south": {"uv": [0, 0, 0.5, 1.5], "texture": "#0"},
				"west": {"uv": [0, 0, 0.5, 1.5], "texture": "#0"},
				"up": {"uv": [0, 0, 0.5, 0.5], "texture": "#0"},
				"down": {"uv": [0, 0, 0.5, 0.5], "texture": "#0"}
			}
		},
		{
			"from": [8.75, 13.25, 8.75],
			"to": [9.25, 14.25, 9.25],
			"faces": {
				"north": {"uv": [0, 0, 0.5, 1], "texture": "#0"},
				"east": {"uv": [0, 0, 0.5, 1], "texture": "#0"},
				"south": {"uv": [0, 0, 0.5, 1], "texture": "#0"},
				"west": {"uv": [0, 0, 0.5, 1], "texture": "#0"},
				"up": {"uv": [0, 0, 0.5, 0.5], "texture": "#0"},
				"down": {"uv": [0, 0, 0.5, 0.5], "texture": "#0"}
			}
		},
		{
			"from": [8.75, 13.25, 6.75],
			"to": [9.25, 14.25, 7.25],
			"faces": {
				"north": {"uv": [0, 0, 0.5, 1], "texture": "#0"},
				"east": {"uv": [0, 0, 0.5, 1], "texture": "#0"},
				"south": {"uv": [0, 0, 0.5, 1], "texture": "#0"},
				"west": {"uv": [0, 0, 0.5, 1], "texture": "#0"},
				"up": {"uv": [0, 0, 0.5, 0.5], "texture": "#0"},
				"down": {"uv": [0, 0, 0.5, 0.5], "texture": "#0"}
			}
		},
		{
			"from": [6.75, 13.25, 6.75],
			"to": [7.25, 14.25, 7.25],
			"faces": {
				"north": {"uv": [0, 0, 0.5, 1], "texture": "#0"},
				"east": {"uv": [0, 0, 0.5, 1], "texture": "#0"},
				"south": {"uv": [0, 0, 0.5, 1], "texture": "#0"},
				"west": {"uv": [0, 0, 0.5, 1], "texture": "#0"},
				"up": {"uv": [0, 0, 0.5, 0.5], "texture": "#0"},
				"down": {"uv": [0, 0, 0.5, 0.5], "texture": "#0"}
			}
		},
		{
			"from": [6.75, 13.25, 8.75],
			"to": [7.25, 14.25, 9.25],
			"faces": {
				"north": {"uv": [0, 0, 0.5, 1], "texture": "#0"},
				"east": {"uv": [0, 0, 0.5, 1], "texture": "#0"},
				"south": {"uv": [0, 0, 0.5, 1], "texture": "#0"},
				"west": {"uv": [0, 0, 0.5, 1], "texture": "#0"},
				"up": {"uv": [0, 0, 0.5, 0.5], "texture": "#0"},
				"down": {"uv": [0, 0, 0.5, 0.5], "texture": "#0"}
			}
		},
		{
			"from": [7, 15, 6],
			"to": [9, 19, 7],
			"faces": {
				"north": {"uv": [0, 0, 2, 4], "texture": "#0"},
				"east": {"uv": [0, 0, 1, 4], "texture": "#0"},
				"south": {"uv": [0, 0, 2, 4], "texture": "#0"},
				"west": {"uv": [0, 0, 1, 4], "texture": "#0"},
				"up": {"uv": [0, 0, 2, 1], "texture": "#0"},
				"down": {"uv": [0, 0, 2, 1], "texture": "#0"}
			}
		},
		{
			"from": [7.5, 9.5, 9],
			"to": [8.5, 16, 10.25],
			"faces": {
				"north": {"uv": [0, 0, 2, 8.5], "texture": "#2"},
				"east": {"uv": [0, 0, 2, 8.5], "texture": "#2"},
				"south": {"uv": [0, 0, 2, 8.5], "texture": "#2"},
				"west": {"uv": [0, 0, 2, 8.5], "texture": "#2"},
				"up": {"uv": [0, 0, 1, 1], "texture": "#2"},
				"down": {"uv": [0, 0, 1, 1], "texture": "#2"}
			}
		},
		{
			"name": "flag",
			"from": [8, 7.5, 10.25],
			"to": [8, 18.5, 21.25],
			"faces": {
				"north": {"uv": [0, 0, 16, 16], "texture": "#6"},
				"east": {"uv": [16, 0, 0, 16], "texture": "#6"},
				"south": {"uv": [0, 0, 16, 16], "texture": "#6"},
				"west": {"uv": [0, 0, 16, 16], "texture": "#6"},
				"up": {"uv": [0, 0, 1, 1], "texture": "#6"},
				"down": {"uv": [0, 0, 1, 1], "texture": "#6"}
			}
		},
		{
			"from": [7, 15, 9],
			"to": [9, 19, 10],
			"faces": {
				"north": {"uv": [0, 0, 2, 4], "texture": "#0"},
				"east": {"uv": [0, 0, 1, 4], "texture": "#0"},
				"south": {"uv": [0, 0, 2, 4], "texture": "#0"},
				"west": {"uv": [0, 0, 1, 4], "texture": "#0"},
				"up": {"uv": [0, 0, 2, 1], "texture": "#0"},
				"down": {"uv": [0, 0, 2, 1], "texture": "#0"}
			}
		},
		{
			"from": [9, 15, 7],
			"to": [10, 19, 9],
			"rotation": {"angle": 0, "axis": "y", "origin": [8, 14, 8]},
			"faces": {
				"north": {"uv": [0, 0, 1, 4], "texture": "#0"},
				"east": {"uv": [0, 0, 2, 4], "texture": "#0"},
				"south": {"uv": [0, 0, 1, 4], "texture": "#0"},
				"west": {"uv": [0, 0, 2, 4], "texture": "#0"},
				"up": {"uv": [0, 0, 2, 1], "rotation": 270, "texture": "#0"},
				"down": {"uv": [0, 0, 2, 1], "rotation": 90, "texture": "#0"}
			}
		},
		{
			"from": [6, 12, 6],
			"to": [10, 12, 10],
			"faces": {
				"north": {"uv": [0, 0, 4, 0], "texture": "#3"},
				"east": {"uv": [0, 0, 4, 0], "texture": "#3"},
				"south": {"uv": [0, 0, 4, 0], "texture": "#3"},
				"west": {"uv": [0, 0, 4, 0], "texture": "#3"},
				"up": {"uv": [0, 0, 16, 16], "texture": "#3"},
				"down": {"uv": [0, 16, 16, 0], "texture": "#3"}
			}
		},
		{
			"from": [6, 13, 6],
			"to": [10, 13, 10],
			"faces": {
				"north": {"uv": [0, 0, 4, 0], "texture": "#3"},
				"east": {"uv": [0, 0, 4, 0], "texture": "#3"},
				"south": {"uv": [0, 0, 4, 0], "texture": "#3"},
				"west": {"uv": [0, 0, 4, 0], "texture": "#3"},
				"up": {"uv": [16, 16, 0, 0], "texture": "#3"},
				"down": {"uv": [16, 0, 0, 16], "texture": "#3"}
			}
		},
		{
			"from": [7.5, 12, 7.5],
			"to": [8.5, 13, 8.5],
			"faces": {
				"north": {"uv": [8, 8, 9, 9], "texture": "#4"},
				"east": {"uv": [8, 8, 9, 9], "texture": "#4"},
				"south": {"uv": [8, 8, 9, 9], "texture": "#4"},
				"west": {"uv": [8, 8, 9, 9], "texture": "#4"},
				"up": {"uv": [8, 8, 9, 9], "texture": "#4"},
				"down": {"uv": [8, 8, 9, 9], "texture": "#4"}
			}
		},
		{
			"from": [7.25, 23.5, 7.25],
			"to": [8.75, 25, 8.75],
			"faces": {
				"north": {"uv": [0, 0, 1.5, 1.5], "texture": "#5"},
				"east": {"uv": [0, 0, 1.5, 1.5], "texture": "#5"},
				"south": {"uv": [0, 0, 1.5, 1.5], "texture": "#5"},
				"west": {"uv": [0, 0, 1.5, 1.5], "texture": "#5"},
				"up": {"uv": [0, 0, 1.5, 1.5], "texture": "#5"},
				"down": {"uv": [0, 0, 1.5, 1.5], "texture": "#5"}
			}
		}
	],
	"display": {
		"thirdperson_righthand": {
			"translation": [0, 2, 1.5]
		},
		"thirdperson_lefthand": {
			"translation": [0, 2, 1.5]
		},
		"ground": {
			"translation": [0, 12, 0],
			"scale": [0.75, 0.75, 0.75]
		},
		"gui": {
			"rotation": [-90, -45, -90],
			"translation": [-0.5, -0.5, 0],
			"scale": [0.5, 0.5, 0.5]
		},
		"head": {
			"rotation": [-90, 25, 90],
			"translation": [0, -22, 7],
			"scale": [1.3, 1.3, 1.3]
		},
		"fixed": {
			"rotation": [-90, 45, 90]
		}
	},
	"groups": [
		{
			"name": "tip",
			"origin": [0, 0, 0],
			"color": 0,
			"children": [0, 1, 2, 3, 4, 5, 6, 7, 8, 9, 10, 11, 12, 13, 14, 15, 16, 17, 18, 19, 20, 21, 22, 23, 24, 25, 26, 27, 28, 29, 30]
		},
		{
			"name": "pole",
			"origin": [8, 14, 8],
			"color": 0,
			"children": [31, 32, 33, 34, 35, 36, 37, 38, 39, 40, 41, 42, 43, 44, 45, 46, 47, 48, 49, 50]
		},
		{
			"name": "spinny_things",
			"origin": [0, 0, 0],
			"color": 0,
			"children": [51, 52]
		},
		53,
		54
	]
}