{
	"credit": "Made with Blockbench",
	"textures": {
		"0": "wood",
		"1": "blade",
		"3": "spinny_thing",
		"4": "admin_core",
		"5": "core",
		"7": "blank_blade",
		"particle": "wood"
	},
	"elements": [
		{
			"from": [8, 21.29289, 4],
			"to": [8, 29.29289, 12],
			"rotation": {"angle": -45, "axis": "x", "origin": [8, 25.29289, 8]},
			"faces": {
				"north": {"uv": [0, 0, 16, 16], "texture": "#7"},
				"east": {"uv": [0, 0, 16, 16], "rotation": 90, "texture": "#7"},
				"south": {"uv": [0, 0, 16, 16], "texture": "#7"},
				"west": {"uv": [0, 0, 16, 16], "texture": "#7"},
				"up": {"uv": [0, 1, 16, 16], "texture": "#7"},
				"down": {"uv": [2, 0, 16, 16], "texture": "#7"}
			}
		},
		{
			"from": [7.5, 19.5, 6.5],
			"to": [8.5, 21, 9.5],
			"faces": {
				"north": {"uv": [4, 5, 5, 6.5], "texture": "#1"},
				"east": {"uv": [7, 3, 10, 4.5], "texture": "#1"},
				"south": {"uv": [4, 5, 5, 6.5], "texture": "#1"},
				"west": {"uv": [8, 9, 11, 10.5], "texture": "#1"},
				"up": {"uv": [7, 6, 8, 9], "texture": "#1"},
				"down": {"uv": [2, 7, 3, 10], "texture": "#1"}
			}
		},
		{
			"from": [6, 15, 7],
			"to": [7, 19, 9],
			"rotation": {"angle": 0, "axis": "y", "origin": [8, 14, 8]},
			"faces": {
				"north": {"uv": [0, 0, 1, 4], "texture": "#0"},
				"east": {"uv": [0, 0, 2, 4], "texture": "#0"},
				"south": {"uv": [0, 0, 1, 4], "texture": "#0"},
				"west": {"uv": [0, 0, 2, 4], "texture": "#0"},
				"up": {"uv": [0, 0, 2, 1], "rotation": 270, "texture": "#0"},
				"down": {"uv": [0, 0, 2, 1], "rotation": 90, "texture": "#0"}
			}
		},
		{
			"from": [7, -12, 7],
			"to": [9, 11, 9],
			"faces": {
				"north": {"uv": [0, 0, 2, 16], "texture": "#0"},
				"east": {"uv": [0, 0, 2, 16], "texture": "#0"},
				"south": {"uv": [0, 0, 2, 16], "texture": "#0"},
				"west": {"uv": [0, 0, 2, 16], "texture": "#0"},
				"up": {"uv": [0, 0, 2, 2], "texture": "#0"},
				"down": {"uv": [0, 0, 2, 2], "texture": "#0"}
			}
		},
		{
			"from": [7, 14, 7],
			"to": [9, 20, 9],
			"faces": {
				"north": {"uv": [0, 0, 2, 6], "texture": "#0"},
				"east": {"uv": [0, 0, 2, 6], "texture": "#0"},
				"south": {"uv": [0, 0, 2, 6], "texture": "#0"},
				"west": {"uv": [0, 0, 2, 6], "texture": "#0"},
				"up": {"uv": [0, 0, 2, 2], "texture": "#0"},
				"down": {"uv": [0, 0, 2, 2], "texture": "#0"}
			}
		},
		{
			"from": [6.75, 10.75, 6.75],
			"to": [7.25, 11.75, 7.25],
			"faces": {
				"north": {"uv": [0, 0, 0.5, 1], "texture": "#0"},
				"east": {"uv": [0, 0, 0.5, 1], "texture": "#0"},
				"south": {"uv": [0, 0, 0.5, 1], "texture": "#0"},
				"west": {"uv": [0, 0, 0.5, 1], "texture": "#0"},
				"up": {"uv": [0, 0, 0.5, 0.5], "texture": "#0"},
				"down": {"uv": [0, 0, 0.5, 0.5], "texture": "#0"}
			}
		},
		{
			"from": [8.75, 10.75, 6.75],
			"to": [9.25, 11.75, 7.25],
			"faces": {
				"north": {"uv": [0, 0, 0.5, 1], "texture": "#0"},
				"east": {"uv": [0, 0, 0.5, 1], "texture": "#0"},
				"south": {"uv": [0, 0, 0.5, 1], "texture": "#0"},
				"west": {"uv": [0, 0, 0.5, 1], "texture": "#0"},
				"up": {"uv": [0, 0, 0.5, 0.5], "texture": "#0"},
				"down": {"uv": [0, 0, 0.5, 0.5], "texture": "#0"}
			}
		},
		{
			"from": [8.75, 10.75, 8.75],
			"to": [9.25, 11.75, 9.25],
			"faces": {
				"north": {"uv": [0, 0, 0.5, 1], "texture": "#0"},
				"east": {"uv": [0, 0, 0.5, 1], "texture": "#0"},
				"south": {"uv": [0, 0, 0.5, 1], "texture": "#0"},
				"west": {"uv": [0, 0, 0.5, 1], "texture": "#0"},
				"up": {"uv": [0, 0, 0.5, 0.5], "texture": "#0"},
				"down": {"uv": [0, 0, 0.5, 0.5], "texture": "#0"}
			}
		},
		{
			"from": [6.75, 10.75, 8.75],
			"to": [7.25, 11.75, 9.25],
			"faces": {
				"north": {"uv": [0, 0, 0.5, 1], "texture": "#0"},
				"east": {"uv": [0, 0, 0.5, 1], "texture": "#0"},
				"south": {"uv": [0, 0, 0.5, 1], "texture": "#0"},
				"west": {"uv": [0, 0, 0.5, 1], "texture": "#0"},
				"up": {"uv": [0, 0, 0.5, 0.5], "texture": "#0"},
				"down": {"uv": [0, 0, 0.5, 0.5], "texture": "#0"}
			}
		},
		{
			"from": [6.5, 11.75, 6.5],
			"to": [7, 13.25, 7],
			"faces": {
				"north": {"uv": [0, 0, 0.5, 1.5], "texture": "#0"},
				"east": {"uv": [0, 0, 0.5, 1.5], "texture": "#0"},
				"south": {"uv": [0, 0, 0.5, 1.5], "texture": "#0"},
				"west": {"uv": [0, 0, 0.5, 1.5], "texture": "#0"},
				"up": {"uv": [0, 0, 0.5, 0.5], "texture": "#0"},
				"down": {"uv": [0, 0, 0.5, 0.5], "texture": "#0"}
			}
		},
		{
			"from": [6.5, 11.75, 9],
			"to": [7, 13.25, 9.5],
			"faces": {
				"north": {"uv": [0, 0, 0.5, 1.5], "texture": "#0"},
				"east": {"uv": [0, 0, 0.5, 1.5], "texture": "#0"},
				"south": {"uv": [0, 0, 0.5, 1.5], "texture": "#0"},
				"west": {"uv": [0, 0, 0.5, 1.5], "texture": "#0"},
				"up": {"uv": [0, 0, 0.5, 0.5], "texture": "#0"},
				"down": {"uv": [0, 0, 0.5, 0.5], "texture": "#0"}
			}
		},
		{
			"from": [9, 11.75, 9],
			"to": [9.5, 13.25, 9.5],
			"faces": {
				"north": {"uv": [0, 0, 0.5, 1.5], "texture": "#0"},
				"east": {"uv": [0, 0, 0.5, 1.5], "texture": "#0"},
				"south": {"uv": [0, 0, 0.5, 1.5], "texture": "#0"},
				"west": {"uv": [0, 0, 0.5, 1.5], "texture": "#0"},
				"up": {"uv": [0, 0, 0.5, 0.5], "texture": "#0"},
				"down": {"uv": [0, 0, 0.5, 0.5], "texture": "#0"}
			}
		},
		{
			"from": [9, 11.75, 6.5],
			"to": [9.5, 13.25, 7],
			"faces": {
				"north": {"uv": [0, 0, 0.5, 1.5], "texture": "#0"},
				"east": {"uv": [0, 0, 0.5, 1.5], "texture": "#0"},
				"south": {"uv": [0, 0, 0.5, 1.5], "texture": "#0"},
				"west": {"uv": [0, 0, 0.5, 1.5], "texture": "#0"},
				"up": {"uv": [0, 0, 0.5, 0.5], "texture": "#0"},
				"down": {"uv": [0, 0, 0.5, 0.5], "texture": "#0"}
			}
		},
		{
			"from": [8.75, 13.25, 8.75],
			"to": [9.25, 14.25, 9.25],
			"faces": {
				"north": {"uv": [0, 0, 0.5, 1], "texture": "#0"},
				"east": {"uv": [0, 0, 0.5, 1], "texture": "#0"},
				"south": {"uv": [0, 0, 0.5, 1], "texture": "#0"},
				"west": {"uv": [0, 0, 0.5, 1], "texture": "#0"},
				"up": {"uv": [0, 0, 0.5, 0.5], "texture": "#0"},
				"down": {"uv": [0, 0, 0.5, 0.5], "texture": "#0"}
			}
		},
		{
			"from": [8.75, 13.25, 6.75],
			"to": [9.25, 14.25, 7.25],
			"faces": {
				"north": {"uv": [0, 0, 0.5, 1], "texture": "#0"},
				"east": {"uv": [0, 0, 0.5, 1], "texture": "#0"},
				"south": {"uv": [0, 0, 0.5, 1], "texture": "#0"},
				"west": {"uv": [0, 0, 0.5, 1], "texture": "#0"},
				"up": {"uv": [0, 0, 0.5, 0.5], "texture": "#0"},
				"down": {"uv": [0, 0, 0.5, 0.5], "texture": "#0"}
			}
		},
		{
			"from": [6.75, 13.25, 6.75],
			"to": [7.25, 14.25, 7.25],
			"faces": {
				"north": {"uv": [0, 0, 0.5, 1], "texture": "#0"},
				"east": {"uv": [0, 0, 0.5, 1], "texture": "#0"},
				"south": {"uv": [0, 0, 0.5, 1], "texture": "#0"},
				"west": {"uv": [0, 0, 0.5, 1], "texture": "#0"},
				"up": {"uv": [0, 0, 0.5, 0.5], "texture": "#0"},
				"down": {"uv": [0, 0, 0.5, 0.5], "texture": "#0"}
			}
		},
		{
			"from": [6.75, 13.25, 8.75],
			"to": [7.25, 14.25, 9.25],
			"faces": {
				"north": {"uv": [0, 0, 0.5, 1], "texture": "#0"},
				"east": {"uv": [0, 0, 0.5, 1], "texture": "#0"},
				"south": {"uv": [0, 0, 0.5, 1], "texture": "#0"},
				"west": {"uv": [0, 0, 0.5, 1], "texture": "#0"},
				"up": {"uv": [0, 0, 0.5, 0.5], "texture": "#0"},
				"down": {"uv": [0, 0, 0.5, 0.5], "texture": "#0"}
			}
		},
		{
			"from": [7, 15, 6],
			"to": [9, 19, 7],
			"faces": {
				"north": {"uv": [0, 0, 2, 4], "texture": "#0"},
				"east": {"uv": [0, 0, 1, 4], "texture": "#0"},
				"south": {"uv": [0, 0, 2, 4], "texture": "#0"},
				"west": {"uv": [0, 0, 1, 4], "texture": "#0"},
				"up": {"uv": [0, 0, 2, 1], "texture": "#0"},
				"down": {"uv": [0, 0, 2, 1], "texture": "#0"}
			}
		},
		{
			"from": [7, 15, 9],
			"to": [9, 19, 10],
			"faces": {
				"north": {"uv": [0, 0, 2, 4], "texture": "#0"},
				"east": {"uv": [0, 0, 1, 4], "texture": "#0"},
				"south": {"uv": [0, 0, 2, 4], "texture": "#0"},
				"west": {"uv": [0, 0, 1, 4], "texture": "#0"},
				"up": {"uv": [0, 0, 2, 1], "texture": "#0"},
				"down": {"uv": [0, 0, 2, 1], "texture": "#0"}
			}
		},
		{
			"from": [9, 15, 7],
			"to": [10, 19, 9],
			"rotation": {"angle": 0, "axis": "y", "origin": [8, 14, 8]},
			"faces": {
				"north": {"uv": [0, 0, 1, 4], "texture": "#0"},
				"east": {"uv": [0, 0, 2, 4], "texture": "#0"},
				"south": {"uv": [0, 0, 1, 4], "texture": "#0"},
				"west": {"uv": [0, 0, 2, 4], "texture": "#0"},
				"up": {"uv": [0, 0, 2, 1], "rotation": 270, "texture": "#0"},
				"down": {"uv": [0, 0, 2, 1], "rotation": 90, "texture": "#0"}
			}
		},
		{
			"from": [6, 12, 6],
			"to": [10, 12, 10],
			"faces": {
				"north": {"uv": [0, 0, 4, 0], "texture": "#3"},
				"east": {"uv": [0, 0, 4, 0], "texture": "#3"},
				"south": {"uv": [0, 0, 4, 0], "texture": "#3"},
				"west": {"uv": [0, 0, 4, 0], "texture": "#3"},
				"up": {"uv": [0, 0, 16, 16], "texture": "#3"},
				"down": {"uv": [0, 16, 16, 0], "texture": "#3"}
			}
		},
		{
			"from": [6, 13, 6],
			"to": [10, 13, 10],
			"faces": {
				"north": {"uv": [0, 0, 4, 0], "texture": "#3"},
				"east": {"uv": [0, 0, 4, 0], "texture": "#3"},
				"south": {"uv": [0, 0, 4, 0], "texture": "#3"},
				"west": {"uv": [0, 0, 4, 0], "texture": "#3"},
				"up": {"uv": [16, 16, 0, 0], "texture": "#3"},
				"down": {"uv": [16, 0, 0, 16], "texture": "#3"}
			}
		},
		{
			"from": [7.5, 12, 7.5],
			"to": [8.5, 13, 8.5],
			"faces": {
				"north": {"uv": [8, 8, 9, 9], "texture": "#4"},
				"east": {"uv": [8, 8, 9, 9], "texture": "#4"},
				"south": {"uv": [8, 8, 9, 9], "texture": "#4"},
				"west": {"uv": [8, 8, 9, 9], "texture": "#4"},
				"up": {"uv": [8, 8, 9, 9], "texture": "#4"},
				"down": {"uv": [8, 8, 9, 9], "texture": "#4"}
			}
		},
		{
			"from": [7.25, 20.25, 7.25],
			"to": [8.75, 21.75, 8.75],
			"faces": {
				"north": {"uv": [0, 0, 1.5, 1.5], "texture": "#5"},
				"east": {"uv": [0, 0, 1.5, 1.5], "texture": "#5"},
				"south": {"uv": [0, 0, 1.5, 1.5], "texture": "#5"},
				"west": {"uv": [0, 0, 1.5, 1.5], "texture": "#5"},
				"up": {"uv": [0, 0, 1.5, 1.5], "texture": "#5"},
				"down": {"uv": [0, 0, 1.5, 1.5], "texture": "#5"}
			}
		}
	],
	"display": {
		"thirdperson_righthand": {
			"translation": [0, 2, 1.5]
		},
		"thirdperson_lefthand": {
			"translation": [0, 2, 1.5]
		},
		"ground": {
			"translation": [0, 12, 0],
			"scale": [0.75, 0.75, 0.75]
		},
		"gui": {
			"rotation": [-90, -45, -90],
			"translation": [-0.5, -0.5, 0],
			"scale": [0.5, 0.5, 0.5]
		},
		"head": {
			"rotation": [-90, 25, 90],
			"translation": [0, -22, 7],
			"scale": [1.3, 1.3, 1.3]
		},
		"fixed": {
			"rotation": [-90, 45, 90]
		}
	},
	"groups": [
		{
			"name": "tip",
			"origin": [0, 0, 0],
			"color": 0,
			"children": [0, 1]
		},
		{
			"name": "pole",
			"origin": [8, 14, 8],
			"color": 0,
			"children": [2, 3, 4, 5, 6, 7, 8, 9, 10, 11, 12, 13, 14, 15, 16, 17, 18, 19]
		},
		{
			"name": "spinny_things",
			"origin": [0, 0, 0],
			"color": 0,
			"children": [20, 21]
		},
		22,
		23
	]
}