{
	"credit": "Made with Blockbench",
	"textures": {
		"0": "void_shard",
		"1": "admin_core",
		"particle": "void_shard"
	},
	"elements": [
		{
			"name": "position_reference",
			"from": [6, 2, 9],
			"to": [6, 2, 9],
			"rotation": {"angle": 0, "axis": "y", "origin": [0, 1, 0]},
			"color": 5,
			"faces": {
				"north": {"uv": [0, 0, 0, 0], "texture": "#missing"},
				"east": {"uv": [0, 0, 0, 0], "texture": "#missing"},
				"south": {"uv": [0, 0, 0, 0], "texture": "#missing"},
				"west": {"uv": [0, 0, 0, 0], "texture": "#missing"},
				"up": {"uv": [0, 0, 0, 0], "texture": "#missing"},
				"down": {"uv": [0, 0, 0, 0], "texture": "#missing"}
			}
		},
		{
			"name": "the_heart",
			"from": [8, 3, 7.25],
			"to": [8.5, 3.5, 7.75],
			"rotation": {"angle": 0, "axis": "y", "origin": [0, 1, 0]},
			"faces": {
				"north": {"uv": [0, 0, 0.5, 0.5], "texture": "#1"},
				"east": {"uv": [0, 0, 0.5, 0.5], "texture": "#1"},
				"south": {"uv": [0, 0, 0.5, 0.5], "texture": "#1"},
				"west": {"uv": [0, 0, 0.5, 0.5], "texture": "#1"},
				"up": {"uv": [0, 0, 0.5, 0.5], "texture": "#1"},
				"down": {"uv": [0, 0, 0.5, 0.5], "texture": "#1"}
			}
		},
		{
			"from": [9.25, 2, 6.25],
			"to": [9.5, 4.5, 6.5],
			"rotation": {"angle": 0, "axis": "z", "origin": [8, 4, 3.5]},
			"faces": {
				"north": {"uv": [8, 2, 12.5, 4.25], "rotation": 270, "texture": "#1"},
				"east": {"uv": [4, 4, 8.5, 6.25], "rotation": 90, "texture": "#1"},
				"south": {"uv": [9, 12, 13.5, 14.25], "rotation": 270, "texture": "#1"},
				"west": {"uv": [1, 10, 5.5, 12.25], "rotation": 270, "texture": "#1"},
				"up": {"uv": [2, 6, 4.25, 8.25], "texture": "#1"},
				"down": {"uv": [12, 3, 14.25, 5.25], "rotation": 180, "texture": "#1"}
			}
		},
		{
			"from": [7, 2, 6.5],
			"to": [7.25, 2.25, 8.5],
			"rotation": {"angle": 0, "axis": "z", "origin": [8, 4, 3.5]},
			"faces": {
				"north": {"uv": [8, 2, 10.25, 4.25], "rotation": 180, "texture": "#1"},
				"east": {"uv": [4, 4, 8, 6.25], "rotation": 180, "texture": "#1"},
				"south": {"uv": [9, 12, 11.25, 14.25], "rotation": 180, "texture": "#1"},
				"west": {"uv": [1, 10, 5, 12.25], "rotation": 180, "texture": "#1"},
				"up": {"uv": [2, 6, 6, 8.25], "rotation": 90, "texture": "#1"},
				"down": {"uv": [12, 3, 16, 5.25], "rotation": 270, "texture": "#1"}
			}
		},
		{
			"from": [7, 2, 6.25],
			"to": [7.25, 4.5, 6.5],
			"rotation": {"angle": 0, "axis": "z", "origin": [8, 4, 3.5]},
			"faces": {
				"north": {"uv": [8, 2, 12.5, 4.25], "rotation": 90, "texture": "#1"},
				"east": {"uv": [4, 4, 8.5, 6.25], "rotation": 270, "texture": "#1"},
				"south": {"uv": [9, 12, 13.5, 14.25], "rotation": 270, "texture": "#1"},
				"west": {"uv": [1, 10, 5.5, 12.25], "rotation": 270, "texture": "#1"},
				"up": {"uv": [2, 6, 4.25, 8.25], "rotation": 270, "texture": "#1"},
				"down": {"uv": [12, 3, 14.25, 5.25], "rotation": 270, "texture": "#1"}
			}
		},
		{
			"from": [7.25, 2, 6.25],
			"to": [9.25, 2.25, 6.5],
			"rotation": {"angle": 0, "axis": "z", "origin": [8, 4, 3.5]},
			"faces": {
				"north": {"uv": [8, 2, 12, 4.25], "rotation": 180, "texture": "#1"},
				"east": {"uv": [4, 4, 6.25, 6.25], "rotation": 90, "texture": "#1"},
				"south": {"uv": [9, 12, 13, 14.25], "texture": "#1"},
				"west": {"uv": [1, 10, 3.25, 12.25], "rotation": 270, "texture": "#1"},
				"up": {"uv": [2, 6, 6, 8.25], "texture": "#1"},
				"down": {"uv": [12, 3, 16, 5.25], "rotation": 180, "texture": "#1"}
			}
		},
		{
			"from": [9.25, 2, 6.5],
			"to": [9.5, 2.25, 8.5],
			"rotation": {"angle": 0, "axis": "z", "origin": [8, 4, 3.5]},
			"faces": {
				"north": {"uv": [8, 2, 10.25, 4.25], "rotation": 90, "texture": "#1"},
				"east": {"uv": [4, 4, 8, 6.25], "rotation": 180, "texture": "#1"},
				"south": {"uv": [9, 12, 11.25, 14.25], "rotation": 270, "texture": "#1"},
				"west": {"uv": [1, 10, 5, 12.25], "texture": "#1"},
				"up": {"uv": [2, 6, 6, 8.25], "rotation": 270, "texture": "#1"},
				"down": {"uv": [12, 3, 16, 5.25], "rotation": 270, "texture": "#1"}
			}
		},
		{
			"from": [7.25, 4.25, 6.25],
			"to": [9.25, 4.5, 6.5],
			"rotation": {"angle": 0, "axis": "z", "origin": [8, 4, 3.5]},
			"faces": {
				"north": {"uv": [8, 2, 12, 4.25], "rotation": 180, "texture": "#1"},
				"east": {"uv": [4, 4, 6.25, 6.25], "rotation": 180, "texture": "#1"},
				"south": {"uv": [9, 12, 13, 14.25], "rotation": 180, "texture": "#1"},
				"west": {"uv": [1, 10, 3.25, 12.25], "rotation": 180, "texture": "#1"},
				"up": {"uv": [2, 6, 6, 8.25], "texture": "#1"},
				"down": {"uv": [12, 3, 16, 5.25], "texture": "#1"}
			}
		},
		{
			"from": [9.25, 4.25, 6.5],
			"to": [9.5, 4.5, 8.5],
			"rotation": {"angle": 0, "axis": "z", "origin": [8, 4, 3.5]},
			"faces": {
				"north": {"uv": [8, 2, 10.25, 4.25], "rotation": 180, "texture": "#1"},
				"east": {"uv": [4, 4, 8, 6.25], "rotation": 180, "texture": "#1"},
				"south": {"uv": [9, 12, 11.25, 14.25], "rotation": 180, "texture": "#1"},
				"west": {"uv": [1, 10, 5, 12.25], "rotation": 180, "texture": "#1"},
				"up": {"uv": [2, 6, 6, 8.25], "rotation": 90, "texture": "#1"},
				"down": {"uv": [12, 3, 16, 5.25], "rotation": 270, "texture": "#1"}
			}
		},
		{
			"from": [9.25, 2, 8.5],
			"to": [9.5, 4.5, 8.75],
			"rotation": {"angle": 0, "axis": "z", "origin": [8, 4, 3.5]},
			"faces": {
				"north": {"uv": [8, 2, 12.5, 4.25], "rotation": 90, "texture": "#1"},
				"east": {"uv": [4, 4, 8.5, 6.25], "rotation": 270, "texture": "#1"},
				"south": {"uv": [9, 12, 13.5, 14.25], "rotation": 270, "texture": "#1"},
				"west": {"uv": [1, 10, 5.5, 12.25], "rotation": 270, "texture": "#1"},
				"up": {"uv": [2, 6, 4.25, 8.25], "rotation": 270, "texture": "#1"},
				"down": {"uv": [12, 3, 14.25, 5.25], "rotation": 270, "texture": "#1"}
			}
		},
		{
			"from": [7.25, 4.25, 8.5],
			"to": [9.25, 4.5, 8.75],
			"rotation": {"angle": 0, "axis": "z", "origin": [8, 4, 3.5]},
			"faces": {
				"north": {"uv": [8, 2, 12, 4.25], "rotation": 180, "texture": "#1"},
				"east": {"uv": [4, 4, 6.25, 6.25], "rotation": 90, "texture": "#1"},
				"south": {"uv": [9, 12, 13, 14.25], "texture": "#1"},
				"west": {"uv": [1, 10, 3.25, 12.25], "rotation": 270, "texture": "#1"},
				"up": {"uv": [2, 6, 6, 8.25], "texture": "#1"},
				"down": {"uv": [12, 3, 16, 5.25], "rotation": 180, "texture": "#1"}
			}
		},
		{
			"from": [7, 2, 8.5],
			"to": [7.25, 4.5, 8.75],
			"rotation": {"angle": 0, "axis": "z", "origin": [8, 4, 3.5]},
			"faces": {
				"north": {"uv": [8, 2, 12.5, 4.25], "rotation": 270, "texture": "#1"},
				"east": {"uv": [4, 4, 8.5, 6.25], "rotation": 90, "texture": "#1"},
				"south": {"uv": [9, 12, 13.5, 14.25], "rotation": 270, "texture": "#1"},
				"west": {"uv": [1, 10, 5.5, 12.25], "rotation": 270, "texture": "#1"},
				"up": {"uv": [2, 6, 4.25, 8.25], "texture": "#1"},
				"down": {"uv": [12, 3, 14.25, 5.25], "rotation": 180, "texture": "#1"}
			}
		},
		{
			"from": [7, 4.25, 6.5],
			"to": [7.25, 4.5, 8.5],
			"rotation": {"angle": 0, "axis": "z", "origin": [8, 4, 3.5]},
			"faces": {
				"north": {"uv": [8, 2, 10.25, 4.25], "rotation": 90, "texture": "#1"},
				"east": {"uv": [4, 4, 8, 6.25], "rotation": 180, "texture": "#1"},
				"south": {"uv": [9, 12, 11.25, 14.25], "rotation": 270, "texture": "#1"},
				"west": {"uv": [1, 10, 5, 12.25], "texture": "#1"},
				"up": {"uv": [2, 6, 6, 8.25], "rotation": 270, "texture": "#1"},
				"down": {"uv": [12, 3, 16, 5.25], "rotation": 270, "texture": "#1"}
			}
		},
		{
			"from": [7.25, 2, 8.5],
			"to": [9.25, 2.25, 8.75],
			"rotation": {"angle": 0, "axis": "z", "origin": [8, 4, 3.5]},
			"faces": {
				"north": {"uv": [8, 2, 12, 4.25], "rotation": 180, "texture": "#1"},
				"east": {"uv": [4, 4, 6.25, 6.25], "rotation": 180, "texture": "#1"},
				"south": {"uv": [9, 12, 13, 14.25], "rotation": 180, "texture": "#1"},
				"west": {"uv": [1, 10, 3.25, 12.25], "rotation": 180, "texture": "#1"},
				"up": {"uv": [2, 6, 6, 8.25], "texture": "#1"},
				"down": {"uv": [12, 3, 16, 5.25], "texture": "#1"}
			}
		},
		{
			"from": [7.5, 3.75, 7],
			"to": [7.75, 4, 8],
			"rotation": {"angle": 0, "axis": "y", "origin": [8, 4, 3.5]},
			"faces": {
				"north": {"uv": [11, 3, 11.75, 3.75], "texture": "#1"},
				"east": {"uv": [9, 2, 12, 2.75], "texture": "#1"},
				"south": {"uv": [10, 8, 10.75, 8.75], "texture": "#1"},
				"west": {"uv": [12, 13, 15, 13.75], "texture": "#1"},
				"up": {"uv": [4, 6, 7, 6.75], "rotation": 270, "texture": "#1"},
				"down": {"uv": [2, 0, 5, 0.75], "rotation": 90, "texture": "#1"}
			}
		},
		{
			"from": [7.5, 2.75, 6.75],
			"to": [7.75, 3.75, 7],
			"rotation": {"angle": 0, "axis": "y", "origin": [8, 4, 3.5]},
			"faces": {
				"north": {"uv": [11, 3, 14, 3.75], "rotation": 90, "texture": "#1"},
				"east": {"uv": [9, 2, 12, 2.75], "rotation": 90, "texture": "#1"},
				"south": {"uv": [10, 8, 13, 8.75], "rotation": 90, "texture": "#1"},
				"west": {"uv": [12, 13, 15, 13.75], "rotation": 270, "texture": "#1"},
				"up": {"uv": [4, 6, 4.75, 6.75], "texture": "#1"},
				"down": {"uv": [2, 0, 2.75, 0.75], "rotation": 180, "texture": "#1"}
			}
		},
		{
			"from": [7.5, 2.5, 6.75],
			"to": [9, 2.75, 7],
			"rotation": {"angle": 0, "axis": "y", "origin": [8, 4, 3.5]},
			"faces": {
				"north": {"uv": [11, 3, 15.5, 3.75], "texture": "#1"},
				"east": {"uv": [9, 2, 9.75, 2.75], "texture": "#1"},
				"south": {"uv": [10, 8, 14.5, 8.75], "texture": "#1"},
				"west": {"uv": [12, 13, 12.75, 13.75], "texture": "#1"},
				"up": {"uv": [4, 6, 4.75, 10.5], "rotation": 270, "texture": "#1"},
				"down": {"uv": [2, 0, 2.75, 4.5], "rotation": 90, "texture": "#1"}
			}
		},
		{
			"from": [7.5, 2.5, 8],
			"to": [9, 2.75, 8.25],
			"rotation": {"angle": 0, "axis": "y", "origin": [8, 4, 3.5]},
			"faces": {
				"north": {"uv": [11, 3, 15.5, 3.75], "texture": "#1"},
				"east": {"uv": [9, 2, 9.75, 2.75], "texture": "#1"},
				"south": {"uv": [10, 8, 14.5, 8.75], "texture": "#1"},
				"west": {"uv": [12, 13, 12.75, 13.75], "texture": "#1"},
				"up": {"uv": [4, 6, 4.75, 10.5], "rotation": 270, "texture": "#1"},
				"down": {"uv": [2, 0, 2.75, 4.5], "rotation": 90, "texture": "#1"}
			}
		},
		{
			"from": [7.5, 2.75, 8],
			"to": [7.75, 3.75, 8.25],
			"rotation": {"angle": 0, "axis": "y", "origin": [8, 4, 3.5]},
			"faces": {
				"north": {"uv": [11, 3, 14, 3.75], "rotation": 90, "texture": "#1"},
				"east": {"uv": [9, 2, 12, 2.75], "rotation": 90, "texture": "#1"},
				"south": {"uv": [10, 8, 13, 8.75], "rotation": 90, "texture": "#1"},
				"west": {"uv": [12, 13, 15, 13.75], "rotation": 270, "texture": "#1"},
				"up": {"uv": [4, 6, 4.75, 6.75], "texture": "#1"},
				"down": {"uv": [2, 0, 2.75, 0.75], "rotation": 180, "texture": "#1"}
			}
		},
		{
			"from": [7.5, 2.5, 7],
			"to": [7.75, 2.75, 8],
			"rotation": {"angle": 0, "axis": "y", "origin": [8, 4, 3.5]},
			"faces": {
				"north": {"uv": [11, 3, 11.75, 3.75], "texture": "#1"},
				"east": {"uv": [9, 2, 12, 2.75], "texture": "#1"},
				"south": {"uv": [10, 8, 10.75, 8.75], "texture": "#1"},
				"west": {"uv": [12, 13, 15, 13.75], "texture": "#1"},
				"up": {"uv": [4, 6, 7, 6.75], "rotation": 270, "texture": "#1"},
				"down": {"uv": [2, 0, 5, 0.75], "rotation": 90, "texture": "#1"}
			}
		},
		{
			"from": [8.75, 2.75, 8],
			"to": [9, 3.75, 8.25],
			"rotation": {"angle": 0, "axis": "y", "origin": [8, 4, 3.5]},
			"faces": {
				"north": {"uv": [11, 3, 14, 3.75], "rotation": 90, "texture": "#1"},
				"east": {"uv": [9, 2, 12, 2.75], "rotation": 90, "texture": "#1"},
				"south": {"uv": [10, 8, 13, 8.75], "rotation": 90, "texture": "#1"},
				"west": {"uv": [12, 13, 15, 13.75], "rotation": 270, "texture": "#1"},
				"up": {"uv": [4, 6, 4.75, 6.75], "texture": "#1"},
				"down": {"uv": [2, 0, 2.75, 0.75], "rotation": 180, "texture": "#1"}
			}
		},
		{
			"from": [8.75, 2.5, 7],
			"to": [9, 2.75, 8],
			"rotation": {"angle": 0, "axis": "y", "origin": [8, 4, 3.5]},
			"faces": {
				"north": {"uv": [11, 3, 11.75, 3.75], "texture": "#1"},
				"east": {"uv": [9, 2, 12, 2.75], "texture": "#1"},
				"south": {"uv": [10, 8, 10.75, 8.75], "texture": "#1"},
				"west": {"uv": [12, 13, 15, 13.75], "texture": "#1"},
				"up": {"uv": [4, 6, 7, 6.75], "rotation": 270, "texture": "#1"},
				"down": {"uv": [2, 0, 5, 0.75], "rotation": 90, "texture": "#1"}
			}
		},
		{
			"from": [8.75, 3.75, 7],
			"to": [9, 4, 8],
			"rotation": {"angle": 0, "axis": "y", "origin": [8, 4, 3.5]},
			"faces": {
				"north": {"uv": [11, 3, 11.75, 3.75], "texture": "#1"},
				"east": {"uv": [9, 2, 12, 2.75], "texture": "#1"},
				"south": {"uv": [10, 8, 10.75, 8.75], "texture": "#1"},
				"west": {"uv": [12, 13, 15, 13.75], "texture": "#1"},
				"up": {"uv": [4, 6, 7, 6.75], "rotation": 270, "texture": "#1"},
				"down": {"uv": [2, 0, 5, 0.75], "rotation": 90, "texture": "#1"}
			}
		},
		{
			"from": [7.5, 3.75, 8],
			"to": [9, 4, 8.25],
			"rotation": {"angle": 0, "axis": "y", "origin": [8, 4, 3.5]},
			"faces": {
				"north": {"uv": [11, 3, 15.5, 3.75], "texture": "#1"},
				"east": {"uv": [9, 2, 9.75, 2.75], "texture": "#1"},
				"south": {"uv": [10, 8, 14.5, 8.75], "texture": "#1"},
				"west": {"uv": [12, 13, 12.75, 13.75], "texture": "#1"},
				"up": {"uv": [4, 6, 4.75, 10.5], "rotation": 270, "texture": "#1"},
				"down": {"uv": [2, 0, 2.75, 4.5], "rotation": 90, "texture": "#1"}
			}
		},
		{
			"from": [7.5, 3.75, 6.75],
			"to": [9, 4, 7],
			"rotation": {"angle": 0, "axis": "y", "origin": [8, 4, 3.5]},
			"faces": {
				"north": {"uv": [11, 3, 15.5, 3.75], "texture": "#1"},
				"east": {"uv": [9, 2, 9.75, 2.75], "texture": "#1"},
				"south": {"uv": [10, 8, 14.5, 8.75], "texture": "#1"},
				"west": {"uv": [12, 13, 12.75, 13.75], "texture": "#1"},
				"up": {"uv": [4, 6, 4.75, 10.5], "rotation": 270, "texture": "#1"},
				"down": {"uv": [2, 0, 2.75, 4.5], "rotation": 90, "texture": "#1"}
			}
		},
		{
			"from": [8.75, 2.75, 6.75],
			"to": [9, 3.75, 7],
			"rotation": {"angle": 0, "axis": "y", "origin": [8, 4, 3.5]},
			"faces": {
				"north": {"uv": [11, 3, 14, 3.75], "rotation": 90, "texture": "#1"},
				"east": {"uv": [9, 2, 12, 2.75], "rotation": 90, "texture": "#1"},
				"south": {"uv": [10, 8, 13, 8.75], "rotation": 90, "texture": "#1"},
				"west": {"uv": [12, 13, 15, 13.75], "rotation": 270, "texture": "#1"},
				"up": {"uv": [4, 6, 4.75, 6.75], "texture": "#1"},
				"down": {"uv": [2, 0, 2.75, 0.75], "rotation": 180, "texture": "#1"}
			}
		},
		{
			"from": [5.5, 1, 14],
			"to": [5.5, 2, 18],
			"rotation": {"angle": 0, "axis": "y", "origin": [0, 1, 0]},
			"faces": {
				"north": {"uv": [0, 0, 0, 1], "texture": "#0"},
				"east": {"uv": [0, 0, 4, 1], "texture": "#0"},
				"south": {"uv": [0, 0, 0, 1], "texture": "#0"},
				"west": {"uv": [0, 0, 4, 1], "texture": "#0"},
				"up": {"uv": [0, 0, 0, 4], "texture": "#0"},
				"down": {"uv": [0, 0, 0, 4], "texture": "#0"}
			}
		},
		{
			"from": [5.5, 2, 18],
			"to": [5.5, 3, 19],
			"rotation": {"angle": 0, "axis": "y", "origin": [0, 1, 0]},
			"faces": {
				"north": {"uv": [0, 0, 0, 1], "texture": "#0"},
				"east": {"uv": [0, 0, 1, 1], "texture": "#0"},
				"south": {"uv": [0, 0, 0, 1], "texture": "#0"},
				"west": {"uv": [0, 0, 1, 1], "texture": "#0"},
				"up": {"uv": [0, 0, 0, 1], "texture": "#0"},
				"down": {"uv": [0, 0, 0, 1], "texture": "#0"}
			}
		},
		{
			"from": [10.5, 1, 12],
			"to": [10.5, 2, 14],
			"rotation": {"angle": 0, "axis": "y", "origin": [0, 1, 0]},
			"faces": {
				"north": {"uv": [0, 0, 0, 1], "texture": "#0"},
				"east": {"uv": [0, 0, 2, 1], "texture": "#0"},
				"south": {"uv": [0, 0, 0, 1], "texture": "#0"},
				"west": {"uv": [0, 0, 2, 1], "texture": "#0"},
				"up": {"uv": [0, 0, 0, 2], "texture": "#0"},
				"down": {"uv": [0, 0, 0, 2], "texture": "#0"}
			}
		},
		{
			"from": [10.5, 2, 10],
			"to": [10.5, 4, 13],
			"rotation": {"angle": 0, "axis": "y", "origin": [0, 1, 0]},
			"faces": {
				"north": {"uv": [0, 0, 0, 2], "texture": "#0"},
				"east": {"uv": [0, 0, 3, 2], "texture": "#0"},
				"south": {"uv": [0, 0, 0, 2], "texture": "#0"},
				"west": {"uv": [0, 0, 3, 2], "texture": "#0"},
				"up": {"uv": [0, 0, 0, 3], "texture": "#0"},
				"down": {"uv": [0, 0, 0, 3], "texture": "#0"}
			}
		},
		{
			"from": [10.5, 3, 13],
			"to": [10.5, 4, 15],
			"rotation": {"angle": 0, "axis": "y", "origin": [0, 1, 0]},
			"faces": {
				"north": {"uv": [0, 0, 0, 1], "texture": "#0"},
				"east": {"uv": [0, 0, 2, 1], "texture": "#0"},
				"south": {"uv": [0, 0, 0, 1], "texture": "#0"},
				"west": {"uv": [0, 0, 2, 1], "texture": "#0"},
				"up": {"uv": [0, 0, 0, 2], "texture": "#0"},
				"down": {"uv": [0, 0, 0, 2], "texture": "#0"}
			}
		},
		{
			"from": [10.5, 4, 14],
			"to": [10.5, 5, 16],
			"rotation": {"angle": 0, "axis": "y", "origin": [0, 1, 0]},
			"faces": {
				"north": {"uv": [0, 0, 0, 1], "texture": "#0"},
				"east": {"uv": [0, 0, 2, 1], "texture": "#0"},
				"south": {"uv": [0, 0, 0, 1], "texture": "#0"},
				"west": {"uv": [0, 0, 2, 1], "texture": "#0"},
				"up": {"uv": [0, 0, 0, 2], "texture": "#0"},
				"down": {"uv": [0, 0, 0, 2], "texture": "#0"}
			}
		},
		{
			"from": [10.5, 3, 17],
			"to": [10.5, 4, 18],
			"rotation": {"angle": 0, "axis": "y", "origin": [0, 1, 0]},
			"faces": {
				"north": {"uv": [0, 0, 0, 1], "texture": "#0"},
				"east": {"uv": [0, 0, 1, 1], "texture": "#0"},
				"south": {"uv": [0, 0, 0, 1], "texture": "#0"},
				"west": {"uv": [0, 0, 1, 1], "texture": "#0"},
				"up": {"uv": [0, 0, 0, 1], "texture": "#0"},
				"down": {"uv": [0, 0, 0, 1], "texture": "#0"}
			}
		},
		{
			"from": [10.5, 2, 15],
			"to": [10.5, 3, 19],
			"rotation": {"angle": 0, "axis": "y", "origin": [0, 1, 0]},
			"faces": {
				"north": {"uv": [0, 0, 0, 1], "texture": "#0"},
				"east": {"uv": [0, 0, 4, 1], "texture": "#0"},
				"south": {"uv": [0, 0, 0, 1], "texture": "#0"},
				"west": {"uv": [0, 0, 4, 1], "texture": "#0"},
				"up": {"uv": [0, 0, 0, 4], "texture": "#0"},
				"down": {"uv": [0, 0, 0, 4], "texture": "#0"}
			}
		},
		{
			"from": [10.5, 4, 9],
			"to": [10.5, 5, 11],
			"rotation": {"angle": 0, "axis": "y", "origin": [0, 1, 0]},
			"faces": {
				"north": {"uv": [0, 0, 0, 1], "texture": "#0"},
				"east": {"uv": [0, 0, 2, 1], "texture": "#0"},
				"south": {"uv": [0, 0, 0, 1], "texture": "#0"},
				"west": {"uv": [0, 0, 2, 1], "texture": "#0"},
				"up": {"uv": [0, 0, 0, 2], "texture": "#0"},
				"down": {"uv": [0, 0, 0, 2], "texture": "#0"}
			}
		},
		{
			"from": [5.5, 4, 14],
			"to": [5.5, 5, 16],
			"rotation": {"angle": 0, "axis": "y", "origin": [0, 1, 0]},
			"faces": {
				"north": {"uv": [0, 0, 0, 1], "texture": "#0"},
				"east": {"uv": [0, 0, 2, 1], "texture": "#0"},
				"south": {"uv": [0, 0, 0, 1], "texture": "#0"},
				"west": {"uv": [0, 0, 2, 1], "texture": "#0"},
				"up": {"uv": [0, 0, 0, 2], "texture": "#0"},
				"down": {"uv": [0, 0, 0, 2], "texture": "#0"}
			}
		},
		{
			"from": [5.5, 3, 10],
			"to": [5.5, 4, 12],
			"rotation": {"angle": 0, "axis": "y", "origin": [0, 1, 0]},
			"faces": {
				"north": {"uv": [0, 0, 0, 1], "texture": "#0"},
				"east": {"uv": [0, 0, 2, 1], "texture": "#0"},
				"south": {"uv": [0, 0, 0, 1], "texture": "#0"},
				"west": {"uv": [0, 0, 2, 1], "texture": "#0"},
				"up": {"uv": [0, 0, 0, 2], "texture": "#0"},
				"down": {"uv": [0, 0, 0, 2], "texture": "#0"}
			}
		},
		{
			"from": [5.5, 2, 12],
			"to": [5.5, 4, 15],
			"rotation": {"angle": 0, "axis": "y", "origin": [0, 1, 0]},
			"faces": {
				"north": {"uv": [0, 0, 0, 2], "texture": "#0"},
				"east": {"uv": [0, 0, 3, 2], "texture": "#0"},
				"south": {"uv": [0, 0, 0, 2], "texture": "#0"},
				"west": {"uv": [0, 0, 3, 2], "texture": "#0"},
				"up": {"uv": [0, 0, 0, 3], "texture": "#0"},
				"down": {"uv": [0, 0, 0, 3], "texture": "#0"}
			}
		},
		{
			"from": [7, 5.5, 12],
			"to": [9, 5.5, 15],
			"rotation": {"angle": 0, "axis": "y", "origin": [0, 1, 0]},
			"faces": {
				"north": {"uv": [0, 0, 2, 0], "texture": "#0"},
				"east": {"uv": [0, 0, 3, 0], "texture": "#0"},
				"south": {"uv": [0, 0, 2, 0], "texture": "#0"},
				"west": {"uv": [0, 0, 3, 0], "texture": "#0"},
				"up": {"uv": [0, 0, 2, 3], "texture": "#0"},
				"down": {"uv": [0, 0, 2, 3], "texture": "#0"}
			}
		},
		{
			"from": [7, 0.5, 12],
			"to": [8, 0.5, 15],
			"rotation": {"angle": 0, "axis": "y", "origin": [0, 1, 0]},
			"faces": {
				"north": {"uv": [0, 0, 1, 0], "texture": "#0"},
				"east": {"uv": [0, 0, 3, 0], "texture": "#0"},
				"south": {"uv": [0, 0, 1, 0], "texture": "#0"},
				"west": {"uv": [0, 0, 3, 0], "texture": "#0"},
				"up": {"uv": [0, 0, 1, 3], "texture": "#0"},
				"down": {"uv": [0, 0, 1, 3], "texture": "#0"}
			}
		},
		{
			"from": [6, 0.5, 14],
			"to": [7, 0.5, 17],
			"rotation": {"angle": 0, "axis": "y", "origin": [0, 1, 0]},
			"faces": {
				"north": {"uv": [0, 0, 1, 0], "texture": "#0"},
				"east": {"uv": [0, 0, 3, 0], "texture": "#0"},
				"south": {"uv": [0, 0, 1, 0], "texture": "#0"},
				"west": {"uv": [0, 0, 3, 0], "texture": "#0"},
				"up": {"uv": [0, 0, 1, 3], "texture": "#0"},
				"down": {"uv": [0, 0, 1, 3], "texture": "#0"}
			}
		},
		{
			"from": [9, 0.5, 12],
			"to": [10, 0.5, 15],
			"rotation": {"angle": 0, "axis": "y", "origin": [0, 1, 0]},
			"faces": {
				"north": {"uv": [0, 0, 1, 0], "texture": "#0"},
				"east": {"uv": [0, 0, 3, 0], "texture": "#0"},
				"south": {"uv": [0, 0, 1, 0], "texture": "#0"},
				"west": {"uv": [0, 0, 3, 0], "texture": "#0"},
				"up": {"uv": [0, 0, 1, 3], "texture": "#0"},
				"down": {"uv": [0, 0, 1, 3], "texture": "#0"}
			}
		},
		{
			"from": [8, 0.5, 14],
			"to": [9, 0.5, 16],
			"rotation": {"angle": 0, "axis": "y", "origin": [0, 1, 0]},
			"faces": {
				"north": {"uv": [0, 0, 1, 0], "texture": "#0"},
				"east": {"uv": [0, 0, 2, 0], "texture": "#0"},
				"south": {"uv": [0, 0, 1, 0], "texture": "#0"},
				"west": {"uv": [0, 0, 2, 0], "texture": "#0"},
				"up": {"uv": [0, 0, 1, 2], "texture": "#0"},
				"down": {"uv": [0, 0, 1, 2], "texture": "#0"}
			}
		},
		{
			"from": [7, 0.5, 16],
			"to": [8, 0.5, 18],
			"rotation": {"angle": 0, "axis": "y", "origin": [0, 1, 0]},
			"faces": {
				"north": {"uv": [0, 0, 1, 0], "texture": "#0"},
				"east": {"uv": [0, 0, 2, 0], "texture": "#0"},
				"south": {"uv": [0, 0, 1, 0], "texture": "#0"},
				"west": {"uv": [0, 0, 2, 0], "texture": "#0"},
				"up": {"uv": [0, 0, 1, 2], "texture": "#0"},
				"down": {"uv": [0, 0, 1, 2], "texture": "#0"}
			}
		},
		{
			"from": [8, 0.5, 17],
			"to": [9, 0.5, 19],
			"rotation": {"angle": 0, "axis": "y", "origin": [0, 1, 0]},
			"faces": {
				"north": {"uv": [0, 0, 1, 0], "texture": "#0"},
				"east": {"uv": [0, 0, 2, 0], "texture": "#0"},
				"south": {"uv": [0, 0, 1, 0], "texture": "#0"},
				"west": {"uv": [0, 0, 2, 0], "texture": "#0"},
				"up": {"uv": [0, 0, 1, 2], "texture": "#0"},
				"down": {"uv": [0, 0, 1, 2], "texture": "#0"}
			}
		},
		{
			"from": [6, 5.5, 11],
			"to": [8, 5.5, 12],
			"rotation": {"angle": 0, "axis": "y", "origin": [0, 1, 0]},
			"faces": {
				"north": {"uv": [0, 0, 2, 0], "texture": "#0"},
				"east": {"uv": [0, 0, 1, 0], "texture": "#0"},
				"south": {"uv": [0, 0, 2, 0], "texture": "#0"},
				"west": {"uv": [0, 0, 1, 0], "texture": "#0"},
				"up": {"uv": [0, 0, 2, 1], "texture": "#0"},
				"down": {"uv": [0, 0, 2, 1], "texture": "#0"}
			}
		},
		{
			"from": [7, 5.5, 10],
			"to": [10, 5.5, 11],
			"rotation": {"angle": 0, "axis": "y", "origin": [0, 1, 0]},
			"faces": {
				"north": {"uv": [0, 0, 3, 0], "texture": "#0"},
				"east": {"uv": [0, 0, 1, 0], "texture": "#0"},
				"south": {"uv": [0, 0, 3, 0], "texture": "#0"},
				"west": {"uv": [0, 0, 1, 0], "texture": "#0"},
				"up": {"uv": [0, 0, 3, 1], "texture": "#0"},
				"down": {"uv": [0, 0, 3, 1], "texture": "#0"}
			}
		},
		{
			"from": [6, 5.5, 15],
			"to": [8, 5.5, 16],
			"rotation": {"angle": 0, "axis": "y", "origin": [0, 1, 0]},
			"faces": {
				"north": {"uv": [0, 0, 2, 0], "texture": "#0"},
				"east": {"uv": [0, 0, 1, 0], "texture": "#0"},
				"south": {"uv": [0, 0, 2, 0], "texture": "#0"},
				"west": {"uv": [0, 0, 1, 0], "texture": "#0"},
				"up": {"uv": [0, 0, 2, 1], "texture": "#0"},
				"down": {"uv": [0, 0, 2, 1], "texture": "#0"}
			}
		},
		{
			"from": [7, 5.5, 16],
			"to": [8, 5.5, 18],
			"rotation": {"angle": 0, "axis": "y", "origin": [0, 1, 0]},
			"faces": {
				"north": {"uv": [0, 0, 1, 0], "texture": "#0"},
				"east": {"uv": [0, 0, 2, 0], "texture": "#0"},
				"south": {"uv": [0, 0, 1, 0], "texture": "#0"},
				"west": {"uv": [0, 0, 2, 0], "texture": "#0"},
				"up": {"uv": [0, 0, 1, 2], "texture": "#0"},
				"down": {"uv": [0, 0, 1, 2], "texture": "#0"}
			}
		},
		{
			"from": [9, 5.5, 14],
			"to": [10, 5.5, 17],
			"rotation": {"angle": 0, "axis": "y", "origin": [0, 1, 0]},
			"faces": {
				"north": {"uv": [0, 0, 1, 0], "texture": "#0"},
				"east": {"uv": [0, 0, 3, 0], "texture": "#0"},
				"south": {"uv": [0, 0, 1, 0], "texture": "#0"},
				"west": {"uv": [0, 0, 3, 0], "texture": "#0"},
				"up": {"uv": [0, 0, 1, 3], "texture": "#0"},
				"down": {"uv": [0, 0, 1, 3], "texture": "#0"}
			}
		},
		{
			"from": [8, 5.5, 17],
			"to": [9, 5.5, 19],
			"rotation": {"angle": 0, "axis": "y", "origin": [0, 1, 0]},
			"faces": {
				"north": {"uv": [0, 0, 1, 0], "texture": "#0"},
				"east": {"uv": [0, 0, 2, 0], "texture": "#0"},
				"south": {"uv": [0, 0, 1, 0], "texture": "#0"},
				"west": {"uv": [0, 0, 2, 0], "texture": "#0"},
				"up": {"uv": [0, 0, 1, 2], "texture": "#0"},
				"down": {"uv": [0, 0, 1, 2], "texture": "#0"}
			}
		},
		{
			"from": [5.5, 1, 11],
			"to": [5.5, 2, 13],
			"rotation": {"angle": 0, "axis": "y", "origin": [0, 1, 0]},
			"faces": {
				"north": {"uv": [0, 0, 0, 1], "texture": "#0"},
				"east": {"uv": [0, 0, 2, 1], "texture": "#0"},
				"south": {"uv": [0, 0, 0, 1], "texture": "#0"},
				"west": {"uv": [0, 0, 2, 1], "texture": "#0"},
				"up": {"uv": [0, 0, 0, 2], "texture": "#0"},
				"down": {"uv": [0, 0, 0, 2], "texture": "#0"}
			}
		},
		{
			"from": [5.5, 3, 17],
			"to": [5.5, 4, 19],
			"rotation": {"angle": 0, "axis": "y", "origin": [0, 1, 0]},
			"faces": {
				"north": {"uv": [0, 0, 0, 1], "texture": "#0"},
				"east": {"uv": [0, 0, 2, 1], "texture": "#0"},
				"south": {"uv": [0, 0, 0, 1], "texture": "#0"},
				"west": {"uv": [0, 0, 2, 1], "texture": "#0"},
				"up": {"uv": [0, 0, 0, 2], "texture": "#0"},
				"down": {"uv": [0, 0, 0, 2], "texture": "#0"}
			}
		}
	],
	"display": {
		"thirdperson_righthand": {
			"rotation": [0, 0, 90],
			"translation": [-5, -2, -1.25]
		},
		"thirdperson_lefthand": {
			"rotation": [0, 0, 90],
			"translation": [-5, -2, -1.25]
		},
		"firstperson_righthand": {
			"translation": [0, 7, 0]
		},
		"firstperson_lefthand": {
			"translation": [0, 7, 0]
		},
		"gui": {
			"translation": [-0.75, 19, 0],
			"scale": [4, 4, 4]
		},
		"head": {
			"translation": [-0.25, 8.5, -7.75]
		},
		"fixed": {
			"translation": [-1.25, 19.25, -3],
			"scale": [4, 4, 4]
		}
	},
	"groups": [
		0,
		{
			"name": "nexus",
			"origin": [8, 8, 8],
			"color": 0,
			"children": [
				1,
				{
					"name": "core_frames",
					"origin": [8, 4, 3.5],
					"color": 0,
					"children": [
						{
							"name": "outer_frame",
							"origin": [8, 4, 3.5],
							"color": 0,
							"children": [2, 3, 4, 5, 6, 7, 8, 9, 10, 11, 12, 13]
						},
						{
							"name": "inner_frame",
							"origin": [8, 4, 3.5],
							"color": 0,
							"children": [14, 15, 16, 17, 18, 19, 20, 21, 22, 23, 24, 25]
						}
					]
				}
			]
		},
		{
			"name": "energy",
			"origin": [0, 1, 0],
			"color": 0,
			"children": [26, 27, 28, 29, 30, 31, 32, 33, 34, 35, 36, 37, 38, 39, 40, 41, 42, 43, 44, 45, 46, 47, 48, 49, 50, 51, 52]
		}
	]
}