{
    "parent":"item/handheld",
    "textures":{
        "layer0":"item/carrot_on_a_stick"
    },
    "overrides":[
        {"predicate":{"custom_model_data":1},"model":"item/staff"},
        {"predicate":{"custom_model_data":2},"model":"item/catalyst"},
        {"predicate":{"custom_model_data":3},"model":"item/pride_flag"},
        {"predicate":{"custom_model_data":4},"model":"item/enby_flag"},
        {"predicate":{"custom_model_data":5},"model":"item/healing_blossom"},
        {"predicate":{"custom_model_data":6},"model":"item/staff_of_stuff"},
        {"predicate":{"custom_model_data":7},"model":"item/mage_stick"},
        {"predicate":{"custom_model_data":8},"model":"item/trans_flag"},
        {"predicate":{"custom_model_data":9},"model":"item/bi_flag"},
        {"predicate":{"custom_model_data":10},"model":"item/blank_staff"},
        {"predicate":{"custom_model_data":11},"model":"item/lesbian_flag"},
        {"predicate":{"custom_model_data":12},"model":"item/gay_flag"},
        {"predicate":{"custom_model_data":999},"model":"item/camille_s_hand"}
    ]
}