{
	"credit": "Made with Blockbench",
	"textures": {
		"0": "soul_campfire_fire",
		"1": "white_wool",
		"3": "core",
		"particle": "soul_campfire_fire"
	},
	"elements": [
		{
			"from": [7.75, 8, 8.25],
			"to": [8.25, 8.5, 8.75],
			"faces": {
				"north": {"uv": [0, 0, 3.5, 3.83333], "texture": "#1"},
				"east": {"uv": [0, 0, 3.5, 3.83333], "texture": "#1"},
				"south": {"uv": [0, 0, 3.5, 3.83333], "texture": "#1"},
				"west": {"uv": [0, 0, 3.5, 3.83333], "texture": "#1"},
				"up": {"uv": [0, 0, 3.5, 3.83333], "texture": "#1"},
				"down": {"uv": [0, 0, 3.5, 3.83333], "texture": "#1"}
			}
		},
		{
			"from": [7, 7.75, 11],
			"to": [7.75, 8.25, 11.5],
			"faces": {
				"north": {"uv": [0, 0, 5.25, 3.83333], "texture": "#1"},
				"east": {"uv": [0, 0, 3.5, 3.83333], "texture": "#1"},
				"south": {"uv": [0, 0, 5.25, 3.83333], "texture": "#1"},
				"west": {"uv": [0, 0, 3.5, 3.83333], "texture": "#1"},
				"up": {"uv": [0, 0, 5.25, 3.83333], "texture": "#1"},
				"down": {"uv": [0, 0, 5.25, 3.83333], "texture": "#1"}
			}
		},
		{
			"from": [8.25, 7.75, 11],
			"to": [9, 8.25, 11.5],
			"faces": {
				"north": {"uv": [0, 0, 5.25, 3.83333], "texture": "#1"},
				"east": {"uv": [0, 0, 3.5, 3.83333], "texture": "#1"},
				"south": {"uv": [0, 0, 5.25, 3.83333], "texture": "#1"},
				"west": {"uv": [0, 0, 3.5, 3.83333], "texture": "#1"},
				"up": {"uv": [0, 0, 5.25, 3.83333], "texture": "#1"},
				"down": {"uv": [0, 0, 5.25, 3.83333], "texture": "#1"}
			}
		},
		{
			"from": [8.25, 7.75, 8.5],
			"to": [9, 8.25, 9],
			"faces": {
				"north": {"uv": [0, 0, 5.25, 3.83333], "texture": "#1"},
				"east": {"uv": [0, 0, 3.5, 3.83333], "texture": "#1"},
				"south": {"uv": [0, 0, 5.25, 3.83333], "texture": "#1"},
				"west": {"uv": [0, 0, 3.5, 3.83333], "texture": "#1"},
				"up": {"uv": [0, 0, 5.25, 3.83333], "texture": "#1"},
				"down": {"uv": [0, 0, 5.25, 3.83333], "texture": "#1"}
			}
		},
		{
			"from": [7, 7.75, 8.5],
			"to": [7.75, 8.25, 9],
			"faces": {
				"north": {"uv": [0, 0, 5.25, 3.83333], "texture": "#1"},
				"east": {"uv": [0, 0, 3.5, 3.83333], "texture": "#1"},
				"south": {"uv": [0, 0, 5.25, 3.83333], "texture": "#1"},
				"west": {"uv": [0, 0, 3.5, 3.83333], "texture": "#1"},
				"up": {"uv": [0, 0, 5.25, 3.83333], "texture": "#1"},
				"down": {"uv": [0, 0, 5.25, 3.83333], "texture": "#1"}
			}
		},
		{
			"from": [9, 8, 10.75],
			"to": [9.75, 8.5, 11.25],
			"faces": {
				"north": {"uv": [0, 0, 5.25, 3.83333], "texture": "#1"},
				"east": {"uv": [0, 0, 3.5, 3.83333], "texture": "#1"},
				"south": {"uv": [0, 0, 5.25, 3.83333], "texture": "#1"},
				"west": {"uv": [0, 0, 3.5, 3.83333], "texture": "#1"},
				"up": {"uv": [0, 0, 5.25, 3.83333], "texture": "#1"},
				"down": {"uv": [0, 0, 5.25, 3.83333], "texture": "#1"}
			}
		},
		{
			"from": [6.25, 8, 10.75],
			"to": [7, 8.5, 11.25],
			"faces": {
				"north": {"uv": [0, 0, 5.25, 3.83333], "texture": "#1"},
				"east": {"uv": [0, 0, 3.5, 3.83333], "texture": "#1"},
				"south": {"uv": [0, 0, 5.25, 3.83333], "texture": "#1"},
				"west": {"uv": [0, 0, 3.5, 3.83333], "texture": "#1"},
				"up": {"uv": [0, 0, 5.25, 3.83333], "texture": "#1"},
				"down": {"uv": [0, 0, 5.25, 3.83333], "texture": "#1"}
			}
		},
		{
			"from": [6.25, 8, 8.75],
			"to": [7, 8.5, 9.25],
			"faces": {
				"north": {"uv": [0, 0, 5.25, 3.83333], "texture": "#1"},
				"east": {"uv": [0, 0, 3.5, 3.83333], "texture": "#1"},
				"south": {"uv": [0, 0, 5.25, 3.83333], "texture": "#1"},
				"west": {"uv": [0, 0, 3.5, 3.83333], "texture": "#1"},
				"up": {"uv": [0, 0, 5.25, 3.83333], "texture": "#1"},
				"down": {"uv": [0, 0, 5.25, 3.83333], "texture": "#1"}
			}
		},
		{
			"from": [9, 8, 8.75],
			"to": [9.75, 8.5, 9.25],
			"faces": {
				"north": {"uv": [0, 0, 5.25, 3.83333], "texture": "#1"},
				"east": {"uv": [0, 0, 3.5, 3.83333], "texture": "#1"},
				"south": {"uv": [0, 0, 5.25, 3.83333], "texture": "#1"},
				"west": {"uv": [0, 0, 3.5, 3.83333], "texture": "#1"},
				"up": {"uv": [0, 0, 5.25, 3.83333], "texture": "#1"},
				"down": {"uv": [0, 0, 5.25, 3.83333], "texture": "#1"}
			}
		},
		{
			"from": [5.5, 4.25, 8.75],
			"to": [6, 5, 9.25],
			"rotation": {"angle": 0, "axis": "z", "origin": [8, 6, 11]},
			"faces": {
				"north": {"uv": [0, 0, 5.25, 3.83333], "rotation": 270, "texture": "#1"},
				"east": {"uv": [0, 0, 5.25, 3.83333], "rotation": 90, "texture": "#1"},
				"south": {"uv": [0, 0, 5.25, 3.83333], "rotation": 90, "texture": "#1"},
				"west": {"uv": [0, 0, 5.25, 3.83333], "rotation": 90, "texture": "#1"},
				"up": {"uv": [0, 0, 3.5, 3.83333], "rotation": 90, "texture": "#1"},
				"down": {"uv": [0, 0, 3.5, 3.83333], "rotation": 90, "texture": "#1"}
			}
		},
		{
			"from": [5.5, 7, 8.75],
			"to": [6, 7.75, 9.25],
			"rotation": {"angle": 0, "axis": "z", "origin": [8, 6, 11]},
			"faces": {
				"north": {"uv": [0, 0, 5.25, 3.83333], "rotation": 270, "texture": "#1"},
				"east": {"uv": [0, 0, 5.25, 3.83333], "rotation": 90, "texture": "#1"},
				"south": {"uv": [0, 0, 5.25, 3.83333], "rotation": 90, "texture": "#1"},
				"west": {"uv": [0, 0, 5.25, 3.83333], "rotation": 90, "texture": "#1"},
				"up": {"uv": [0, 0, 3.5, 3.83333], "rotation": 90, "texture": "#1"},
				"down": {"uv": [0, 0, 3.5, 3.83333], "rotation": 90, "texture": "#1"}
			}
		},
		{
			"from": [5.5, 7, 10.75],
			"to": [6, 7.75, 11.25],
			"rotation": {"angle": 0, "axis": "z", "origin": [8, 6, 11]},
			"faces": {
				"north": {"uv": [0, 0, 5.25, 3.83333], "rotation": 270, "texture": "#1"},
				"east": {"uv": [0, 0, 5.25, 3.83333], "rotation": 90, "texture": "#1"},
				"south": {"uv": [0, 0, 5.25, 3.83333], "rotation": 90, "texture": "#1"},
				"west": {"uv": [0, 0, 5.25, 3.83333], "rotation": 90, "texture": "#1"},
				"up": {"uv": [0, 0, 3.5, 3.83333], "rotation": 90, "texture": "#1"},
				"down": {"uv": [0, 0, 3.5, 3.83333], "rotation": 90, "texture": "#1"}
			}
		},
		{
			"from": [5.5, 4.25, 10.75],
			"to": [6, 5, 11.25],
			"rotation": {"angle": 0, "axis": "z", "origin": [8, 6, 11]},
			"faces": {
				"north": {"uv": [0, 0, 5.25, 3.83333], "rotation": 270, "texture": "#1"},
				"east": {"uv": [0, 0, 5.25, 3.83333], "rotation": 90, "texture": "#1"},
				"south": {"uv": [0, 0, 5.25, 3.83333], "rotation": 90, "texture": "#1"},
				"west": {"uv": [0, 0, 5.25, 3.83333], "rotation": 90, "texture": "#1"},
				"up": {"uv": [0, 0, 3.5, 3.83333], "rotation": 90, "texture": "#1"},
				"down": {"uv": [0, 0, 3.5, 3.83333], "rotation": 90, "texture": "#1"}
			}
		},
		{
			"from": [5.75, 6.25, 8.5],
			"to": [6.25, 7, 9],
			"rotation": {"angle": 0, "axis": "z", "origin": [8, 6, 11]},
			"faces": {
				"north": {"uv": [0, 0, 5.25, 3.83333], "rotation": 270, "texture": "#1"},
				"east": {"uv": [0, 0, 5.25, 3.83333], "rotation": 90, "texture": "#1"},
				"south": {"uv": [0, 0, 5.25, 3.83333], "rotation": 90, "texture": "#1"},
				"west": {"uv": [0, 0, 5.25, 3.83333], "rotation": 90, "texture": "#1"},
				"up": {"uv": [0, 0, 3.5, 3.83333], "rotation": 90, "texture": "#1"},
				"down": {"uv": [0, 0, 3.5, 3.83333], "rotation": 90, "texture": "#1"}
			}
		},
		{
			"from": [5.75, 5, 8.5],
			"to": [6.25, 5.75, 9],
			"rotation": {"angle": 0, "axis": "z", "origin": [8, 6, 11]},
			"faces": {
				"north": {"uv": [0, 0, 5.25, 3.83333], "rotation": 270, "texture": "#1"},
				"east": {"uv": [0, 0, 5.25, 3.83333], "rotation": 90, "texture": "#1"},
				"south": {"uv": [0, 0, 5.25, 3.83333], "rotation": 90, "texture": "#1"},
				"west": {"uv": [0, 0, 5.25, 3.83333], "rotation": 90, "texture": "#1"},
				"up": {"uv": [0, 0, 3.5, 3.83333], "rotation": 90, "texture": "#1"},
				"down": {"uv": [0, 0, 3.5, 3.83333], "rotation": 90, "texture": "#1"}
			}
		},
		{
			"from": [5.75, 5, 11],
			"to": [6.25, 5.75, 11.5],
			"rotation": {"angle": 0, "axis": "z", "origin": [8, 6, 11]},
			"faces": {
				"north": {"uv": [0, 0, 5.25, 3.83333], "rotation": 270, "texture": "#1"},
				"east": {"uv": [0, 0, 5.25, 3.83333], "rotation": 90, "texture": "#1"},
				"south": {"uv": [0, 0, 5.25, 3.83333], "rotation": 90, "texture": "#1"},
				"west": {"uv": [0, 0, 5.25, 3.83333], "rotation": 90, "texture": "#1"},
				"up": {"uv": [0, 0, 3.5, 3.83333], "rotation": 90, "texture": "#1"},
				"down": {"uv": [0, 0, 3.5, 3.83333], "rotation": 90, "texture": "#1"}
			}
		},
		{
			"from": [5.75, 6.25, 11],
			"to": [6.25, 7, 11.5],
			"rotation": {"angle": 0, "axis": "z", "origin": [8, 6, 11]},
			"faces": {
				"north": {"uv": [0, 0, 5.25, 3.83333], "rotation": 270, "texture": "#1"},
				"east": {"uv": [0, 0, 5.25, 3.83333], "rotation": 90, "texture": "#1"},
				"south": {"uv": [0, 0, 5.25, 3.83333], "rotation": 90, "texture": "#1"},
				"west": {"uv": [0, 0, 5.25, 3.83333], "rotation": 90, "texture": "#1"},
				"up": {"uv": [0, 0, 3.5, 3.83333], "rotation": 90, "texture": "#1"},
				"down": {"uv": [0, 0, 3.5, 3.83333], "rotation": 90, "texture": "#1"}
			}
		},
		{
			"from": [5.5, 5.75, 8.25],
			"to": [6, 6.25, 8.75],
			"rotation": {"angle": 0, "axis": "z", "origin": [8, 6, 11]},
			"faces": {
				"north": {"uv": [0, 0, 3.5, 3.83333], "rotation": 270, "texture": "#1"},
				"east": {"uv": [0, 0, 3.5, 3.83333], "rotation": 90, "texture": "#1"},
				"south": {"uv": [0, 0, 3.5, 3.83333], "rotation": 90, "texture": "#1"},
				"west": {"uv": [0, 0, 3.5, 3.83333], "rotation": 90, "texture": "#1"},
				"up": {"uv": [0, 0, 3.5, 3.83333], "rotation": 90, "texture": "#1"},
				"down": {"uv": [0, 0, 3.5, 3.83333], "rotation": 90, "texture": "#1"}
			}
		},
		{
			"from": [5.75, 7.75, 9.25],
			"to": [6.25, 8.25, 10.75],
			"faces": {
				"north": {"uv": [0, 0, 3.5, 3.83333], "texture": "#1"},
				"east": {"uv": [0, 0, 10.5, 3.83333], "texture": "#1"},
				"south": {"uv": [0, 0, 3.5, 3.83333], "texture": "#1"},
				"west": {"uv": [0, 0, 10.5, 3.83333], "texture": "#1"},
				"up": {"uv": [0, 0, 3.5, 11.5], "texture": "#1"},
				"down": {"uv": [0, 0, 3.5, 11.5], "texture": "#1"}
			}
		},
		{
			"from": [5.75, 3.75, 9.25],
			"to": [6.25, 4.25, 10.75],
			"faces": {
				"north": {"uv": [0, 0, 3.5, 3.83333], "texture": "#1"},
				"east": {"uv": [0, 0, 10.5, 3.83333], "texture": "#1"},
				"south": {"uv": [0, 0, 3.5, 3.83333], "texture": "#1"},
				"west": {"uv": [0, 0, 10.5, 3.83333], "texture": "#1"},
				"up": {"uv": [0, 0, 3.5, 11.5], "texture": "#1"},
				"down": {"uv": [0, 0, 3.5, 11.5], "texture": "#1"}
			}
		},
		{
			"from": [9.75, 7.75, 9.25],
			"to": [10.25, 8.25, 10.75],
			"faces": {
				"north": {"uv": [0, 0, 3.5, 3.83333], "texture": "#1"},
				"east": {"uv": [0, 0, 10.5, 3.83333], "texture": "#1"},
				"south": {"uv": [0, 0, 3.5, 3.83333], "texture": "#1"},
				"west": {"uv": [0, 0, 10.5, 3.83333], "texture": "#1"},
				"up": {"uv": [0, 0, 3.5, 11.5], "texture": "#1"},
				"down": {"uv": [0, 0, 3.5, 11.5], "texture": "#1"}
			}
		},
		{
			"from": [9.75, 3.75, 9.25],
			"to": [10.25, 4.25, 10.75],
			"rotation": {"angle": 0, "axis": "z", "origin": [7.875, 6.125, 11]},
			"faces": {
				"north": {"uv": [0, 0, 3.5, 3.83333], "rotation": 180, "texture": "#1"},
				"east": {"uv": [0, 0, 10.5, 3.83333], "rotation": 180, "texture": "#1"},
				"south": {"uv": [0, 0, 3.5, 3.83333], "rotation": 180, "texture": "#1"},
				"west": {"uv": [0, 0, 10.5, 3.83333], "rotation": 180, "texture": "#1"},
				"up": {"uv": [0, 0, 3.5, 11.5], "rotation": 180, "texture": "#1"},
				"down": {"uv": [0, 0, 3.5, 11.5], "rotation": 180, "texture": "#1"}
			}
		},
		{
			"from": [10, 5.75, 8.25],
			"to": [10.5, 6.25, 8.75],
			"rotation": {"angle": 0, "axis": "z", "origin": [7.875, 6.125, 11]},
			"faces": {
				"north": {"uv": [0, 0, 3.5, 3.83333], "rotation": 90, "texture": "#1"},
				"east": {"uv": [0, 0, 3.5, 3.83333], "rotation": 270, "texture": "#1"},
				"south": {"uv": [0, 0, 3.5, 3.83333], "rotation": 270, "texture": "#1"},
				"west": {"uv": [0, 0, 3.5, 3.83333], "rotation": 270, "texture": "#1"},
				"up": {"uv": [0, 0, 3.5, 3.83333], "rotation": 270, "texture": "#1"},
				"down": {"uv": [0, 0, 3.5, 3.83333], "rotation": 270, "texture": "#1"}
			}
		},
		{
			"from": [9.75, 5, 11],
			"to": [10.25, 5.75, 11.5],
			"rotation": {"angle": 0, "axis": "z", "origin": [7.875, 6.125, 11]},
			"faces": {
				"north": {"uv": [0, 0, 5.25, 3.83333], "rotation": 90, "texture": "#1"},
				"east": {"uv": [0, 0, 5.25, 3.83333], "rotation": 270, "texture": "#1"},
				"south": {"uv": [0, 0, 5.25, 3.83333], "rotation": 270, "texture": "#1"},
				"west": {"uv": [0, 0, 5.25, 3.83333], "rotation": 270, "texture": "#1"},
				"up": {"uv": [0, 0, 3.5, 3.83333], "rotation": 270, "texture": "#1"},
				"down": {"uv": [0, 0, 3.5, 3.83333], "rotation": 270, "texture": "#1"}
			}
		},
		{
			"from": [9.75, 6.25, 11],
			"to": [10.25, 7, 11.5],
			"rotation": {"angle": 0, "axis": "z", "origin": [7.875, 6.125, 11]},
			"faces": {
				"north": {"uv": [0, 0, 5.25, 3.83333], "rotation": 90, "texture": "#1"},
				"east": {"uv": [0, 0, 5.25, 3.83333], "rotation": 270, "texture": "#1"},
				"south": {"uv": [0, 0, 5.25, 3.83333], "rotation": 270, "texture": "#1"},
				"west": {"uv": [0, 0, 5.25, 3.83333], "rotation": 270, "texture": "#1"},
				"up": {"uv": [0, 0, 3.5, 3.83333], "rotation": 270, "texture": "#1"},
				"down": {"uv": [0, 0, 3.5, 3.83333], "rotation": 270, "texture": "#1"}
			}
		},
		{
			"from": [5.75, 6.25, 12.25],
			"to": [6.25, 7, 12.5],
			"rotation": {"angle": 0, "axis": "z", "origin": [8, 6, 11]},
			"faces": {
				"north": {"uv": [0, 0, 5.25, 3.83333], "rotation": 270, "texture": "#1"},
				"east": {"uv": [0, 0, 5.25, 3.83333], "rotation": 90, "texture": "#1"},
				"south": {"uv": [0, 0, 5.25, 3.83333], "rotation": 90, "texture": "#1"},
				"west": {"uv": [0, 0, 5.25, 3.83333], "rotation": 90, "texture": "#1"},
				"up": {"uv": [0, 0, 3.5, 3.83333], "rotation": 90, "texture": "#1"},
				"down": {"uv": [0, 0, 3.5, 3.83333], "rotation": 90, "texture": "#1"}
			}
		},
		{
			"from": [9.75, 6.25, 12.25],
			"to": [10.25, 7, 12.5],
			"rotation": {"angle": 0, "axis": "z", "origin": [7.875, 6.125, 11]},
			"faces": {
				"north": {"uv": [0, 0, 5.25, 3.83333], "rotation": 90, "texture": "#1"},
				"east": {"uv": [0, 0, 5.25, 3.83333], "rotation": 270, "texture": "#1"},
				"south": {"uv": [0, 0, 5.25, 3.83333], "rotation": 270, "texture": "#1"},
				"west": {"uv": [0, 0, 5.25, 3.83333], "rotation": 270, "texture": "#1"},
				"up": {"uv": [0, 0, 3.5, 3.83333], "rotation": 270, "texture": "#1"},
				"down": {"uv": [0, 0, 3.5, 3.83333], "rotation": 270, "texture": "#1"}
			}
		},
		{
			"from": [5.75, 5.75, 12],
			"to": [6.25, 6.25, 12.25],
			"rotation": {"angle": 0, "axis": "z", "origin": [8, 6, 11]},
			"faces": {
				"north": {"uv": [0, 0, 5.25, 3.83333], "rotation": 270, "texture": "#1"},
				"east": {"uv": [0, 0, 5.25, 3.83333], "rotation": 90, "texture": "#1"},
				"south": {"uv": [0, 0, 5.25, 3.83333], "rotation": 90, "texture": "#1"},
				"west": {"uv": [0, 0, 5.25, 3.83333], "rotation": 90, "texture": "#1"},
				"up": {"uv": [0, 0, 3.5, 3.83333], "rotation": 90, "texture": "#1"},
				"down": {"uv": [0, 0, 3.5, 3.83333], "rotation": 90, "texture": "#1"}
			}
		},
		{
			"from": [9.75, 5.75, 12],
			"to": [10.25, 6.25, 12.25],
			"rotation": {"angle": 0, "axis": "z", "origin": [7.875, 6.125, 11]},
			"faces": {
				"north": {"uv": [0, 0, 5.25, 3.83333], "rotation": 90, "texture": "#1"},
				"east": {"uv": [0, 0, 5.25, 3.83333], "rotation": 270, "texture": "#1"},
				"south": {"uv": [0, 0, 5.25, 3.83333], "rotation": 270, "texture": "#1"},
				"west": {"uv": [0, 0, 5.25, 3.83333], "rotation": 270, "texture": "#1"},
				"up": {"uv": [0, 0, 3.5, 3.83333], "rotation": 270, "texture": "#1"},
				"down": {"uv": [0, 0, 3.5, 3.83333], "rotation": 270, "texture": "#1"}
			}
		},
		{
			"from": [9.75, 5, 12.25],
			"to": [10.25, 5.75, 12.5],
			"rotation": {"angle": 0, "axis": "z", "origin": [7.875, 6.125, 11]},
			"faces": {
				"north": {"uv": [0, 0, 5.25, 3.83333], "rotation": 90, "texture": "#1"},
				"east": {"uv": [0, 0, 5.25, 3.83333], "rotation": 270, "texture": "#1"},
				"south": {"uv": [0, 0, 5.25, 3.83333], "rotation": 270, "texture": "#1"},
				"west": {"uv": [0, 0, 5.25, 3.83333], "rotation": 270, "texture": "#1"},
				"up": {"uv": [0, 0, 3.5, 3.83333], "rotation": 270, "texture": "#1"},
				"down": {"uv": [0, 0, 3.5, 3.83333], "rotation": 270, "texture": "#1"}
			}
		},
		{
			"from": [5.75, 5, 12.25],
			"to": [6.25, 5.75, 12.5],
			"rotation": {"angle": 0, "axis": "z", "origin": [8, 6, 11]},
			"faces": {
				"north": {"uv": [0, 0, 5.25, 3.83333], "rotation": 270, "texture": "#1"},
				"east": {"uv": [0, 0, 5.25, 3.83333], "rotation": 90, "texture": "#1"},
				"south": {"uv": [0, 0, 5.25, 3.83333], "rotation": 90, "texture": "#1"},
				"west": {"uv": [0, 0, 5.25, 3.83333], "rotation": 90, "texture": "#1"},
				"up": {"uv": [0, 0, 3.5, 3.83333], "rotation": 90, "texture": "#1"},
				"down": {"uv": [0, 0, 3.5, 3.83333], "rotation": 90, "texture": "#1"}
			}
		},
		{
			"from": [9.75, 7, 12.5],
			"to": [10.25, 7.5, 12.75],
			"rotation": {"angle": 0, "axis": "z", "origin": [7.875, 6.125, 11]},
			"faces": {
				"north": {"uv": [0, 0, 5.25, 3.83333], "rotation": 90, "texture": "#1"},
				"east": {"uv": [0, 0, 5.25, 3.83333], "rotation": 270, "texture": "#1"},
				"south": {"uv": [0, 0, 5.25, 3.83333], "rotation": 270, "texture": "#1"},
				"west": {"uv": [0, 0, 5.25, 3.83333], "rotation": 270, "texture": "#1"},
				"up": {"uv": [0, 0, 3.5, 3.83333], "rotation": 270, "texture": "#1"},
				"down": {"uv": [0, 0, 3.5, 3.83333], "rotation": 270, "texture": "#1"}
			}
		},
		{
			"from": [5.75, 4.5, 12.5],
			"to": [6.25, 5, 12.75],
			"rotation": {"angle": 0, "axis": "z", "origin": [8, 6, 11]},
			"faces": {
				"north": {"uv": [0, 0, 5.25, 3.83333], "rotation": 270, "texture": "#1"},
				"east": {"uv": [0, 0, 5.25, 3.83333], "rotation": 90, "texture": "#1"},
				"south": {"uv": [0, 0, 5.25, 3.83333], "rotation": 90, "texture": "#1"},
				"west": {"uv": [0, 0, 5.25, 3.83333], "rotation": 90, "texture": "#1"},
				"up": {"uv": [0, 0, 3.5, 3.83333], "rotation": 90, "texture": "#1"},
				"down": {"uv": [0, 0, 3.5, 3.83333], "rotation": 90, "texture": "#1"}
			}
		},
		{
			"from": [9.75, 4.5, 12.5],
			"to": [10.25, 5, 12.75],
			"rotation": {"angle": 0, "axis": "z", "origin": [7.875, 6.125, 11]},
			"faces": {
				"north": {"uv": [0, 0, 5.25, 3.83333], "rotation": 90, "texture": "#1"},
				"east": {"uv": [0, 0, 5.25, 3.83333], "rotation": 270, "texture": "#1"},
				"south": {"uv": [0, 0, 5.25, 3.83333], "rotation": 270, "texture": "#1"},
				"west": {"uv": [0, 0, 5.25, 3.83333], "rotation": 270, "texture": "#1"},
				"up": {"uv": [0, 0, 3.5, 3.83333], "rotation": 270, "texture": "#1"},
				"down": {"uv": [0, 0, 3.5, 3.83333], "rotation": 270, "texture": "#1"}
			}
		},
		{
			"from": [5.75, 7, 12.5],
			"to": [6.25, 7.5, 12.75],
			"rotation": {"angle": 0, "axis": "z", "origin": [8, 6, 11]},
			"faces": {
				"north": {"uv": [0, 0, 5.25, 3.83333], "rotation": 270, "texture": "#1"},
				"east": {"uv": [0, 0, 5.25, 3.83333], "rotation": 90, "texture": "#1"},
				"south": {"uv": [0, 0, 5.25, 3.83333], "rotation": 90, "texture": "#1"},
				"west": {"uv": [0, 0, 5.25, 3.83333], "rotation": 90, "texture": "#1"},
				"up": {"uv": [0, 0, 3.5, 3.83333], "rotation": 90, "texture": "#1"},
				"down": {"uv": [0, 0, 3.5, 3.83333], "rotation": 90, "texture": "#1"}
			}
		},
		{
			"from": [5.75, 7.5, 12.75],
			"to": [6.25, 7.75, 13],
			"rotation": {"angle": 0, "axis": "z", "origin": [8, 6, 11]},
			"faces": {
				"north": {"uv": [0, 0, 5.25, 3.83333], "rotation": 270, "texture": "#1"},
				"east": {"uv": [0, 0, 5.25, 3.83333], "rotation": 90, "texture": "#1"},
				"south": {"uv": [0, 0, 5.25, 3.83333], "rotation": 90, "texture": "#1"},
				"west": {"uv": [0, 0, 5.25, 3.83333], "rotation": 90, "texture": "#1"},
				"up": {"uv": [0, 0, 3.5, 3.83333], "rotation": 90, "texture": "#1"},
				"down": {"uv": [0, 0, 3.5, 3.83333], "rotation": 90, "texture": "#1"}
			}
		},
		{
			"from": [9.75, 7.5, 12.75],
			"to": [10.25, 7.75, 13],
			"rotation": {"angle": 0, "axis": "z", "origin": [7.875, 6.125, 11]},
			"faces": {
				"north": {"uv": [0, 0, 5.25, 3.83333], "rotation": 90, "texture": "#1"},
				"east": {"uv": [0, 0, 5.25, 3.83333], "rotation": 270, "texture": "#1"},
				"south": {"uv": [0, 0, 5.25, 3.83333], "rotation": 270, "texture": "#1"},
				"west": {"uv": [0, 0, 5.25, 3.83333], "rotation": 270, "texture": "#1"},
				"up": {"uv": [0, 0, 3.5, 3.83333], "rotation": 270, "texture": "#1"},
				"down": {"uv": [0, 0, 3.5, 3.83333], "rotation": 270, "texture": "#1"}
			}
		},
		{
			"from": [9.75, 7.75, 12.75],
			"to": [10.0625, 8.0625, 13],
			"rotation": {"angle": 0, "axis": "z", "origin": [7.875, 6.125, 11]},
			"faces": {
				"north": {"uv": [0, 0, 5.25, 3.83333], "rotation": 90, "texture": "#1"},
				"east": {"uv": [0, 0, 5.25, 3.83333], "rotation": 270, "texture": "#1"},
				"south": {"uv": [0, 0, 5.25, 3.83333], "rotation": 270, "texture": "#1"},
				"west": {"uv": [0, 0, 5.25, 3.83333], "rotation": 270, "texture": "#1"},
				"up": {"uv": [0, 0, 3.5, 3.83333], "rotation": 270, "texture": "#1"},
				"down": {"uv": [0, 0, 3.5, 3.83333], "rotation": 270, "texture": "#1"}
			}
		},
		{
			"from": [5.9375, 7.75, 12.75],
			"to": [6.25, 8.0625, 13],
			"rotation": {"angle": 0, "axis": "z", "origin": [7.875, 6.125, 11]},
			"faces": {
				"north": {"uv": [0, 0, 5.25, 3.83333], "rotation": 90, "texture": "#1"},
				"east": {"uv": [0, 0, 5.25, 3.83333], "rotation": 270, "texture": "#1"},
				"south": {"uv": [0, 0, 5.25, 3.83333], "rotation": 270, "texture": "#1"},
				"west": {"uv": [0, 0, 5.25, 3.83333], "rotation": 270, "texture": "#1"},
				"up": {"uv": [0, 0, 3.5, 3.83333], "rotation": 270, "texture": "#1"},
				"down": {"uv": [0, 0, 3.5, 3.83333], "rotation": 270, "texture": "#1"}
			}
		},
		{
			"from": [5.9375, 3.9375, 12.75],
			"to": [6.25, 4.25, 13],
			"rotation": {"angle": 0, "axis": "z", "origin": [7.875, 6.125, 11]},
			"faces": {
				"north": {"uv": [0, 0, 5.25, 3.83333], "rotation": 90, "texture": "#1"},
				"east": {"uv": [0, 0, 5.25, 3.83333], "rotation": 270, "texture": "#1"},
				"south": {"uv": [0, 0, 5.25, 3.83333], "rotation": 270, "texture": "#1"},
				"west": {"uv": [0, 0, 5.25, 3.83333], "rotation": 270, "texture": "#1"},
				"up": {"uv": [0, 0, 3.5, 3.83333], "rotation": 270, "texture": "#1"},
				"down": {"uv": [0, 0, 3.5, 3.83333], "rotation": 270, "texture": "#1"}
			}
		},
		{
			"from": [9.75, 3.9375, 12.75],
			"to": [10.0625, 4.25, 13],
			"rotation": {"angle": 0, "axis": "z", "origin": [7.875, 6.125, 11]},
			"faces": {
				"north": {"uv": [0, 0, 5.25, 3.83333], "rotation": 90, "texture": "#1"},
				"east": {"uv": [0, 0, 5.25, 3.83333], "rotation": 270, "texture": "#1"},
				"south": {"uv": [0, 0, 5.25, 3.83333], "rotation": 270, "texture": "#1"},
				"west": {"uv": [0, 0, 5.25, 3.83333], "rotation": 270, "texture": "#1"},
				"up": {"uv": [0, 0, 3.5, 3.83333], "rotation": 270, "texture": "#1"},
				"down": {"uv": [0, 0, 3.5, 3.83333], "rotation": 270, "texture": "#1"}
			}
		},
		{
			"from": [5.75, 4.25, 12.75],
			"to": [6.25, 4.5, 13],
			"rotation": {"angle": 0, "axis": "z", "origin": [8, 6, 11]},
			"faces": {
				"north": {"uv": [0, 0, 5.25, 3.83333], "rotation": 270, "texture": "#1"},
				"east": {"uv": [0, 0, 5.25, 3.83333], "rotation": 90, "texture": "#1"},
				"south": {"uv": [0, 0, 5.25, 3.83333], "rotation": 90, "texture": "#1"},
				"west": {"uv": [0, 0, 5.25, 3.83333], "rotation": 90, "texture": "#1"},
				"up": {"uv": [0, 0, 3.5, 3.83333], "rotation": 90, "texture": "#1"},
				"down": {"uv": [0, 0, 3.5, 3.83333], "rotation": 90, "texture": "#1"}
			}
		},
		{
			"from": [9.75, 4.5, 13],
			"to": [10.25, 4.75, 13.75],
			"rotation": {"angle": 0, "axis": "z", "origin": [8, 6, 11]},
			"faces": {
				"north": {"uv": [0, 0, 5.25, 3.83333], "rotation": 270, "texture": "#1"},
				"east": {"uv": [0, 0, 5.25, 3.83333], "rotation": 90, "texture": "#1"},
				"south": {"uv": [0, 0, 5.25, 3.83333], "rotation": 90, "texture": "#1"},
				"west": {"uv": [0, 0, 5.25, 3.83333], "rotation": 90, "texture": "#1"},
				"up": {"uv": [0, 0, 3.5, 3.83333], "rotation": 90, "texture": "#1"},
				"down": {"uv": [0, 0, 3.5, 3.83333], "rotation": 90, "texture": "#1"}
			}
		},
		{
			"from": [9.75, 7.25, 13],
			"to": [10.25, 7.5, 13.75],
			"rotation": {"angle": 0, "axis": "z", "origin": [8, 6, 11]},
			"faces": {
				"north": {"uv": [0, 0, 5.25, 3.83333], "rotation": 270, "texture": "#1"},
				"east": {"uv": [0, 0, 5.25, 3.83333], "rotation": 90, "texture": "#1"},
				"south": {"uv": [0, 0, 5.25, 3.83333], "rotation": 90, "texture": "#1"},
				"west": {"uv": [0, 0, 5.25, 3.83333], "rotation": 90, "texture": "#1"},
				"up": {"uv": [0, 0, 3.5, 3.83333], "rotation": 90, "texture": "#1"},
				"down": {"uv": [0, 0, 3.5, 3.83333], "rotation": 90, "texture": "#1"}
			}
		},
		{
			"from": [9.75, 7, 13.75],
			"to": [10.25, 7.25, 14.5],
			"rotation": {"angle": 0, "axis": "z", "origin": [8, 6, 11]},
			"faces": {
				"north": {"uv": [0, 0, 5.25, 3.83333], "rotation": 270, "texture": "#1"},
				"east": {"uv": [0, 0, 5.25, 3.83333], "rotation": 90, "texture": "#1"},
				"south": {"uv": [0, 0, 5.25, 3.83333], "rotation": 90, "texture": "#1"},
				"west": {"uv": [0, 0, 5.25, 3.83333], "rotation": 90, "texture": "#1"},
				"up": {"uv": [0, 0, 3.5, 3.83333], "rotation": 90, "texture": "#1"},
				"down": {"uv": [0, 0, 3.5, 3.83333], "rotation": 90, "texture": "#1"}
			}
		},
		{
			"from": [9.75, 4.75, 13.75],
			"to": [10.25, 5, 14.5],
			"rotation": {"angle": 0, "axis": "z", "origin": [8, 6, 11]},
			"faces": {
				"north": {"uv": [0, 0, 5.25, 3.83333], "rotation": 270, "texture": "#1"},
				"east": {"uv": [0, 0, 5.25, 3.83333], "rotation": 90, "texture": "#1"},
				"south": {"uv": [0, 0, 5.25, 3.83333], "rotation": 90, "texture": "#1"},
				"west": {"uv": [0, 0, 5.25, 3.83333], "rotation": 90, "texture": "#1"},
				"up": {"uv": [0, 0, 3.5, 3.83333], "rotation": 90, "texture": "#1"},
				"down": {"uv": [0, 0, 3.5, 3.83333], "rotation": 90, "texture": "#1"}
			}
		},
		{
			"from": [9.75, 6.75, 14.5],
			"to": [10.25, 7, 15.5],
			"rotation": {"angle": 0, "axis": "z", "origin": [8, 6, 11]},
			"faces": {
				"north": {"uv": [0, 0, 5.25, 3.83333], "rotation": 270, "texture": "#1"},
				"east": {"uv": [0, 0, 5.25, 3.83333], "rotation": 90, "texture": "#1"},
				"south": {"uv": [0, 0, 5.25, 3.83333], "rotation": 90, "texture": "#1"},
				"west": {"uv": [0, 0, 5.25, 3.83333], "rotation": 90, "texture": "#1"},
				"up": {"uv": [0, 0, 3.5, 3.83333], "rotation": 90, "texture": "#1"},
				"down": {"uv": [0, 0, 3.5, 3.83333], "rotation": 90, "texture": "#1"}
			}
		},
		{
			"from": [9.75, 5, 14.5],
			"to": [10.25, 5.25, 15.5],
			"rotation": {"angle": 0, "axis": "z", "origin": [8, 6, 11]},
			"faces": {
				"north": {"uv": [0, 0, 5.25, 3.83333], "rotation": 270, "texture": "#1"},
				"east": {"uv": [0, 0, 5.25, 3.83333], "rotation": 90, "texture": "#1"},
				"south": {"uv": [0, 0, 5.25, 3.83333], "rotation": 90, "texture": "#1"},
				"west": {"uv": [0, 0, 5.25, 3.83333], "rotation": 90, "texture": "#1"},
				"up": {"uv": [0, 0, 3.5, 3.83333], "rotation": 90, "texture": "#1"},
				"down": {"uv": [0, 0, 3.5, 3.83333], "rotation": 90, "texture": "#1"}
			}
		},
		{
			"from": [9.75, 6.5, 15.5],
			"to": [10.25, 6.75, 16],
			"rotation": {"angle": 0, "axis": "z", "origin": [8, 6, 11]},
			"faces": {
				"north": {"uv": [0, 0, 5.25, 3.83333], "rotation": 270, "texture": "#1"},
				"east": {"uv": [0, 0, 5.25, 3.83333], "rotation": 90, "texture": "#1"},
				"south": {"uv": [0, 0, 5.25, 3.83333], "rotation": 90, "texture": "#1"},
				"west": {"uv": [0, 0, 5.25, 3.83333], "rotation": 90, "texture": "#1"},
				"up": {"uv": [0, 0, 3.5, 3.83333], "rotation": 90, "texture": "#1"},
				"down": {"uv": [0, 0, 3.5, 3.83333], "rotation": 90, "texture": "#1"}
			}
		},
		{
			"from": [9.75, 5.25, 15.5],
			"to": [10.25, 5.5, 16],
			"rotation": {"angle": 0, "axis": "z", "origin": [8, 6, 11]},
			"faces": {
				"north": {"uv": [0, 0, 5.25, 3.83333], "rotation": 270, "texture": "#1"},
				"east": {"uv": [0, 0, 5.25, 3.83333], "rotation": 90, "texture": "#1"},
				"south": {"uv": [0, 0, 5.25, 3.83333], "rotation": 90, "texture": "#1"},
				"west": {"uv": [0, 0, 5.25, 3.83333], "rotation": 90, "texture": "#1"},
				"up": {"uv": [0, 0, 3.5, 3.83333], "rotation": 90, "texture": "#1"},
				"down": {"uv": [0, 0, 3.5, 3.83333], "rotation": 90, "texture": "#1"}
			}
		},
		{
			"from": [9.75, 5.5, 16],
			"to": [10.25, 5.75, 16.25],
			"rotation": {"angle": 0, "axis": "z", "origin": [8, 6, 11]},
			"faces": {
				"north": {"uv": [0, 0, 5.25, 3.83333], "rotation": 270, "texture": "#1"},
				"east": {"uv": [0, 0, 5.25, 3.83333], "rotation": 90, "texture": "#1"},
				"south": {"uv": [0, 0, 5.25, 3.83333], "rotation": 90, "texture": "#1"},
				"west": {"uv": [0, 0, 5.25, 3.83333], "rotation": 90, "texture": "#1"},
				"up": {"uv": [0, 0, 3.5, 3.83333], "rotation": 90, "texture": "#1"},
				"down": {"uv": [0, 0, 3.5, 3.83333], "rotation": 90, "texture": "#1"}
			}
		},
		{
			"from": [9.75, 6.25, 16],
			"to": [10.25, 6.5, 16.25],
			"rotation": {"angle": 0, "axis": "z", "origin": [8, 6, 11]},
			"faces": {
				"north": {"uv": [0, 0, 5.25, 3.83333], "rotation": 270, "texture": "#1"},
				"east": {"uv": [0, 0, 5.25, 3.83333], "rotation": 90, "texture": "#1"},
				"south": {"uv": [0, 0, 5.25, 3.83333], "rotation": 90, "texture": "#1"},
				"west": {"uv": [0, 0, 5.25, 3.83333], "rotation": 90, "texture": "#1"},
				"up": {"uv": [0, 0, 3.5, 3.83333], "rotation": 90, "texture": "#1"},
				"down": {"uv": [0, 0, 3.5, 3.83333], "rotation": 90, "texture": "#1"}
			}
		},
		{
			"from": [9.75, 5.75, 15.75],
			"to": [10.25, 6.25, 16],
			"rotation": {"angle": 0, "axis": "z", "origin": [8, 6, 11]},
			"faces": {
				"north": {"uv": [0, 0, 5.25, 3.83333], "rotation": 270, "texture": "#1"},
				"east": {"uv": [0, 0, 5.25, 3.83333], "rotation": 90, "texture": "#1"},
				"south": {"uv": [0, 0, 5.25, 3.83333], "rotation": 90, "texture": "#1"},
				"west": {"uv": [0, 0, 5.25, 3.83333], "rotation": 90, "texture": "#1"},
				"up": {"uv": [0, 0, 3.5, 3.83333], "rotation": 90, "texture": "#1"},
				"down": {"uv": [0, 0, 3.5, 3.83333], "rotation": 90, "texture": "#1"}
			}
		},
		{
			"from": [5.75, 4.5, 13],
			"to": [6.25, 4.75, 13.75],
			"rotation": {"angle": 0, "axis": "z", "origin": [8, 6, 11]},
			"faces": {
				"north": {"uv": [0, 0, 5.25, 3.83333], "rotation": 270, "texture": "#1"},
				"east": {"uv": [0, 0, 5.25, 3.83333], "rotation": 90, "texture": "#1"},
				"south": {"uv": [0, 0, 5.25, 3.83333], "rotation": 90, "texture": "#1"},
				"west": {"uv": [0, 0, 5.25, 3.83333], "rotation": 90, "texture": "#1"},
				"up": {"uv": [0, 0, 3.5, 3.83333], "rotation": 90, "texture": "#1"},
				"down": {"uv": [0, 0, 3.5, 3.83333], "rotation": 90, "texture": "#1"}
			}
		},
		{
			"from": [5.75, 7.25, 13],
			"to": [6.25, 7.5, 13.75],
			"rotation": {"angle": 0, "axis": "z", "origin": [8, 6, 11]},
			"faces": {
				"north": {"uv": [0, 0, 5.25, 3.83333], "rotation": 270, "texture": "#1"},
				"east": {"uv": [0, 0, 5.25, 3.83333], "rotation": 90, "texture": "#1"},
				"south": {"uv": [0, 0, 5.25, 3.83333], "rotation": 90, "texture": "#1"},
				"west": {"uv": [0, 0, 5.25, 3.83333], "rotation": 90, "texture": "#1"},
				"up": {"uv": [0, 0, 3.5, 3.83333], "rotation": 90, "texture": "#1"},
				"down": {"uv": [0, 0, 3.5, 3.83333], "rotation": 90, "texture": "#1"}
			}
		},
		{
			"from": [5.75, 4.75, 13.75],
			"to": [6.25, 5, 14.5],
			"rotation": {"angle": 0, "axis": "z", "origin": [8, 6, 11]},
			"faces": {
				"north": {"uv": [0, 0, 5.25, 3.83333], "rotation": 270, "texture": "#1"},
				"east": {"uv": [0, 0, 5.25, 3.83333], "rotation": 90, "texture": "#1"},
				"south": {"uv": [0, 0, 5.25, 3.83333], "rotation": 90, "texture": "#1"},
				"west": {"uv": [0, 0, 5.25, 3.83333], "rotation": 90, "texture": "#1"},
				"up": {"uv": [0, 0, 3.5, 3.83333], "rotation": 90, "texture": "#1"},
				"down": {"uv": [0, 0, 3.5, 3.83333], "rotation": 90, "texture": "#1"}
			}
		},
		{
			"from": [5.75, 7, 13.75],
			"to": [6.25, 7.25, 14.5],
			"rotation": {"angle": 0, "axis": "z", "origin": [8, 6, 11]},
			"faces": {
				"north": {"uv": [0, 0, 5.25, 3.83333], "rotation": 270, "texture": "#1"},
				"east": {"uv": [0, 0, 5.25, 3.83333], "rotation": 90, "texture": "#1"},
				"south": {"uv": [0, 0, 5.25, 3.83333], "rotation": 90, "texture": "#1"},
				"west": {"uv": [0, 0, 5.25, 3.83333], "rotation": 90, "texture": "#1"},
				"up": {"uv": [0, 0, 3.5, 3.83333], "rotation": 90, "texture": "#1"},
				"down": {"uv": [0, 0, 3.5, 3.83333], "rotation": 90, "texture": "#1"}
			}
		},
		{
			"from": [5.75, 5, 14.5],
			"to": [6.25, 5.25, 15.5],
			"rotation": {"angle": 0, "axis": "z", "origin": [8, 6, 11]},
			"faces": {
				"north": {"uv": [0, 0, 5.25, 3.83333], "rotation": 270, "texture": "#1"},
				"east": {"uv": [0, 0, 5.25, 3.83333], "rotation": 90, "texture": "#1"},
				"south": {"uv": [0, 0, 5.25, 3.83333], "rotation": 90, "texture": "#1"},
				"west": {"uv": [0, 0, 5.25, 3.83333], "rotation": 90, "texture": "#1"},
				"up": {"uv": [0, 0, 3.5, 3.83333], "rotation": 90, "texture": "#1"},
				"down": {"uv": [0, 0, 3.5, 3.83333], "rotation": 90, "texture": "#1"}
			}
		},
		{
			"from": [5.75, 6.75, 14.5],
			"to": [6.25, 7, 15.5],
			"rotation": {"angle": 0, "axis": "z", "origin": [8, 6, 11]},
			"faces": {
				"north": {"uv": [0, 0, 5.25, 3.83333], "rotation": 270, "texture": "#1"},
				"east": {"uv": [0, 0, 5.25, 3.83333], "rotation": 90, "texture": "#1"},
				"south": {"uv": [0, 0, 5.25, 3.83333], "rotation": 90, "texture": "#1"},
				"west": {"uv": [0, 0, 5.25, 3.83333], "rotation": 90, "texture": "#1"},
				"up": {"uv": [0, 0, 3.5, 3.83333], "rotation": 90, "texture": "#1"},
				"down": {"uv": [0, 0, 3.5, 3.83333], "rotation": 90, "texture": "#1"}
			}
		},
		{
			"from": [5.75, 5.25, 15.5],
			"to": [6.25, 5.5, 16],
			"rotation": {"angle": 0, "axis": "z", "origin": [8, 6, 11]},
			"faces": {
				"north": {"uv": [0, 0, 5.25, 3.83333], "rotation": 270, "texture": "#1"},
				"east": {"uv": [0, 0, 5.25, 3.83333], "rotation": 90, "texture": "#1"},
				"south": {"uv": [0, 0, 5.25, 3.83333], "rotation": 90, "texture": "#1"},
				"west": {"uv": [0, 0, 5.25, 3.83333], "rotation": 90, "texture": "#1"},
				"up": {"uv": [0, 0, 3.5, 3.83333], "rotation": 90, "texture": "#1"},
				"down": {"uv": [0, 0, 3.5, 3.83333], "rotation": 90, "texture": "#1"}
			}
		},
		{
			"from": [5.75, 6.5, 15.5],
			"to": [6.25, 6.75, 16],
			"rotation": {"angle": 0, "axis": "z", "origin": [8, 6, 11]},
			"faces": {
				"north": {"uv": [0, 0, 5.25, 3.83333], "rotation": 270, "texture": "#1"},
				"east": {"uv": [0, 0, 5.25, 3.83333], "rotation": 90, "texture": "#1"},
				"south": {"uv": [0, 0, 5.25, 3.83333], "rotation": 90, "texture": "#1"},
				"west": {"uv": [0, 0, 5.25, 3.83333], "rotation": 90, "texture": "#1"},
				"up": {"uv": [0, 0, 3.5, 3.83333], "rotation": 90, "texture": "#1"},
				"down": {"uv": [0, 0, 3.5, 3.83333], "rotation": 90, "texture": "#1"}
			}
		},
		{
			"from": [5.75, 5.5, 16],
			"to": [6.25, 5.75, 16.25],
			"rotation": {"angle": 0, "axis": "z", "origin": [8, 6, 11]},
			"faces": {
				"north": {"uv": [0, 0, 5.25, 3.83333], "rotation": 270, "texture": "#1"},
				"east": {"uv": [0, 0, 5.25, 3.83333], "rotation": 90, "texture": "#1"},
				"south": {"uv": [0, 0, 5.25, 3.83333], "rotation": 90, "texture": "#1"},
				"west": {"uv": [0, 0, 5.25, 3.83333], "rotation": 90, "texture": "#1"},
				"up": {"uv": [0, 0, 3.5, 3.83333], "rotation": 90, "texture": "#1"},
				"down": {"uv": [0, 0, 3.5, 3.83333], "rotation": 90, "texture": "#1"}
			}
		},
		{
			"from": [5.75, 6.25, 16],
			"to": [6.25, 6.5, 16.25],
			"rotation": {"angle": 0, "axis": "z", "origin": [8, 6, 11]},
			"faces": {
				"north": {"uv": [0, 0, 5.25, 3.83333], "rotation": 270, "texture": "#1"},
				"east": {"uv": [0, 0, 5.25, 3.83333], "rotation": 90, "texture": "#1"},
				"south": {"uv": [0, 0, 5.25, 3.83333], "rotation": 90, "texture": "#1"},
				"west": {"uv": [0, 0, 5.25, 3.83333], "rotation": 90, "texture": "#1"},
				"up": {"uv": [0, 0, 3.5, 3.83333], "rotation": 90, "texture": "#1"},
				"down": {"uv": [0, 0, 3.5, 3.83333], "rotation": 90, "texture": "#1"}
			}
		},
		{
			"from": [5.75, 5.75, 15.75],
			"to": [6.25, 6.25, 16],
			"rotation": {"angle": 0, "axis": "z", "origin": [8, 6, 11]},
			"faces": {
				"north": {"uv": [0, 0, 5.25, 3.83333], "rotation": 270, "texture": "#1"},
				"east": {"uv": [0, 0, 5.25, 3.83333], "rotation": 90, "texture": "#1"},
				"south": {"uv": [0, 0, 5.25, 3.83333], "rotation": 90, "texture": "#1"},
				"west": {"uv": [0, 0, 5.25, 3.83333], "rotation": 90, "texture": "#1"},
				"up": {"uv": [0, 0, 3.5, 3.83333], "rotation": 90, "texture": "#1"},
				"down": {"uv": [0, 0, 3.5, 3.83333], "rotation": 90, "texture": "#1"}
			}
		},
		{
			"from": [9.75, 4.25, 12.75],
			"to": [10.25, 4.5, 13],
			"rotation": {"angle": 0, "axis": "z", "origin": [7.875, 6.125, 11]},
			"faces": {
				"north": {"uv": [0, 0, 5.25, 3.83333], "rotation": 90, "texture": "#1"},
				"east": {"uv": [0, 0, 5.25, 3.83333], "rotation": 270, "texture": "#1"},
				"south": {"uv": [0, 0, 5.25, 3.83333], "rotation": 270, "texture": "#1"},
				"west": {"uv": [0, 0, 5.25, 3.83333], "rotation": 270, "texture": "#1"},
				"up": {"uv": [0, 0, 3.5, 3.83333], "rotation": 270, "texture": "#1"},
				"down": {"uv": [0, 0, 3.5, 3.83333], "rotation": 270, "texture": "#1"}
			}
		},
		{
			"from": [7, 7.75, 12.25],
			"to": [7.75, 8.25, 12.5],
			"rotation": {"angle": 0, "axis": "z", "origin": [8, 6, 14.125]},
			"faces": {
				"north": {"uv": [0, 0, 5.25, 3.83333], "rotation": 180, "texture": "#1"},
				"east": {"uv": [0, 0, 3.5, 3.83333], "rotation": 180, "texture": "#1"},
				"south": {"uv": [0, 0, 5.25, 3.83333], "rotation": 180, "texture": "#1"},
				"west": {"uv": [0, 0, 3.5, 3.83333], "rotation": 180, "texture": "#1"},
				"up": {"uv": [0, 0, 5.25, 3.83333], "rotation": 180, "texture": "#1"},
				"down": {"uv": [0, 0, 5.25, 3.83333], "rotation": 180, "texture": "#1"}
			}
		},
		{
			"from": [7, 3.75, 12.25],
			"to": [7.75, 4.25, 12.5],
			"rotation": {"angle": 0, "axis": "z", "origin": [8, 6, 14.125]},
			"faces": {
				"north": {"uv": [0, 0, 5.25, 3.83333], "texture": "#1"},
				"east": {"uv": [0, 0, 3.5, 3.83333], "texture": "#1"},
				"south": {"uv": [0, 0, 5.25, 3.83333], "texture": "#1"},
				"west": {"uv": [0, 0, 3.5, 3.83333], "texture": "#1"},
				"up": {"uv": [0, 0, 5.25, 3.83333], "texture": "#1"},
				"down": {"uv": [0, 0, 5.25, 3.83333], "texture": "#1"}
			}
		},
		{
			"from": [8.25, 3.75, 12.25],
			"to": [9, 4.25, 12.5],
			"rotation": {"angle": 0, "axis": "z", "origin": [8, 6, 14.125]},
			"faces": {
				"north": {"uv": [0, 0, 5.25, 3.83333], "texture": "#1"},
				"east": {"uv": [0, 0, 3.5, 3.83333], "texture": "#1"},
				"south": {"uv": [0, 0, 5.25, 3.83333], "texture": "#1"},
				"west": {"uv": [0, 0, 3.5, 3.83333], "texture": "#1"},
				"up": {"uv": [0, 0, 5.25, 3.83333], "texture": "#1"},
				"down": {"uv": [0, 0, 5.25, 3.83333], "texture": "#1"}
			}
		},
		{
			"from": [8.25, 7.75, 12.25],
			"to": [9, 8.25, 12.5],
			"rotation": {"angle": 0, "axis": "z", "origin": [8, 6, 14.125]},
			"faces": {
				"north": {"uv": [0, 0, 5.25, 3.83333], "rotation": 180, "texture": "#1"},
				"east": {"uv": [0, 0, 3.5, 3.83333], "rotation": 180, "texture": "#1"},
				"south": {"uv": [0, 0, 5.25, 3.83333], "rotation": 180, "texture": "#1"},
				"west": {"uv": [0, 0, 3.5, 3.83333], "rotation": 180, "texture": "#1"},
				"up": {"uv": [0, 0, 5.25, 3.83333], "rotation": 180, "texture": "#1"},
				"down": {"uv": [0, 0, 5.25, 3.83333], "rotation": 180, "texture": "#1"}
			}
		},
		{
			"from": [9, 7.75, 12.5],
			"to": [9.5, 8.25, 12.75],
			"rotation": {"angle": 0, "axis": "z", "origin": [8, 6, 14.125]},
			"faces": {
				"north": {"uv": [0, 0, 5.25, 3.83333], "rotation": 180, "texture": "#1"},
				"east": {"uv": [0, 0, 3.5, 3.83333], "rotation": 180, "texture": "#1"},
				"south": {"uv": [0, 0, 5.25, 3.83333], "rotation": 180, "texture": "#1"},
				"west": {"uv": [0, 0, 3.5, 3.83333], "rotation": 180, "texture": "#1"},
				"up": {"uv": [0, 0, 5.25, 3.83333], "rotation": 180, "texture": "#1"},
				"down": {"uv": [0, 0, 5.25, 3.83333], "rotation": 180, "texture": "#1"}
			}
		},
		{
			"from": [6.5, 3.75, 12.5],
			"to": [7, 4.25, 12.75],
			"rotation": {"angle": 0, "axis": "z", "origin": [8, 6, 14.125]},
			"faces": {
				"north": {"uv": [0, 0, 5.25, 3.83333], "texture": "#1"},
				"east": {"uv": [0, 0, 3.5, 3.83333], "texture": "#1"},
				"south": {"uv": [0, 0, 5.25, 3.83333], "texture": "#1"},
				"west": {"uv": [0, 0, 3.5, 3.83333], "texture": "#1"},
				"up": {"uv": [0, 0, 5.25, 3.83333], "texture": "#1"},
				"down": {"uv": [0, 0, 5.25, 3.83333], "texture": "#1"}
			}
		},
		{
			"from": [6.5, 7.75, 12.5],
			"to": [7, 8.25, 12.75],
			"rotation": {"angle": 0, "axis": "z", "origin": [8, 6, 14.125]},
			"faces": {
				"north": {"uv": [0, 0, 5.25, 3.83333], "rotation": 180, "texture": "#1"},
				"east": {"uv": [0, 0, 3.5, 3.83333], "rotation": 180, "texture": "#1"},
				"south": {"uv": [0, 0, 5.25, 3.83333], "rotation": 180, "texture": "#1"},
				"west": {"uv": [0, 0, 3.5, 3.83333], "rotation": 180, "texture": "#1"},
				"up": {"uv": [0, 0, 5.25, 3.83333], "rotation": 180, "texture": "#1"},
				"down": {"uv": [0, 0, 5.25, 3.83333], "rotation": 180, "texture": "#1"}
			}
		},
		{
			"from": [9, 3.75, 12.5],
			"to": [9.5, 4.25, 12.75],
			"rotation": {"angle": 0, "axis": "z", "origin": [8, 6, 14.125]},
			"faces": {
				"north": {"uv": [0, 0, 5.25, 3.83333], "texture": "#1"},
				"east": {"uv": [0, 0, 3.5, 3.83333], "texture": "#1"},
				"south": {"uv": [0, 0, 5.25, 3.83333], "texture": "#1"},
				"west": {"uv": [0, 0, 3.5, 3.83333], "texture": "#1"},
				"up": {"uv": [0, 0, 5.25, 3.83333], "texture": "#1"},
				"down": {"uv": [0, 0, 5.25, 3.83333], "texture": "#1"}
			}
		},
		{
			"from": [7.75, 3.75, 12],
			"to": [8.25, 4.25, 12.25],
			"rotation": {"angle": 0, "axis": "z", "origin": [8, 6, 14.125]},
			"faces": {
				"north": {"uv": [0, 0, 5.25, 3.83333], "texture": "#1"},
				"east": {"uv": [0, 0, 3.5, 3.83333], "texture": "#1"},
				"south": {"uv": [0, 0, 5.25, 3.83333], "texture": "#1"},
				"west": {"uv": [0, 0, 3.5, 3.83333], "texture": "#1"},
				"up": {"uv": [0, 0, 5.25, 3.83333], "texture": "#1"},
				"down": {"uv": [0, 0, 5.25, 3.83333], "texture": "#1"}
			}
		},
		{
			"from": [7.75, 7.75, 12],
			"to": [8.25, 8.25, 12.25],
			"rotation": {"angle": 0, "axis": "z", "origin": [8, 6, 14.125]},
			"faces": {
				"north": {"uv": [0, 0, 5.25, 3.83333], "rotation": 180, "texture": "#1"},
				"east": {"uv": [0, 0, 3.5, 3.83333], "rotation": 180, "texture": "#1"},
				"south": {"uv": [0, 0, 5.25, 3.83333], "rotation": 180, "texture": "#1"},
				"west": {"uv": [0, 0, 3.5, 3.83333], "rotation": 180, "texture": "#1"},
				"up": {"uv": [0, 0, 5.25, 3.83333], "rotation": 180, "texture": "#1"},
				"down": {"uv": [0, 0, 5.25, 3.83333], "rotation": 180, "texture": "#1"}
			}
		},
		{
			"from": [9.5, 3.75, 12.75],
			"to": [9.75, 4.25, 13],
			"rotation": {"angle": 0, "axis": "z", "origin": [8, 6, 14.125]},
			"faces": {
				"north": {"uv": [0, 0, 5.25, 3.83333], "texture": "#1"},
				"east": {"uv": [0, 0, 3.5, 3.83333], "texture": "#1"},
				"south": {"uv": [0, 0, 5.25, 3.83333], "texture": "#1"},
				"west": {"uv": [0, 0, 3.5, 3.83333], "texture": "#1"},
				"up": {"uv": [0, 0, 5.25, 3.83333], "texture": "#1"},
				"down": {"uv": [0, 0, 5.25, 3.83333], "texture": "#1"}
			}
		},
		{
			"from": [9.5, 7.75, 12.75],
			"to": [9.75, 8.25, 13],
			"rotation": {"angle": 0, "axis": "z", "origin": [8, 6, 14.125]},
			"faces": {
				"north": {"uv": [0, 0, 5.25, 3.83333], "rotation": 180, "texture": "#1"},
				"east": {"uv": [0, 0, 3.5, 3.83333], "rotation": 180, "texture": "#1"},
				"south": {"uv": [0, 0, 5.25, 3.83333], "rotation": 180, "texture": "#1"},
				"west": {"uv": [0, 0, 3.5, 3.83333], "rotation": 180, "texture": "#1"},
				"up": {"uv": [0, 0, 5.25, 3.83333], "rotation": 180, "texture": "#1"},
				"down": {"uv": [0, 0, 5.25, 3.83333], "rotation": 180, "texture": "#1"}
			}
		},
		{
			"from": [6.25, 3.75, 12.75],
			"to": [6.5, 4.25, 13],
			"rotation": {"angle": 0, "axis": "z", "origin": [8, 6, 14.125]},
			"faces": {
				"north": {"uv": [0, 0, 5.25, 3.83333], "texture": "#1"},
				"east": {"uv": [0, 0, 3.5, 3.83333], "texture": "#1"},
				"south": {"uv": [0, 0, 5.25, 3.83333], "texture": "#1"},
				"west": {"uv": [0, 0, 3.5, 3.83333], "texture": "#1"},
				"up": {"uv": [0, 0, 5.25, 3.83333], "texture": "#1"},
				"down": {"uv": [0, 0, 5.25, 3.83333], "texture": "#1"}
			}
		},
		{
			"from": [6.25, 7.75, 12.75],
			"to": [6.5, 8.25, 13],
			"rotation": {"angle": 0, "axis": "z", "origin": [8, 6, 14.125]},
			"faces": {
				"north": {"uv": [0, 0, 5.25, 3.83333], "rotation": 180, "texture": "#1"},
				"east": {"uv": [0, 0, 3.5, 3.83333], "rotation": 180, "texture": "#1"},
				"south": {"uv": [0, 0, 5.25, 3.83333], "rotation": 180, "texture": "#1"},
				"west": {"uv": [0, 0, 3.5, 3.83333], "rotation": 180, "texture": "#1"},
				"up": {"uv": [0, 0, 5.25, 3.83333], "rotation": 180, "texture": "#1"},
				"down": {"uv": [0, 0, 5.25, 3.83333], "rotation": 180, "texture": "#1"}
			}
		},
		{
			"from": [6.5, 3.75, 13],
			"to": [6.75, 4.25, 13.75],
			"rotation": {"angle": 0, "axis": "z", "origin": [8, 6, 14.125]},
			"faces": {
				"north": {"uv": [0, 0, 5.25, 3.83333], "rotation": 180, "texture": "#1"},
				"east": {"uv": [0, 0, 3.5, 3.83333], "rotation": 180, "texture": "#1"},
				"south": {"uv": [0, 0, 5.25, 3.83333], "rotation": 180, "texture": "#1"},
				"west": {"uv": [0, 0, 3.5, 3.83333], "rotation": 180, "texture": "#1"},
				"up": {"uv": [0, 0, 5.25, 3.83333], "rotation": 180, "texture": "#1"},
				"down": {"uv": [0, 0, 5.25, 3.83333], "rotation": 180, "texture": "#1"}
			}
		},
		{
			"from": [9.25, 3.75, 13],
			"to": [9.5, 4.25, 13.75],
			"rotation": {"angle": 0, "axis": "z", "origin": [8, 6, 14.125]},
			"faces": {
				"north": {"uv": [0, 0, 5.25, 3.83333], "rotation": 180, "texture": "#1"},
				"east": {"uv": [0, 0, 3.5, 3.83333], "rotation": 180, "texture": "#1"},
				"south": {"uv": [0, 0, 5.25, 3.83333], "rotation": 180, "texture": "#1"},
				"west": {"uv": [0, 0, 3.5, 3.83333], "rotation": 180, "texture": "#1"},
				"up": {"uv": [0, 0, 5.25, 3.83333], "rotation": 180, "texture": "#1"},
				"down": {"uv": [0, 0, 5.25, 3.83333], "rotation": 180, "texture": "#1"}
			}
		},
		{
			"from": [6.75, 3.75, 13.75],
			"to": [7, 4.25, 14.5],
			"rotation": {"angle": 0, "axis": "z", "origin": [8, 6, 14.125]},
			"faces": {
				"north": {"uv": [0, 0, 5.25, 3.83333], "rotation": 180, "texture": "#1"},
				"east": {"uv": [0, 0, 3.5, 3.83333], "rotation": 180, "texture": "#1"},
				"south": {"uv": [0, 0, 5.25, 3.83333], "rotation": 180, "texture": "#1"},
				"west": {"uv": [0, 0, 3.5, 3.83333], "rotation": 180, "texture": "#1"},
				"up": {"uv": [0, 0, 5.25, 3.83333], "rotation": 180, "texture": "#1"},
				"down": {"uv": [0, 0, 5.25, 3.83333], "rotation": 180, "texture": "#1"}
			}
		},
		{
			"from": [9, 3.75, 13.75],
			"to": [9.25, 4.25, 14.5],
			"rotation": {"angle": 0, "axis": "z", "origin": [8, 6, 14.125]},
			"faces": {
				"north": {"uv": [0, 0, 5.25, 3.83333], "rotation": 180, "texture": "#1"},
				"east": {"uv": [0, 0, 3.5, 3.83333], "rotation": 180, "texture": "#1"},
				"south": {"uv": [0, 0, 5.25, 3.83333], "rotation": 180, "texture": "#1"},
				"west": {"uv": [0, 0, 3.5, 3.83333], "rotation": 180, "texture": "#1"},
				"up": {"uv": [0, 0, 5.25, 3.83333], "rotation": 180, "texture": "#1"},
				"down": {"uv": [0, 0, 5.25, 3.83333], "rotation": 180, "texture": "#1"}
			}
		},
		{
			"from": [7, 3.75, 14.5],
			"to": [7.25, 4.25, 15.5],
			"rotation": {"angle": 0, "axis": "z", "origin": [8, 6, 14.125]},
			"faces": {
				"north": {"uv": [0, 0, 5.25, 3.83333], "rotation": 180, "texture": "#1"},
				"east": {"uv": [0, 0, 3.5, 3.83333], "rotation": 180, "texture": "#1"},
				"south": {"uv": [0, 0, 5.25, 3.83333], "rotation": 180, "texture": "#1"},
				"west": {"uv": [0, 0, 3.5, 3.83333], "rotation": 180, "texture": "#1"},
				"up": {"uv": [0, 0, 5.25, 3.83333], "rotation": 180, "texture": "#1"},
				"down": {"uv": [0, 0, 5.25, 3.83333], "rotation": 180, "texture": "#1"}
			}
		},
		{
			"from": [8.75, 3.75, 14.5],
			"to": [9, 4.25, 15.5],
			"rotation": {"angle": 0, "axis": "z", "origin": [8, 6, 14.125]},
			"faces": {
				"north": {"uv": [0, 0, 5.25, 3.83333], "rotation": 180, "texture": "#1"},
				"east": {"uv": [0, 0, 3.5, 3.83333], "rotation": 180, "texture": "#1"},
				"south": {"uv": [0, 0, 5.25, 3.83333], "rotation": 180, "texture": "#1"},
				"west": {"uv": [0, 0, 3.5, 3.83333], "rotation": 180, "texture": "#1"},
				"up": {"uv": [0, 0, 5.25, 3.83333], "rotation": 180, "texture": "#1"},
				"down": {"uv": [0, 0, 5.25, 3.83333], "rotation": 180, "texture": "#1"}
			}
		},
		{
			"from": [7.25, 3.75, 15.5],
			"to": [7.5, 4.25, 16],
			"rotation": {"angle": 0, "axis": "z", "origin": [8, 6, 14.125]},
			"faces": {
				"north": {"uv": [0, 0, 5.25, 3.83333], "rotation": 180, "texture": "#1"},
				"east": {"uv": [0, 0, 3.5, 3.83333], "rotation": 180, "texture": "#1"},
				"south": {"uv": [0, 0, 5.25, 3.83333], "rotation": 180, "texture": "#1"},
				"west": {"uv": [0, 0, 3.5, 3.83333], "rotation": 180, "texture": "#1"},
				"up": {"uv": [0, 0, 5.25, 3.83333], "rotation": 180, "texture": "#1"},
				"down": {"uv": [0, 0, 5.25, 3.83333], "rotation": 180, "texture": "#1"}
			}
		},
		{
			"from": [8.5, 3.75, 15.5],
			"to": [8.75, 4.25, 16],
			"rotation": {"angle": 0, "axis": "z", "origin": [8, 6, 14.125]},
			"faces": {
				"north": {"uv": [0, 0, 5.25, 3.83333], "rotation": 180, "texture": "#1"},
				"east": {"uv": [0, 0, 3.5, 3.83333], "rotation": 180, "texture": "#1"},
				"south": {"uv": [0, 0, 5.25, 3.83333], "rotation": 180, "texture": "#1"},
				"west": {"uv": [0, 0, 3.5, 3.83333], "rotation": 180, "texture": "#1"},
				"up": {"uv": [0, 0, 5.25, 3.83333], "rotation": 180, "texture": "#1"},
				"down": {"uv": [0, 0, 5.25, 3.83333], "rotation": 180, "texture": "#1"}
			}
		},
		{
			"from": [7.5, 3.75, 16],
			"to": [7.75, 4.25, 16.25],
			"rotation": {"angle": 0, "axis": "z", "origin": [8, 6, 14.125]},
			"faces": {
				"north": {"uv": [0, 0, 5.25, 3.83333], "rotation": 180, "texture": "#1"},
				"east": {"uv": [0, 0, 3.5, 3.83333], "rotation": 180, "texture": "#1"},
				"south": {"uv": [0, 0, 5.25, 3.83333], "rotation": 180, "texture": "#1"},
				"west": {"uv": [0, 0, 3.5, 3.83333], "rotation": 180, "texture": "#1"},
				"up": {"uv": [0, 0, 5.25, 3.83333], "rotation": 180, "texture": "#1"},
				"down": {"uv": [0, 0, 5.25, 3.83333], "rotation": 180, "texture": "#1"}
			}
		},
		{
			"from": [8.25, 3.75, 16],
			"to": [8.5, 4.25, 16.25],
			"rotation": {"angle": 0, "axis": "z", "origin": [8, 6, 14.125]},
			"faces": {
				"north": {"uv": [0, 0, 5.25, 3.83333], "rotation": 180, "texture": "#1"},
				"east": {"uv": [0, 0, 3.5, 3.83333], "rotation": 180, "texture": "#1"},
				"south": {"uv": [0, 0, 5.25, 3.83333], "rotation": 180, "texture": "#1"},
				"west": {"uv": [0, 0, 3.5, 3.83333], "rotation": 180, "texture": "#1"},
				"up": {"uv": [0, 0, 5.25, 3.83333], "rotation": 180, "texture": "#1"},
				"down": {"uv": [0, 0, 5.25, 3.83333], "rotation": 180, "texture": "#1"}
			}
		},
		{
			"from": [7.75, 3.75, 15.75],
			"to": [8.25, 4.25, 16],
			"rotation": {"angle": 0, "axis": "z", "origin": [8, 6, 14.125]},
			"faces": {
				"north": {"uv": [0, 0, 5.25, 3.83333], "rotation": 180, "texture": "#1"},
				"east": {"uv": [0, 0, 3.5, 3.83333], "rotation": 180, "texture": "#1"},
				"south": {"uv": [0, 0, 5.25, 3.83333], "rotation": 180, "texture": "#1"},
				"west": {"uv": [0, 0, 3.5, 3.83333], "rotation": 180, "texture": "#1"},
				"up": {"uv": [0, 0, 5.25, 3.83333], "rotation": 180, "texture": "#1"},
				"down": {"uv": [0, 0, 5.25, 3.83333], "rotation": 180, "texture": "#1"}
			}
		},
		{
			"from": [7.75, 7.75, 15.75],
			"to": [8.25, 8.25, 16],
			"rotation": {"angle": 0, "axis": "z", "origin": [8, 6, 14.125]},
			"faces": {
				"north": {"uv": [0, 0, 5.25, 3.83333], "rotation": 180, "texture": "#1"},
				"east": {"uv": [0, 0, 3.5, 3.83333], "rotation": 180, "texture": "#1"},
				"south": {"uv": [0, 0, 5.25, 3.83333], "rotation": 180, "texture": "#1"},
				"west": {"uv": [0, 0, 3.5, 3.83333], "rotation": 180, "texture": "#1"},
				"up": {"uv": [0, 0, 5.25, 3.83333], "rotation": 180, "texture": "#1"},
				"down": {"uv": [0, 0, 5.25, 3.83333], "rotation": 180, "texture": "#1"}
			}
		},
		{
			"from": [8.25, 7.75, 16],
			"to": [8.5, 8.25, 16.25],
			"rotation": {"angle": 0, "axis": "z", "origin": [8, 6, 14.125]},
			"faces": {
				"north": {"uv": [0, 0, 5.25, 3.83333], "rotation": 180, "texture": "#1"},
				"east": {"uv": [0, 0, 3.5, 3.83333], "rotation": 180, "texture": "#1"},
				"south": {"uv": [0, 0, 5.25, 3.83333], "rotation": 180, "texture": "#1"},
				"west": {"uv": [0, 0, 3.5, 3.83333], "rotation": 180, "texture": "#1"},
				"up": {"uv": [0, 0, 5.25, 3.83333], "rotation": 180, "texture": "#1"},
				"down": {"uv": [0, 0, 5.25, 3.83333], "rotation": 180, "texture": "#1"}
			}
		},
		{
			"from": [7.5, 7.75, 16],
			"to": [7.75, 8.25, 16.25],
			"rotation": {"angle": 0, "axis": "z", "origin": [8, 6, 14.125]},
			"faces": {
				"north": {"uv": [0, 0, 5.25, 3.83333], "rotation": 180, "texture": "#1"},
				"east": {"uv": [0, 0, 3.5, 3.83333], "rotation": 180, "texture": "#1"},
				"south": {"uv": [0, 0, 5.25, 3.83333], "rotation": 180, "texture": "#1"},
				"west": {"uv": [0, 0, 3.5, 3.83333], "rotation": 180, "texture": "#1"},
				"up": {"uv": [0, 0, 5.25, 3.83333], "rotation": 180, "texture": "#1"},
				"down": {"uv": [0, 0, 5.25, 3.83333], "rotation": 180, "texture": "#1"}
			}
		},
		{
			"from": [8.5, 7.75, 15.5],
			"to": [8.75, 8.25, 16],
			"rotation": {"angle": 0, "axis": "z", "origin": [8, 6, 14.125]},
			"faces": {
				"north": {"uv": [0, 0, 5.25, 3.83333], "rotation": 180, "texture": "#1"},
				"east": {"uv": [0, 0, 3.5, 3.83333], "rotation": 180, "texture": "#1"},
				"south": {"uv": [0, 0, 5.25, 3.83333], "rotation": 180, "texture": "#1"},
				"west": {"uv": [0, 0, 3.5, 3.83333], "rotation": 180, "texture": "#1"},
				"up": {"uv": [0, 0, 5.25, 3.83333], "rotation": 180, "texture": "#1"},
				"down": {"uv": [0, 0, 5.25, 3.83333], "rotation": 180, "texture": "#1"}
			}
		},
		{
			"from": [7.25, 7.75, 15.5],
			"to": [7.5, 8.25, 16],
			"rotation": {"angle": 0, "axis": "z", "origin": [8, 6, 14.125]},
			"faces": {
				"north": {"uv": [0, 0, 5.25, 3.83333], "rotation": 180, "texture": "#1"},
				"east": {"uv": [0, 0, 3.5, 3.83333], "rotation": 180, "texture": "#1"},
				"south": {"uv": [0, 0, 5.25, 3.83333], "rotation": 180, "texture": "#1"},
				"west": {"uv": [0, 0, 3.5, 3.83333], "rotation": 180, "texture": "#1"},
				"up": {"uv": [0, 0, 5.25, 3.83333], "rotation": 180, "texture": "#1"},
				"down": {"uv": [0, 0, 5.25, 3.83333], "rotation": 180, "texture": "#1"}
			}
		},
		{
			"from": [8.75, 7.75, 14.5],
			"to": [9, 8.25, 15.5],
			"rotation": {"angle": 0, "axis": "z", "origin": [8, 6, 14.125]},
			"faces": {
				"north": {"uv": [0, 0, 5.25, 3.83333], "rotation": 180, "texture": "#1"},
				"east": {"uv": [0, 0, 3.5, 3.83333], "rotation": 180, "texture": "#1"},
				"south": {"uv": [0, 0, 5.25, 3.83333], "rotation": 180, "texture": "#1"},
				"west": {"uv": [0, 0, 3.5, 3.83333], "rotation": 180, "texture": "#1"},
				"up": {"uv": [0, 0, 5.25, 3.83333], "rotation": 180, "texture": "#1"},
				"down": {"uv": [0, 0, 5.25, 3.83333], "rotation": 180, "texture": "#1"}
			}
		},
		{
			"from": [7, 7.75, 14.5],
			"to": [7.25, 8.25, 15.5],
			"rotation": {"angle": 0, "axis": "z", "origin": [8, 6, 14.125]},
			"faces": {
				"north": {"uv": [0, 0, 5.25, 3.83333], "rotation": 180, "texture": "#1"},
				"east": {"uv": [0, 0, 3.5, 3.83333], "rotation": 180, "texture": "#1"},
				"south": {"uv": [0, 0, 5.25, 3.83333], "rotation": 180, "texture": "#1"},
				"west": {"uv": [0, 0, 3.5, 3.83333], "rotation": 180, "texture": "#1"},
				"up": {"uv": [0, 0, 5.25, 3.83333], "rotation": 180, "texture": "#1"},
				"down": {"uv": [0, 0, 5.25, 3.83333], "rotation": 180, "texture": "#1"}
			}
		},
		{
			"from": [9, 7.75, 13.75],
			"to": [9.25, 8.25, 14.5],
			"rotation": {"angle": 0, "axis": "z", "origin": [8, 6, 14.125]},
			"faces": {
				"north": {"uv": [0, 0, 5.25, 3.83333], "rotation": 180, "texture": "#1"},
				"east": {"uv": [0, 0, 3.5, 3.83333], "rotation": 180, "texture": "#1"},
				"south": {"uv": [0, 0, 5.25, 3.83333], "rotation": 180, "texture": "#1"},
				"west": {"uv": [0, 0, 3.5, 3.83333], "rotation": 180, "texture": "#1"},
				"up": {"uv": [0, 0, 5.25, 3.83333], "rotation": 180, "texture": "#1"},
				"down": {"uv": [0, 0, 5.25, 3.83333], "rotation": 180, "texture": "#1"}
			}
		},
		{
			"from": [6.75, 7.75, 13.75],
			"to": [7, 8.25, 14.5],
			"rotation": {"angle": 0, "axis": "z", "origin": [8, 6, 14.125]},
			"faces": {
				"north": {"uv": [0, 0, 5.25, 3.83333], "rotation": 180, "texture": "#1"},
				"east": {"uv": [0, 0, 3.5, 3.83333], "rotation": 180, "texture": "#1"},
				"south": {"uv": [0, 0, 5.25, 3.83333], "rotation": 180, "texture": "#1"},
				"west": {"uv": [0, 0, 3.5, 3.83333], "rotation": 180, "texture": "#1"},
				"up": {"uv": [0, 0, 5.25, 3.83333], "rotation": 180, "texture": "#1"},
				"down": {"uv": [0, 0, 5.25, 3.83333], "rotation": 180, "texture": "#1"}
			}
		},
		{
			"from": [9.25, 7.75, 13],
			"to": [9.5, 8.25, 13.75],
			"rotation": {"angle": 0, "axis": "z", "origin": [8, 6, 14.125]},
			"faces": {
				"north": {"uv": [0, 0, 5.25, 3.83333], "rotation": 180, "texture": "#1"},
				"east": {"uv": [0, 0, 3.5, 3.83333], "rotation": 180, "texture": "#1"},
				"south": {"uv": [0, 0, 5.25, 3.83333], "rotation": 180, "texture": "#1"},
				"west": {"uv": [0, 0, 3.5, 3.83333], "rotation": 180, "texture": "#1"},
				"up": {"uv": [0, 0, 5.25, 3.83333], "rotation": 180, "texture": "#1"},
				"down": {"uv": [0, 0, 5.25, 3.83333], "rotation": 180, "texture": "#1"}
			}
		},
		{
			"from": [6.5, 7.75, 13],
			"to": [6.75, 8.25, 13.75],
			"rotation": {"angle": 0, "axis": "z", "origin": [8, 6, 14.125]},
			"faces": {
				"north": {"uv": [0, 0, 5.25, 3.83333], "rotation": 180, "texture": "#1"},
				"east": {"uv": [0, 0, 3.5, 3.83333], "rotation": 180, "texture": "#1"},
				"south": {"uv": [0, 0, 5.25, 3.83333], "rotation": 180, "texture": "#1"},
				"west": {"uv": [0, 0, 3.5, 3.83333], "rotation": 180, "texture": "#1"},
				"up": {"uv": [0, 0, 5.25, 3.83333], "rotation": 180, "texture": "#1"},
				"down": {"uv": [0, 0, 5.25, 3.83333], "rotation": 180, "texture": "#1"}
			}
		},
		{
			"from": [9.75, 6.25, 8.5],
			"to": [10.25, 7, 9],
			"rotation": {"angle": 0, "axis": "z", "origin": [7.875, 6.125, 11]},
			"faces": {
				"north": {"uv": [0, 0, 5.25, 3.83333], "rotation": 90, "texture": "#1"},
				"east": {"uv": [0, 0, 5.25, 3.83333], "rotation": 270, "texture": "#1"},
				"south": {"uv": [0, 0, 5.25, 3.83333], "rotation": 270, "texture": "#1"},
				"west": {"uv": [0, 0, 5.25, 3.83333], "rotation": 270, "texture": "#1"},
				"up": {"uv": [0, 0, 3.5, 3.83333], "rotation": 270, "texture": "#1"},
				"down": {"uv": [0, 0, 3.5, 3.83333], "rotation": 270, "texture": "#1"}
			}
		},
		{
			"from": [9.75, 5, 8.5],
			"to": [10.25, 5.75, 9],
			"rotation": {"angle": 0, "axis": "z", "origin": [7.875, 6.125, 11]},
			"faces": {
				"north": {"uv": [0, 0, 5.25, 3.83333], "rotation": 90, "texture": "#1"},
				"east": {"uv": [0, 0, 5.25, 3.83333], "rotation": 270, "texture": "#1"},
				"south": {"uv": [0, 0, 5.25, 3.83333], "rotation": 270, "texture": "#1"},
				"west": {"uv": [0, 0, 5.25, 3.83333], "rotation": 270, "texture": "#1"},
				"up": {"uv": [0, 0, 3.5, 3.83333], "rotation": 270, "texture": "#1"},
				"down": {"uv": [0, 0, 3.5, 3.83333], "rotation": 270, "texture": "#1"}
			}
		},
		{
			"from": [10, 7, 10.75],
			"to": [10.5, 7.75, 11.25],
			"rotation": {"angle": 0, "axis": "z", "origin": [7.875, 6.125, 11]},
			"faces": {
				"north": {"uv": [0, 0, 5.25, 3.83333], "rotation": 90, "texture": "#1"},
				"east": {"uv": [0, 0, 5.25, 3.83333], "rotation": 270, "texture": "#1"},
				"south": {"uv": [0, 0, 5.25, 3.83333], "rotation": 270, "texture": "#1"},
				"west": {"uv": [0, 0, 5.25, 3.83333], "rotation": 270, "texture": "#1"},
				"up": {"uv": [0, 0, 3.5, 3.83333], "rotation": 270, "texture": "#1"},
				"down": {"uv": [0, 0, 3.5, 3.83333], "rotation": 270, "texture": "#1"}
			}
		},
		{
			"from": [10, 4.25, 10.75],
			"to": [10.5, 5, 11.25],
			"rotation": {"angle": 0, "axis": "z", "origin": [7.875, 6.125, 11]},
			"faces": {
				"north": {"uv": [0, 0, 5.25, 3.83333], "rotation": 90, "texture": "#1"},
				"east": {"uv": [0, 0, 5.25, 3.83333], "rotation": 270, "texture": "#1"},
				"south": {"uv": [0, 0, 5.25, 3.83333], "rotation": 270, "texture": "#1"},
				"west": {"uv": [0, 0, 5.25, 3.83333], "rotation": 270, "texture": "#1"},
				"up": {"uv": [0, 0, 3.5, 3.83333], "rotation": 270, "texture": "#1"},
				"down": {"uv": [0, 0, 3.5, 3.83333], "rotation": 270, "texture": "#1"}
			}
		},
		{
			"from": [10, 4.25, 8.75],
			"to": [10.5, 5, 9.25],
			"rotation": {"angle": 0, "axis": "z", "origin": [7.875, 6.125, 11]},
			"faces": {
				"north": {"uv": [0, 0, 5.25, 3.83333], "rotation": 90, "texture": "#1"},
				"east": {"uv": [0, 0, 5.25, 3.83333], "rotation": 270, "texture": "#1"},
				"south": {"uv": [0, 0, 5.25, 3.83333], "rotation": 270, "texture": "#1"},
				"west": {"uv": [0, 0, 5.25, 3.83333], "rotation": 270, "texture": "#1"},
				"up": {"uv": [0, 0, 3.5, 3.83333], "rotation": 270, "texture": "#1"},
				"down": {"uv": [0, 0, 3.5, 3.83333], "rotation": 270, "texture": "#1"}
			}
		},
		{
			"from": [10, 7, 8.75],
			"to": [10.5, 7.75, 9.25],
			"rotation": {"angle": 0, "axis": "z", "origin": [7.875, 6.125, 11]},
			"faces": {
				"north": {"uv": [0, 0, 5.25, 3.83333], "rotation": 90, "texture": "#1"},
				"east": {"uv": [0, 0, 5.25, 3.83333], "rotation": 270, "texture": "#1"},
				"south": {"uv": [0, 0, 5.25, 3.83333], "rotation": 270, "texture": "#1"},
				"west": {"uv": [0, 0, 5.25, 3.83333], "rotation": 270, "texture": "#1"},
				"up": {"uv": [0, 0, 3.5, 3.83333], "rotation": 270, "texture": "#1"},
				"down": {"uv": [0, 0, 3.5, 3.83333], "rotation": 270, "texture": "#1"}
			}
		},
		{
			"from": [6.25, 3.5, 8.75],
			"to": [7, 4, 9.25],
			"rotation": {"angle": 0, "axis": "z", "origin": [7.875, 6.125, 11]},
			"faces": {
				"north": {"uv": [0, 0, 5.25, 3.83333], "rotation": 180, "texture": "#1"},
				"east": {"uv": [0, 0, 3.5, 3.83333], "rotation": 180, "texture": "#1"},
				"south": {"uv": [0, 0, 5.25, 3.83333], "rotation": 180, "texture": "#1"},
				"west": {"uv": [0, 0, 3.5, 3.83333], "rotation": 180, "texture": "#1"},
				"up": {"uv": [0, 0, 5.25, 3.83333], "rotation": 180, "texture": "#1"},
				"down": {"uv": [0, 0, 5.25, 3.83333], "rotation": 180, "texture": "#1"}
			}
		},
		{
			"from": [9, 3.5, 8.75],
			"to": [9.75, 4, 9.25],
			"rotation": {"angle": 0, "axis": "z", "origin": [7.875, 6.125, 11]},
			"faces": {
				"north": {"uv": [0, 0, 5.25, 3.83333], "rotation": 180, "texture": "#1"},
				"east": {"uv": [0, 0, 3.5, 3.83333], "rotation": 180, "texture": "#1"},
				"south": {"uv": [0, 0, 5.25, 3.83333], "rotation": 180, "texture": "#1"},
				"west": {"uv": [0, 0, 3.5, 3.83333], "rotation": 180, "texture": "#1"},
				"up": {"uv": [0, 0, 5.25, 3.83333], "rotation": 180, "texture": "#1"},
				"down": {"uv": [0, 0, 5.25, 3.83333], "rotation": 180, "texture": "#1"}
			}
		},
		{
			"from": [9, 3.5, 10.75],
			"to": [9.75, 4, 11.25],
			"rotation": {"angle": 0, "axis": "z", "origin": [7.875, 6.125, 11]},
			"faces": {
				"north": {"uv": [0, 0, 5.25, 3.83333], "rotation": 180, "texture": "#1"},
				"east": {"uv": [0, 0, 3.5, 3.83333], "rotation": 180, "texture": "#1"},
				"south": {"uv": [0, 0, 5.25, 3.83333], "rotation": 180, "texture": "#1"},
				"west": {"uv": [0, 0, 3.5, 3.83333], "rotation": 180, "texture": "#1"},
				"up": {"uv": [0, 0, 5.25, 3.83333], "rotation": 180, "texture": "#1"},
				"down": {"uv": [0, 0, 5.25, 3.83333], "rotation": 180, "texture": "#1"}
			}
		},
		{
			"from": [6.25, 3.5, 10.75],
			"to": [7, 4, 11.25],
			"rotation": {"angle": 0, "axis": "z", "origin": [7.875, 6.125, 11]},
			"faces": {
				"north": {"uv": [0, 0, 5.25, 3.83333], "rotation": 180, "texture": "#1"},
				"east": {"uv": [0, 0, 3.5, 3.83333], "rotation": 180, "texture": "#1"},
				"south": {"uv": [0, 0, 5.25, 3.83333], "rotation": 180, "texture": "#1"},
				"west": {"uv": [0, 0, 3.5, 3.83333], "rotation": 180, "texture": "#1"},
				"up": {"uv": [0, 0, 5.25, 3.83333], "rotation": 180, "texture": "#1"},
				"down": {"uv": [0, 0, 5.25, 3.83333], "rotation": 180, "texture": "#1"}
			}
		},
		{
			"from": [8.25, 3.75, 8.5],
			"to": [9, 4.25, 9],
			"rotation": {"angle": 0, "axis": "z", "origin": [7.875, 6.125, 11]},
			"faces": {
				"north": {"uv": [0, 0, 5.25, 3.83333], "rotation": 180, "texture": "#1"},
				"east": {"uv": [0, 0, 3.5, 3.83333], "rotation": 180, "texture": "#1"},
				"south": {"uv": [0, 0, 5.25, 3.83333], "rotation": 180, "texture": "#1"},
				"west": {"uv": [0, 0, 3.5, 3.83333], "rotation": 180, "texture": "#1"},
				"up": {"uv": [0, 0, 5.25, 3.83333], "rotation": 180, "texture": "#1"},
				"down": {"uv": [0, 0, 5.25, 3.83333], "rotation": 180, "texture": "#1"}
			}
		},
		{
			"from": [7, 3.75, 8.5],
			"to": [7.75, 4.25, 9],
			"rotation": {"angle": 0, "axis": "z", "origin": [7.875, 6.125, 11]},
			"faces": {
				"north": {"uv": [0, 0, 5.25, 3.83333], "rotation": 180, "texture": "#1"},
				"east": {"uv": [0, 0, 3.5, 3.83333], "rotation": 180, "texture": "#1"},
				"south": {"uv": [0, 0, 5.25, 3.83333], "rotation": 180, "texture": "#1"},
				"west": {"uv": [0, 0, 3.5, 3.83333], "rotation": 180, "texture": "#1"},
				"up": {"uv": [0, 0, 5.25, 3.83333], "rotation": 180, "texture": "#1"},
				"down": {"uv": [0, 0, 5.25, 3.83333], "rotation": 180, "texture": "#1"}
			}
		},
		{
			"from": [7, 3.75, 11],
			"to": [7.75, 4.25, 11.5],
			"rotation": {"angle": 0, "axis": "z", "origin": [7.875, 6.125, 11]},
			"faces": {
				"north": {"uv": [0, 0, 5.25, 3.83333], "rotation": 180, "texture": "#1"},
				"east": {"uv": [0, 0, 3.5, 3.83333], "rotation": 180, "texture": "#1"},
				"south": {"uv": [0, 0, 5.25, 3.83333], "rotation": 180, "texture": "#1"},
				"west": {"uv": [0, 0, 3.5, 3.83333], "rotation": 180, "texture": "#1"},
				"up": {"uv": [0, 0, 5.25, 3.83333], "rotation": 180, "texture": "#1"},
				"down": {"uv": [0, 0, 5.25, 3.83333], "rotation": 180, "texture": "#1"}
			}
		},
		{
			"from": [8.25, 3.75, 11],
			"to": [9, 4.25, 11.5],
			"rotation": {"angle": 0, "axis": "z", "origin": [7.875, 6.125, 11]},
			"faces": {
				"north": {"uv": [0, 0, 5.25, 3.83333], "rotation": 180, "texture": "#1"},
				"east": {"uv": [0, 0, 3.5, 3.83333], "rotation": 180, "texture": "#1"},
				"south": {"uv": [0, 0, 5.25, 3.83333], "rotation": 180, "texture": "#1"},
				"west": {"uv": [0, 0, 3.5, 3.83333], "rotation": 180, "texture": "#1"},
				"up": {"uv": [0, 0, 5.25, 3.83333], "rotation": 180, "texture": "#1"},
				"down": {"uv": [0, 0, 5.25, 3.83333], "rotation": 180, "texture": "#1"}
			}
		},
		{
			"from": [7.75, 3.5, 8.25],
			"to": [8.25, 4, 8.75],
			"rotation": {"angle": 0, "axis": "z", "origin": [7.875, 6.125, 11]},
			"faces": {
				"north": {"uv": [0, 0, 3.5, 3.83333], "rotation": 180, "texture": "#1"},
				"east": {"uv": [0, 0, 3.5, 3.83333], "rotation": 180, "texture": "#1"},
				"south": {"uv": [0, 0, 3.5, 3.83333], "rotation": 180, "texture": "#1"},
				"west": {"uv": [0, 0, 3.5, 3.83333], "rotation": 180, "texture": "#1"},
				"up": {"uv": [0, 0, 3.5, 3.83333], "rotation": 180, "texture": "#1"},
				"down": {"uv": [0, 0, 3.5, 3.83333], "rotation": 180, "texture": "#1"}
			}
		},
		{
			"from": [5.5, 5.75, 11.25],
			"to": [6, 6.25, 11.75],
			"rotation": {"angle": 0, "axis": "z", "origin": [8, 6, 11]},
			"faces": {
				"north": {"uv": [0, 0, 3.5, 3.83333], "rotation": 270, "texture": "#1"},
				"east": {"uv": [0, 0, 3.5, 3.83333], "rotation": 90, "texture": "#1"},
				"south": {"uv": [0, 0, 3.5, 3.83333], "rotation": 90, "texture": "#1"},
				"west": {"uv": [0, 0, 3.5, 3.83333], "rotation": 90, "texture": "#1"},
				"up": {"uv": [0, 0, 3.5, 3.83333], "rotation": 90, "texture": "#1"},
				"down": {"uv": [0, 0, 3.5, 3.83333], "rotation": 90, "texture": "#1"}
			}
		},
		{
			"from": [7.75, 3.5, 11.25],
			"to": [8.25, 4, 11.75],
			"rotation": {"angle": 0, "axis": "z", "origin": [7.875, 6.125, 11]},
			"faces": {
				"north": {"uv": [0, 0, 3.5, 3.83333], "rotation": 180, "texture": "#1"},
				"east": {"uv": [0, 0, 3.5, 3.83333], "rotation": 180, "texture": "#1"},
				"south": {"uv": [0, 0, 3.5, 3.83333], "rotation": 180, "texture": "#1"},
				"west": {"uv": [0, 0, 3.5, 3.83333], "rotation": 180, "texture": "#1"},
				"up": {"uv": [0, 0, 3.5, 3.83333], "rotation": 180, "texture": "#1"},
				"down": {"uv": [0, 0, 3.5, 3.83333], "rotation": 180, "texture": "#1"}
			}
		},
		{
			"from": [10, 5.75, 11.25],
			"to": [10.5, 6.25, 11.75],
			"rotation": {"angle": 0, "axis": "z", "origin": [7.875, 6.125, 11]},
			"faces": {
				"north": {"uv": [0, 0, 3.5, 3.83333], "rotation": 90, "texture": "#1"},
				"east": {"uv": [0, 0, 3.5, 3.83333], "rotation": 270, "texture": "#1"},
				"south": {"uv": [0, 0, 3.5, 3.83333], "rotation": 270, "texture": "#1"},
				"west": {"uv": [0, 0, 3.5, 3.83333], "rotation": 270, "texture": "#1"},
				"up": {"uv": [0, 0, 3.5, 3.83333], "rotation": 270, "texture": "#1"},
				"down": {"uv": [0, 0, 3.5, 3.83333], "rotation": 270, "texture": "#1"}
			}
		},
		{
			"from": [7.75, 8, 11.25],
			"to": [8.25, 8.5, 11.75],
			"faces": {
				"north": {"uv": [0, 0, 3.5, 3.83333], "texture": "#1"},
				"east": {"uv": [0, 0, 3.5, 3.83333], "texture": "#1"},
				"south": {"uv": [0, 0, 3.5, 3.83333], "texture": "#1"},
				"west": {"uv": [0, 0, 3.5, 3.83333], "texture": "#1"},
				"up": {"uv": [0, 0, 3.5, 3.83333], "texture": "#1"},
				"down": {"uv": [0, 0, 3.5, 3.83333], "texture": "#1"}
			}
		},
		{
			"from": [9.75, 6.5, 9.5],
			"to": [10.25, 6.75, 10],
			"rotation": {"angle": 0, "axis": "z", "origin": [7.875, 6.125, 11]},
			"faces": {
				"north": {"uv": [6, 9, 7.83333, 10.08333], "rotation": 180, "texture": "#0"},
				"east": {"uv": [6, 8, 9.66667, 9.08333], "rotation": 180, "texture": "#0"},
				"south": {"uv": [6, 9, 7.83333, 10.08333], "rotation": 180, "texture": "#0"},
				"west": {"uv": [5, 11.66667, 8.66667, 12.75], "rotation": 180, "texture": "#0"},
				"up": {"uv": [6, 9, 7.83333, 13.33333], "rotation": 180, "texture": "#0"},
				"down": {"uv": [8, 9, 9.83333, 13.33333], "rotation": 180, "texture": "#0"}
			}
		},
		{
			"from": [9.75, 5.5, 9.25],
			"to": [10.25, 6.5, 10.25],
			"rotation": {"angle": 0, "axis": "z", "origin": [7.875, 6.125, 11]},
			"faces": {
				"north": {"uv": [6, 9, 7.83333, 13.33333], "rotation": 180, "texture": "#0"},
				"east": {"uv": [6, 8, 11.5, 12.33333], "rotation": 180, "texture": "#0"},
				"south": {"uv": [6, 9, 7.83333, 13.33333], "rotation": 180, "texture": "#0"},
				"west": {"uv": [5, 11.66667, 10.5, 16], "rotation": 180, "texture": "#0"},
				"up": {"uv": [6, 9, 7.83333, 15.5], "rotation": 180, "texture": "#0"},
				"down": {"uv": [8, 9, 9.83333, 15.5], "rotation": 180, "texture": "#0"}
			}
		},
		{
			"from": [9.75, 5.25, 9.5],
			"to": [10.25, 5.5, 10],
			"rotation": {"angle": 0, "axis": "z", "origin": [7.875, 6.125, 11]},
			"faces": {
				"north": {"uv": [6, 9, 7.83333, 10.08333], "rotation": 180, "texture": "#0"},
				"east": {"uv": [6, 8, 9.66667, 9.08333], "rotation": 180, "texture": "#0"},
				"south": {"uv": [6, 9, 7.83333, 10.08333], "rotation": 180, "texture": "#0"},
				"west": {"uv": [5, 11.66667, 8.66667, 12.75], "rotation": 180, "texture": "#0"},
				"up": {"uv": [6, 9, 7.83333, 13.33333], "rotation": 180, "texture": "#0"},
				"down": {"uv": [8, 9, 9.83333, 13.33333], "rotation": 180, "texture": "#0"}
			}
		},
		{
			"from": [9.75, 5.75, 12.75],
			"to": [10.25, 6.25, 15],
			"rotation": {"angle": 0, "axis": "z", "origin": [7.875, 6.125, 11]},
			"faces": {
				"north": {"uv": [6, 9, 7.83333, 13.33333], "rotation": 180, "texture": "#0"},
				"east": {"uv": [6, 8, 11.5, 12.33333], "rotation": 180, "texture": "#0"},
				"south": {"uv": [6, 9, 7.83333, 13.33333], "rotation": 180, "texture": "#0"},
				"west": {"uv": [5, 11.66667, 10.5, 16], "rotation": 180, "texture": "#0"},
				"up": {"uv": [6, 9, 7.83333, 15.5], "rotation": 180, "texture": "#0"},
				"down": {"uv": [8, 9, 9.83333, 15.5], "rotation": 180, "texture": "#0"}
			}
		},
		{
			"from": [9.75, 6.5, 13.25],
			"to": [10.25, 6.75, 14],
			"rotation": {"angle": 0, "axis": "z", "origin": [7.875, 6.125, 11]},
			"faces": {
				"north": {"uv": [6, 9, 7.83333, 10.08333], "rotation": 180, "texture": "#0"},
				"east": {"uv": [6, 8, 9.66667, 9.08333], "rotation": 180, "texture": "#0"},
				"south": {"uv": [6, 9, 7.83333, 10.08333], "rotation": 180, "texture": "#0"},
				"west": {"uv": [5, 11.66667, 8.66667, 12.75], "rotation": 180, "texture": "#0"},
				"up": {"uv": [6, 9, 7.83333, 13.33333], "rotation": 180, "texture": "#0"},
				"down": {"uv": [8, 9, 9.83333, 13.33333], "rotation": 180, "texture": "#0"}
			}
		},
		{
			"from": [9.75, 5.25, 13.25],
			"to": [10.25, 5.5, 14],
			"rotation": {"angle": 0, "axis": "z", "origin": [7.875, 6.125, 11]},
			"faces": {
				"north": {"uv": [6, 9, 7.83333, 10.08333], "rotation": 180, "texture": "#0"},
				"east": {"uv": [6, 8, 9.66667, 9.08333], "rotation": 180, "texture": "#0"},
				"south": {"uv": [6, 9, 7.83333, 10.08333], "rotation": 180, "texture": "#0"},
				"west": {"uv": [5, 11.66667, 8.66667, 12.75], "rotation": 180, "texture": "#0"},
				"up": {"uv": [6, 9, 7.83333, 13.33333], "rotation": 180, "texture": "#0"},
				"down": {"uv": [8, 9, 9.83333, 13.33333], "rotation": 180, "texture": "#0"}
			}
		},
		{
			"from": [9.75, 6.25, 13],
			"to": [10.25, 6.5, 14.5],
			"rotation": {"angle": 0, "axis": "z", "origin": [7.875, 6.125, 11]},
			"faces": {
				"north": {"uv": [6, 9, 7.83333, 10.08333], "rotation": 180, "texture": "#0"},
				"east": {"uv": [6, 8, 9.66667, 9.08333], "rotation": 180, "texture": "#0"},
				"south": {"uv": [6, 9, 7.83333, 10.08333], "rotation": 180, "texture": "#0"},
				"west": {"uv": [5, 11.66667, 8.66667, 12.75], "rotation": 180, "texture": "#0"},
				"up": {"uv": [6, 9, 7.83333, 13.33333], "rotation": 180, "texture": "#0"},
				"down": {"uv": [8, 9, 9.83333, 13.33333], "rotation": 180, "texture": "#0"}
			}
		},
		{
			"from": [9.75, 5.5, 13],
			"to": [10.25, 5.75, 14.5],
			"rotation": {"angle": 0, "axis": "z", "origin": [7.875, 6.125, 11]},
			"faces": {
				"north": {"uv": [6, 9, 7.83333, 10.08333], "rotation": 180, "texture": "#0"},
				"east": {"uv": [6, 8, 9.66667, 9.08333], "rotation": 180, "texture": "#0"},
				"south": {"uv": [6, 9, 7.83333, 10.08333], "rotation": 180, "texture": "#0"},
				"west": {"uv": [5, 11.66667, 8.66667, 12.75], "rotation": 180, "texture": "#0"},
				"up": {"uv": [6, 9, 7.83333, 13.33333], "rotation": 180, "texture": "#0"},
				"down": {"uv": [8, 9, 9.83333, 13.33333], "rotation": 180, "texture": "#0"}
			}
		},
		{
			"from": [5.75, 5.25, 13.25],
			"to": [6.25, 5.5, 14],
			"rotation": {"angle": 0, "axis": "z", "origin": [7.875, 6.125, 11]},
			"faces": {
				"north": {"uv": [6, 9, 7.83333, 10.08333], "rotation": 180, "texture": "#0"},
				"east": {"uv": [6, 8, 9.66667, 9.08333], "rotation": 180, "texture": "#0"},
				"south": {"uv": [6, 9, 7.83333, 10.08333], "rotation": 180, "texture": "#0"},
				"west": {"uv": [5, 11.66667, 8.66667, 12.75], "rotation": 180, "texture": "#0"},
				"up": {"uv": [6, 9, 7.83333, 13.33333], "rotation": 180, "texture": "#0"},
				"down": {"uv": [8, 9, 9.83333, 13.33333], "rotation": 180, "texture": "#0"}
			}
		},
		{
			"from": [5.75, 6.5, 13.25],
			"to": [6.25, 6.75, 14],
			"rotation": {"angle": 0, "axis": "z", "origin": [7.875, 6.125, 11]},
			"faces": {
				"north": {"uv": [6, 9, 7.83333, 10.08333], "rotation": 180, "texture": "#0"},
				"east": {"uv": [6, 8, 9.66667, 9.08333], "rotation": 180, "texture": "#0"},
				"south": {"uv": [6, 9, 7.83333, 10.08333], "rotation": 180, "texture": "#0"},
				"west": {"uv": [5, 11.66667, 8.66667, 12.75], "rotation": 180, "texture": "#0"},
				"up": {"uv": [6, 9, 7.83333, 13.33333], "rotation": 180, "texture": "#0"},
				"down": {"uv": [8, 9, 9.83333, 13.33333], "rotation": 180, "texture": "#0"}
			}
		},
		{
			"from": [5.75, 5.75, 12.75],
			"to": [6.25, 6.25, 15],
			"rotation": {"angle": 0, "axis": "z", "origin": [7.875, 6.125, 11]},
			"faces": {
				"north": {"uv": [6, 9, 7.83333, 13.33333], "rotation": 180, "texture": "#0"},
				"east": {"uv": [6, 8, 11.5, 12.33333], "rotation": 180, "texture": "#0"},
				"south": {"uv": [6, 9, 7.83333, 13.33333], "rotation": 180, "texture": "#0"},
				"west": {"uv": [5, 11.66667, 10.5, 16], "rotation": 180, "texture": "#0"},
				"up": {"uv": [6, 9, 7.83333, 15.5], "rotation": 180, "texture": "#0"},
				"down": {"uv": [8, 9, 9.83333, 15.5], "rotation": 180, "texture": "#0"}
			}
		},
		{
			"from": [5.75, 5.5, 13],
			"to": [6.25, 5.75, 14.5],
			"rotation": {"angle": 0, "axis": "z", "origin": [7.875, 6.125, 11]},
			"faces": {
				"north": {"uv": [6, 9, 7.83333, 10.08333], "rotation": 180, "texture": "#0"},
				"east": {"uv": [6, 8, 9.66667, 9.08333], "rotation": 180, "texture": "#0"},
				"south": {"uv": [6, 9, 7.83333, 10.08333], "rotation": 180, "texture": "#0"},
				"west": {"uv": [5, 11.66667, 8.66667, 12.75], "rotation": 180, "texture": "#0"},
				"up": {"uv": [6, 9, 7.83333, 13.33333], "rotation": 180, "texture": "#0"},
				"down": {"uv": [8, 9, 9.83333, 13.33333], "rotation": 180, "texture": "#0"}
			}
		},
		{
			"from": [5.75, 6.25, 13],
			"to": [6.25, 6.5, 14.5],
			"rotation": {"angle": 0, "axis": "z", "origin": [7.875, 6.125, 11]},
			"faces": {
				"north": {"uv": [6, 9, 7.83333, 10.08333], "rotation": 180, "texture": "#0"},
				"east": {"uv": [6, 8, 9.66667, 9.08333], "rotation": 180, "texture": "#0"},
				"south": {"uv": [6, 9, 7.83333, 10.08333], "rotation": 180, "texture": "#0"},
				"west": {"uv": [5, 11.66667, 8.66667, 12.75], "rotation": 180, "texture": "#0"},
				"up": {"uv": [6, 9, 7.83333, 13.33333], "rotation": 180, "texture": "#0"},
				"down": {"uv": [8, 9, 9.83333, 13.33333], "rotation": 180, "texture": "#0"}
			}
		},
		{
			"from": [7.25, 3.75, 13.25],
			"to": [7.5, 4.25, 14],
			"rotation": {"angle": 0, "axis": "z", "origin": [8, 6, 14.125]},
			"faces": {
				"north": {"uv": [6, 9, 7.83333, 10.08333], "rotation": 90, "texture": "#0"},
				"east": {"uv": [6, 9, 7.83333, 13.33333], "rotation": 270, "texture": "#0"},
				"south": {"uv": [6, 9, 7.83333, 10.08333], "rotation": 270, "texture": "#0"},
				"west": {"uv": [8, 9, 9.83333, 13.33333], "rotation": 270, "texture": "#0"},
				"up": {"uv": [5, 11.66667, 8.66667, 12.75], "rotation": 270, "texture": "#0"},
				"down": {"uv": [6, 8, 9.66667, 9.08333], "rotation": 270, "texture": "#0"}
			}
		},
		{
			"from": [8.5, 3.75, 13.25],
			"to": [8.75, 4.25, 14],
			"rotation": {"angle": 0, "axis": "z", "origin": [8, 6, 14.125]},
			"faces": {
				"north": {"uv": [6, 9, 7.83333, 10.08333], "rotation": 90, "texture": "#0"},
				"east": {"uv": [6, 9, 7.83333, 13.33333], "rotation": 270, "texture": "#0"},
				"south": {"uv": [6, 9, 7.83333, 10.08333], "rotation": 270, "texture": "#0"},
				"west": {"uv": [8, 9, 9.83333, 13.33333], "rotation": 270, "texture": "#0"},
				"up": {"uv": [5, 11.66667, 8.66667, 12.75], "rotation": 270, "texture": "#0"},
				"down": {"uv": [6, 8, 9.66667, 9.08333], "rotation": 270, "texture": "#0"}
			}
		},
		{
			"from": [7.75, 3.75, 12.75],
			"to": [8.25, 4.25, 15],
			"rotation": {"angle": 0, "axis": "z", "origin": [8, 6, 14.125]},
			"faces": {
				"north": {"uv": [6, 9, 7.83333, 13.33333], "rotation": 90, "texture": "#0"},
				"east": {"uv": [6, 9, 7.83333, 15.5], "rotation": 270, "texture": "#0"},
				"south": {"uv": [6, 9, 7.83333, 13.33333], "rotation": 270, "texture": "#0"},
				"west": {"uv": [8, 9, 9.83333, 15.5], "rotation": 270, "texture": "#0"},
				"up": {"uv": [5, 11.66667, 10.5, 16], "rotation": 270, "texture": "#0"},
				"down": {"uv": [6, 8, 11.5, 12.33333], "rotation": 270, "texture": "#0"}
			}
		},
		{
			"from": [7.5, 3.75, 13],
			"to": [7.75, 4.25, 14.5],
			"rotation": {"angle": 0, "axis": "z", "origin": [8, 6, 14.125]},
			"faces": {
				"north": {"uv": [6, 9, 7.83333, 10.08333], "rotation": 90, "texture": "#0"},
				"east": {"uv": [6, 9, 7.83333, 13.33333], "rotation": 270, "texture": "#0"},
				"south": {"uv": [6, 9, 7.83333, 10.08333], "rotation": 270, "texture": "#0"},
				"west": {"uv": [8, 9, 9.83333, 13.33333], "rotation": 270, "texture": "#0"},
				"up": {"uv": [5, 11.66667, 8.66667, 12.75], "rotation": 270, "texture": "#0"},
				"down": {"uv": [6, 8, 9.66667, 9.08333], "rotation": 270, "texture": "#0"}
			}
		},
		{
			"from": [8.25, 3.75, 13],
			"to": [8.5, 4.25, 14.5],
			"rotation": {"angle": 0, "axis": "z", "origin": [8, 6, 14.125]},
			"faces": {
				"north": {"uv": [6, 9, 7.83333, 10.08333], "rotation": 90, "texture": "#0"},
				"east": {"uv": [6, 9, 7.83333, 13.33333], "rotation": 270, "texture": "#0"},
				"south": {"uv": [6, 9, 7.83333, 10.08333], "rotation": 270, "texture": "#0"},
				"west": {"uv": [8, 9, 9.83333, 13.33333], "rotation": 270, "texture": "#0"},
				"up": {"uv": [5, 11.66667, 8.66667, 12.75], "rotation": 270, "texture": "#0"},
				"down": {"uv": [6, 8, 9.66667, 9.08333], "rotation": 270, "texture": "#0"}
			}
		},
		{
			"from": [8.25, 7.75, 13],
			"to": [8.5, 8.25, 14.5],
			"rotation": {"angle": 0, "axis": "z", "origin": [8, 6, 14.125]},
			"faces": {
				"north": {"uv": [6, 9, 7.83333, 10.08333], "rotation": 90, "texture": "#0"},
				"east": {"uv": [6, 9, 7.83333, 13.33333], "rotation": 270, "texture": "#0"},
				"south": {"uv": [6, 9, 7.83333, 10.08333], "rotation": 270, "texture": "#0"},
				"west": {"uv": [8, 9, 9.83333, 13.33333], "rotation": 270, "texture": "#0"},
				"up": {"uv": [5, 11.66667, 8.66667, 12.75], "rotation": 270, "texture": "#0"},
				"down": {"uv": [6, 8, 9.66667, 9.08333], "rotation": 270, "texture": "#0"}
			}
		},
		{
			"from": [7.5, 7.75, 13],
			"to": [7.75, 8.25, 14.5],
			"rotation": {"angle": 0, "axis": "z", "origin": [8, 6, 14.125]},
			"faces": {
				"north": {"uv": [6, 9, 7.83333, 10.08333], "rotation": 90, "texture": "#0"},
				"east": {"uv": [6, 9, 7.83333, 13.33333], "rotation": 270, "texture": "#0"},
				"south": {"uv": [6, 9, 7.83333, 10.08333], "rotation": 270, "texture": "#0"},
				"west": {"uv": [8, 9, 9.83333, 13.33333], "rotation": 270, "texture": "#0"},
				"up": {"uv": [5, 11.66667, 8.66667, 12.75], "rotation": 270, "texture": "#0"},
				"down": {"uv": [6, 8, 9.66667, 9.08333], "rotation": 270, "texture": "#0"}
			}
		},
		{
			"from": [7.75, 7.75, 12.75],
			"to": [8.25, 8.25, 15],
			"rotation": {"angle": 0, "axis": "z", "origin": [8, 6, 14.125]},
			"faces": {
				"north": {"uv": [6, 9, 7.83333, 13.33333], "rotation": 90, "texture": "#0"},
				"east": {"uv": [6, 9, 7.83333, 15.5], "rotation": 270, "texture": "#0"},
				"south": {"uv": [6, 9, 7.83333, 13.33333], "rotation": 270, "texture": "#0"},
				"west": {"uv": [8, 9, 9.83333, 15.5], "rotation": 270, "texture": "#0"},
				"up": {"uv": [5, 11.66667, 10.5, 16], "rotation": 270, "texture": "#0"},
				"down": {"uv": [6, 8, 11.5, 12.33333], "rotation": 270, "texture": "#0"}
			}
		},
		{
			"from": [8.5, 7.75, 13.25],
			"to": [8.75, 8.25, 14],
			"rotation": {"angle": 0, "axis": "z", "origin": [8, 6, 14.125]},
			"faces": {
				"north": {"uv": [6, 9, 7.83333, 10.08333], "rotation": 90, "texture": "#0"},
				"east": {"uv": [6, 9, 7.83333, 13.33333], "rotation": 270, "texture": "#0"},
				"south": {"uv": [6, 9, 7.83333, 10.08333], "rotation": 270, "texture": "#0"},
				"west": {"uv": [8, 9, 9.83333, 13.33333], "rotation": 270, "texture": "#0"},
				"up": {"uv": [5, 11.66667, 8.66667, 12.75], "rotation": 270, "texture": "#0"},
				"down": {"uv": [6, 8, 9.66667, 9.08333], "rotation": 270, "texture": "#0"}
			}
		},
		{
			"from": [7.25, 7.75, 13.25],
			"to": [7.5, 8.25, 14],
			"rotation": {"angle": 0, "axis": "z", "origin": [8, 6, 14.125]},
			"faces": {
				"north": {"uv": [6, 9, 7.83333, 10.08333], "rotation": 90, "texture": "#0"},
				"east": {"uv": [6, 9, 7.83333, 13.33333], "rotation": 270, "texture": "#0"},
				"south": {"uv": [6, 9, 7.83333, 10.08333], "rotation": 270, "texture": "#0"},
				"west": {"uv": [8, 9, 9.83333, 13.33333], "rotation": 270, "texture": "#0"},
				"up": {"uv": [5, 11.66667, 8.66667, 12.75], "rotation": 270, "texture": "#0"},
				"down": {"uv": [6, 8, 9.66667, 9.08333], "rotation": 270, "texture": "#0"}
			}
		},
		{
			"from": [5.75, 6.5, 9.5],
			"to": [6.25, 6.75, 10],
			"rotation": {"angle": 0, "axis": "z", "origin": [7.875, 6.125, 11]},
			"faces": {
				"north": {"uv": [6, 9, 7.83333, 10.08333], "rotation": 180, "texture": "#0"},
				"east": {"uv": [6, 8, 9.66667, 9.08333], "rotation": 180, "texture": "#0"},
				"south": {"uv": [6, 9, 7.83333, 10.08333], "rotation": 180, "texture": "#0"},
				"west": {"uv": [5, 11.66667, 8.66667, 12.75], "rotation": 180, "texture": "#0"},
				"up": {"uv": [6, 9, 7.83333, 13.33333], "rotation": 180, "texture": "#0"},
				"down": {"uv": [8, 9, 9.83333, 13.33333], "rotation": 180, "texture": "#0"}
			}
		},
		{
			"from": [5.75, 5.25, 9.5],
			"to": [6.25, 5.5, 10],
			"rotation": {"angle": 0, "axis": "z", "origin": [7.875, 6.125, 11]},
			"faces": {
				"north": {"uv": [6, 9, 7.83333, 10.08333], "rotation": 180, "texture": "#0"},
				"east": {"uv": [6, 8, 9.66667, 9.08333], "rotation": 180, "texture": "#0"},
				"south": {"uv": [6, 9, 7.83333, 10.08333], "rotation": 180, "texture": "#0"},
				"west": {"uv": [5, 11.66667, 8.66667, 12.75], "rotation": 180, "texture": "#0"},
				"up": {"uv": [6, 9, 7.83333, 13.33333], "rotation": 180, "texture": "#0"},
				"down": {"uv": [8, 9, 9.83333, 13.33333], "rotation": 180, "texture": "#0"}
			}
		},
		{
			"from": [5.75, 5.5, 9.25],
			"to": [6.25, 6.5, 10.25],
			"rotation": {"angle": 0, "axis": "z", "origin": [7.875, 6.125, 11]},
			"faces": {
				"north": {"uv": [6, 9, 7.83333, 13.33333], "rotation": 180, "texture": "#0"},
				"east": {"uv": [6, 8, 11.5, 12.33333], "rotation": 180, "texture": "#0"},
				"south": {"uv": [6, 9, 7.83333, 13.33333], "rotation": 180, "texture": "#0"},
				"west": {"uv": [5, 11.66667, 10.5, 16], "rotation": 180, "texture": "#0"},
				"up": {"uv": [6, 9, 7.83333, 15.5], "rotation": 180, "texture": "#0"},
				"down": {"uv": [8, 9, 9.83333, 15.5], "rotation": 180, "texture": "#0"}
			}
		},
		{
			"from": [8.5, 3.75, 9.5],
			"to": [8.75, 4.25, 10.5],
			"rotation": {"angle": 0, "axis": "z", "origin": [8, 6, 11]},
			"faces": {
				"north": {"uv": [6, 9, 7.83333, 10.08333], "rotation": 90, "texture": "#0"},
				"east": {"uv": [6, 9, 7.83333, 13.33333], "rotation": 270, "texture": "#0"},
				"south": {"uv": [6, 9, 7.83333, 10.08333], "rotation": 270, "texture": "#0"},
				"west": {"uv": [8, 9, 9.83333, 13.33333], "rotation": 270, "texture": "#0"},
				"up": {"uv": [5, 11.66667, 8.66667, 12.75], "rotation": 270, "texture": "#0"},
				"down": {"uv": [6, 8, 9.66667, 9.08333], "rotation": 270, "texture": "#0"}
			}
		},
		{
			"from": [7.5, 3.75, 9.25],
			"to": [8.5, 4.25, 10.75],
			"rotation": {"angle": 0, "axis": "z", "origin": [8, 6, 11]},
			"faces": {
				"north": {"uv": [6, 9, 7.83333, 13.33333], "rotation": 90, "texture": "#0"},
				"east": {"uv": [6, 9, 7.83333, 15.5], "rotation": 270, "texture": "#0"},
				"south": {"uv": [6, 9, 7.83333, 13.33333], "rotation": 270, "texture": "#0"},
				"west": {"uv": [8, 9, 9.83333, 15.5], "rotation": 270, "texture": "#0"},
				"up": {"uv": [5, 11.66667, 10.5, 16], "rotation": 270, "texture": "#0"},
				"down": {"uv": [6, 8, 11.5, 12.33333], "rotation": 270, "texture": "#0"}
			}
		},
		{
			"from": [7.25, 3.75, 9.5],
			"to": [7.5, 4.25, 10.5],
			"rotation": {"angle": 0, "axis": "z", "origin": [8, 6, 11]},
			"faces": {
				"north": {"uv": [6, 9, 7.83333, 10.08333], "rotation": 90, "texture": "#0"},
				"east": {"uv": [6, 9, 7.83333, 13.33333], "rotation": 270, "texture": "#0"},
				"south": {"uv": [6, 9, 7.83333, 10.08333], "rotation": 270, "texture": "#0"},
				"west": {"uv": [8, 9, 9.83333, 13.33333], "rotation": 270, "texture": "#0"},
				"up": {"uv": [5, 11.66667, 8.66667, 12.75], "rotation": 270, "texture": "#0"},
				"down": {"uv": [6, 8, 9.66667, 9.08333], "rotation": 270, "texture": "#0"}
			}
		},
		{
			"from": [8.5, 7.75, 9.5],
			"to": [8.75, 8.25, 10.5],
			"rotation": {"angle": 0, "axis": "z", "origin": [8, 6, 11]},
			"faces": {
				"north": {"uv": [6, 9, 7.83333, 10.08333], "rotation": 90, "texture": "#0"},
				"east": {"uv": [6, 9, 7.83333, 13.33333], "rotation": 270, "texture": "#0"},
				"south": {"uv": [6, 9, 7.83333, 10.08333], "rotation": 270, "texture": "#0"},
				"west": {"uv": [8, 9, 9.83333, 13.33333], "rotation": 270, "texture": "#0"},
				"up": {"uv": [5, 11.66667, 8.66667, 12.75], "rotation": 270, "texture": "#0"},
				"down": {"uv": [6, 8, 9.66667, 9.08333], "rotation": 270, "texture": "#0"}
			}
		},
		{
			"from": [7.25, 7.75, 9.5],
			"to": [7.5, 8.25, 10.5],
			"rotation": {"angle": 0, "axis": "z", "origin": [8, 6, 11]},
			"faces": {
				"north": {"uv": [6, 9, 7.83333, 10.08333], "rotation": 90, "texture": "#0"},
				"east": {"uv": [6, 9, 7.83333, 13.33333], "rotation": 270, "texture": "#0"},
				"south": {"uv": [6, 9, 7.83333, 10.08333], "rotation": 270, "texture": "#0"},
				"west": {"uv": [8, 9, 9.83333, 13.33333], "rotation": 270, "texture": "#0"},
				"up": {"uv": [5, 11.66667, 8.66667, 12.75], "rotation": 270, "texture": "#0"},
				"down": {"uv": [6, 8, 9.66667, 9.08333], "rotation": 270, "texture": "#0"}
			}
		},
		{
			"from": [7.5, 7.75, 9.25],
			"to": [8.5, 8.25, 10.75],
			"rotation": {"angle": 0, "axis": "z", "origin": [8, 6, 11]},
			"faces": {
				"north": {"uv": [6, 9, 7.83333, 13.33333], "rotation": 90, "texture": "#0"},
				"east": {"uv": [6, 9, 7.83333, 15.5], "rotation": 270, "texture": "#0"},
				"south": {"uv": [6, 9, 7.83333, 13.33333], "rotation": 270, "texture": "#0"},
				"west": {"uv": [8, 9, 9.83333, 15.5], "rotation": 270, "texture": "#0"},
				"up": {"uv": [5, 11.66667, 10.5, 16], "rotation": 270, "texture": "#0"},
				"down": {"uv": [6, 8, 11.5, 12.33333], "rotation": 270, "texture": "#0"}
			}
		},
		{
			"from": [6.75, 5.25, 4.75],
			"to": [9.25, 6.75, 6.25],
			"faces": {
				"north": {"uv": [0, 0, 2.5, 1.5], "texture": "#3"},
				"east": {"uv": [0, 0, 1.5, 1.5], "texture": "#3"},
				"south": {"uv": [0, 0, 2.5, 1.5], "texture": "#3"},
				"west": {"uv": [0, 0, 1.5, 1.5], "texture": "#3"},
				"up": {"uv": [0, 0, 2.5, 1.5], "texture": "#3"},
				"down": {"uv": [0, 0, 2.5, 1.5], "texture": "#3"}
			}
		},
		{
			"from": [7.25, 4.75, 4.75],
			"to": [8.75, 7.25, 6.25],
			"rotation": {"angle": 0, "axis": "z", "origin": [8, 6, 3.5]},
			"faces": {
				"north": {"uv": [0, 0, 2.5, 1.5], "rotation": 90, "texture": "#3"},
				"east": {"uv": [0, 0, 2.5, 1.5], "rotation": 270, "texture": "#3"},
				"south": {"uv": [0, 0, 2.5, 1.5], "rotation": 270, "texture": "#3"},
				"west": {"uv": [0, 0, 2.5, 1.5], "rotation": 270, "texture": "#3"},
				"up": {"uv": [0, 0, 1.5, 1.5], "rotation": 270, "texture": "#3"},
				"down": {"uv": [0, 0, 1.5, 1.5], "rotation": 270, "texture": "#3"}
			}
		},
		{
			"from": [7.25, 5.25, 4.25],
			"to": [8.75, 6.75, 6.75],
			"rotation": {"angle": 0, "axis": "x", "origin": [8, 6, 3.5]},
			"faces": {
				"north": {"uv": [0, 0, 1.5, 1.5], "rotation": 90, "texture": "#3"},
				"east": {"uv": [0, 0, 2.5, 1.5], "texture": "#3"},
				"south": {"uv": [0, 0, 1.5, 1.5], "rotation": 270, "texture": "#3"},
				"west": {"uv": [0, 0, 2.5, 1.5], "rotation": 180, "texture": "#3"},
				"up": {"uv": [0, 0, 2.5, 1.5], "rotation": 270, "texture": "#3"},
				"down": {"uv": [0, 0, 2.5, 1.5], "rotation": 270, "texture": "#3"}
			}
		},
		{
			"from": [7, 5, 4.5],
			"to": [9, 7, 6.5],
			"rotation": {"angle": 0, "axis": "x", "origin": [8, 6, 3.5]},
			"faces": {
				"north": {"uv": [0, 0, 2, 2], "rotation": 90, "texture": "#3"},
				"east": {"uv": [0, 0, 2, 2], "texture": "#3"},
				"south": {"uv": [0, 0, 2, 2], "rotation": 270, "texture": "#3"},
				"west": {"uv": [0, 0, 2, 2], "rotation": 180, "texture": "#3"},
				"up": {"uv": [0, 0, 2, 2], "rotation": 270, "texture": "#3"},
				"down": {"uv": [0, 0, 2, 2], "rotation": 270, "texture": "#3"}
			}
		}
	],
	"display": {
		"ground": {
			"rotation": [90, 0, 0],
			"translation": [0, 0, 2.25]
		},
		"gui": {
			"rotation": [90, 45, -90],
			"translation": [-1, 5.5, 0],
			"scale": [1.51, 1.51, 1.51]
		},
		"head": {
			"rotation": [90, 0, 0],
			"translation": [0, 7.5, 2.5]
		},
		"fixed": {
			"rotation": [90, -45, 90],
			"translation": [1.25, 7, -5.5],
			"scale": [2, 2, 2]
		}
	},
	"groups": [
		{
			"name": "frame",
			"origin": [7.875, 6.125, 11],
			"color": 0,
			"children": [
				0,
				1,
				2,
				3,
				4,
				5,
				6,
				7,
				8,
				9,
				10,
				11,
				12,
				13,
				14,
				15,
				16,
				17,
				18,
				19,
				20,
				21,
				22,
				23,
				24,
				25,
				26,
				27,
				28,
				29,
				30,
				31,
				32,
				33,
				34,
				35,
				36,
				37,
				38,
				39,
				40,
				41,
				42,
				43,
				44,
				45,
				46,
				47,
				48,
				49,
				50,
				51,
				52,
				53,
				54,
				55,
				56,
				57,
				58,
				59,
				60,
				61,
				62,
				63,
				64,
				65,
				66,
				67,
				68,
				69,
				70,
				71,
				72,
				73,
				74,
				75,
				76,
				77,
				78,
				79,
				80,
				81,
				82,
				83,
				84,
				85,
				86,
				87,
				88,
				89,
				90,
				91,
				92,
				93,
				94,
				95,
				96,
				97,
				98,
				99,
				100,
				101,
				102,
				103,
				104,
				105,
				106,
				107,
				108,
				109,
				110,
				111,
				112,
				113,
				114,
				115,
				116,
				117,
				118,
				119
			]
		},
		{
			"name": "gem",
			"origin": [7.875, 6.125, 11],
			"color": 0,
			"children": [120, 121, 122, 123, 124, 125, 126, 127, 128, 129, 130, 131, 132, 133, 134, 135, 136, 137, 138, 139, 140, 141, 142, 143, 144, 145]
		},
		{
			"name": "gems",
			"origin": [7.875, 6.125, 11],
			"color": 0,
			"children": [146, 147, 148, 149, 150, 151]
		},
		{
			"name": "core",
			"origin": [8, 6, 6.5],
			"color": 0,
			"children": [152, 153, 154, 155]
		}
	]
}