{
	"credit": "Made with Blockbench",
	"textures": {
		"0": "dark_stone",
		"1": "shimmering_rock",
		"2": "dark_rune",
		"particle": "dark_stone"
	},
	"elements": [
		{
			"name": "slate",
			"from": [5.5, 3.125, 6.5],
			"to": [10.5, 8.125, 9.5],
			"rotation": {"angle": 45, "axis": "z", "origin": [8, 5.625, 8]},
			"faces": {
				"north": {"uv": [0, 0, 16, 16], "texture": "#1"},
				"east": {"uv": [0, 0, 16, 1], "texture": "#1"},
				"south": {"uv": [0, 0, 16, 16], "texture": "#1"},
				"west": {"uv": [0, 0, 16, 1], "texture": "#1"},
				"up": {"uv": [0, 0, 16, 1], "texture": "#1"},
				"down": {"uv": [0, 0, 16, 1], "texture": "#1"}
			}
		},
		{
			"from": [6, -0.625, 7.25],
			"to": [10, 12, 8.75],
			"faces": {
				"north": {"uv": [0, 0, 4, 12.625], "texture": "#0"},
				"east": {"uv": [0, 0, 1.5, 12.625], "texture": "#0"},
				"south": {"uv": [0, 0, 4, 12.625], "texture": "#0"},
				"west": {"uv": [0, 0, 1.5, 12.625], "texture": "#0"},
				"up": {"uv": [0, 0, 4, 1.5], "texture": "#0"},
				"down": {"uv": [0, 0, 4, 1.5], "texture": "#0"}
			}
		},
		{
			"from": [4.25, 4.125, 7.25],
			"to": [11.75, 6.125, 8.75],
			"faces": {
				"north": {"uv": [0, 0, 7.5, 2], "texture": "#0"},
				"east": {"uv": [0, 0, 1.5, 2], "texture": "#0"},
				"south": {"uv": [0, 0, 7.5, 2], "texture": "#0"},
				"west": {"uv": [0, 0, 1.5, 2], "texture": "#0"},
				"up": {"uv": [0, 0, 7.5, 1.5], "texture": "#0"},
				"down": {"uv": [0, 0, 7.5, 1.5], "texture": "#0"}
			}
		},
		{
			"from": [4.44834, 6.44136, 7],
			"to": [8.44834, 11.69136, 9],
			"rotation": {"angle": 22.5, "axis": "z", "origin": [6.44834, 5.69136, 8]},
			"faces": {
				"north": {"uv": [0, 0, 4, 5.25], "texture": "#0"},
				"east": {"uv": [0, 0, 2, 5.25], "texture": "#0"},
				"south": {"uv": [0, 0, 4, 5.25], "texture": "#0"},
				"west": {"uv": [0, 0, 2, 5.25], "texture": "#0"},
				"up": {"uv": [0, 0, 4, 2], "texture": "#0"},
				"down": {"uv": [0, 0, 4, 2], "texture": "#0"}
			}
		},
		{
			"from": [7.55166, 6.44136, 7],
			"to": [11.55166, 11.69136, 9],
			"rotation": {"angle": -22.5, "axis": "z", "origin": [9.55166, 5.69136, 8]},
			"faces": {
				"north": {"uv": [0, 0, 4, 5.25], "texture": "#0"},
				"east": {"uv": [0, 0, 2, 5.25], "texture": "#0"},
				"south": {"uv": [0, 0, 4, 5.25], "texture": "#0"},
				"west": {"uv": [0, 0, 2, 5.25], "texture": "#0"},
				"up": {"uv": [0, 0, 4, 2], "texture": "#0"},
				"down": {"uv": [0, 0, 4, 2], "texture": "#0"}
			}
		},
		{
			"from": [4.56645, -0.90244, 7],
			"to": [8.56645, 4.34756, 9],
			"rotation": {"angle": -22.5, "axis": "z", "origin": [8, 5.69136, 8]},
			"faces": {
				"north": {"uv": [0, 0, 4, 5.25], "rotation": 180, "texture": "#0"},
				"east": {"uv": [0, 0, 2, 5.25], "rotation": 180, "texture": "#0"},
				"south": {"uv": [0, 0, 4, 5.25], "rotation": 180, "texture": "#0"},
				"west": {"uv": [0, 0, 2, 5.25], "rotation": 180, "texture": "#0"},
				"up": {"uv": [0, 0, 4, 2], "rotation": 180, "texture": "#0"},
				"down": {"uv": [0, 0, 4, 2], "rotation": 180, "texture": "#0"}
			}
		},
		{
			"from": [7.43355, -0.90244, 7],
			"to": [11.43355, 4.34756, 9],
			"rotation": {"angle": 22.5, "axis": "z", "origin": [8, 5.69136, 8]},
			"faces": {
				"north": {"uv": [0, 0, 4, 5.25], "rotation": 180, "texture": "#0"},
				"east": {"uv": [0, 0, 2, 5.25], "rotation": 180, "texture": "#0"},
				"south": {"uv": [0, 0, 4, 5.25], "rotation": 180, "texture": "#0"},
				"west": {"uv": [0, 0, 2, 5.25], "rotation": 180, "texture": "#0"},
				"up": {"uv": [0, 0, 4, 2], "rotation": 180, "texture": "#0"},
				"down": {"uv": [0, 0, 4, 2], "rotation": 180, "texture": "#0"}
			}
		},
		{
			"from": [7, 4.5, 9.5],
			"to": [9, 6.5, 9.75],
			"faces": {
				"north": {"uv": [0, 0, 16, 16], "texture": "#2"},
				"east": {"uv": [0, 0, 0.25, 2], "texture": "#2"},
				"south": {"uv": [0, 0, 16, 16], "texture": "#2"},
				"west": {"uv": [0, 0, 0.25, 2], "texture": "#2"},
				"up": {"uv": [0, 0, 2, 0.25], "texture": "#2"},
				"down": {"uv": [0, 0, 2, 0.25], "texture": "#2"}
			}
		},
		{
			"from": [7, 4.5, 6.25],
			"to": [9, 6.5, 6.5],
			"faces": {
				"north": {"uv": [0, 0, 16, 16], "texture": "#2"},
				"east": {"uv": [0, 0, 0.25, 2], "texture": "#2"},
				"south": {"uv": [0, 0, 16, 16], "texture": "#2"},
				"west": {"uv": [0, 0, 0.25, 2], "texture": "#2"},
				"up": {"uv": [0, 0, 2, 0.25], "texture": "#2"},
				"down": {"uv": [0, 0, 2, 0.25], "texture": "#2"}
			}
		}
	],
	"display": {
		"thirdperson_righthand": {
			"scale": [0.25, 0.25, 0.25]
		},
		"thirdperson_lefthand": {
			"scale": [0.25, 0.25, 0.25]
		},
		"firstperson_righthand": {
			"translation": [0, 2.25, 0],
			"scale": [0.25, 0.25, 0.25]
		},
		"firstperson_lefthand": {
			"translation": [0, 2.25, 0],
			"scale": [0.25, 0.25, 0.25]
		},
		"ground": {
			"translation": [0, 2, 0],
			"scale": [0.5, 0.5, 0.5]
		},
		"gui": {
			"rotation": [-30, -1.5, -35],
			"translation": [1.25, 2.25, 0]
		},
		"head": {
			"translation": [0, 6.5, -7.75],
			"scale": [0.5, 0.5, 0.5]
		},
		"fixed": {
			"translation": [0, 2.25, 0]
		}
	},
	"groups": [
		0,
		{
			"name": "backplate",
			"origin": [8, 5.69136, 8],
			"color": 0,
			"children": [1, 2, 3, 4, 5, 6]
		},
		7,
		8
	]
}