{
	"credit": "Made with Blockbench",
	"textures": {
		"0": "earth_rune",
		"1": "shimmering_rock",
		"2": "dark_stone",
		"particle": "earth_rune"
	},
	"elements": [
		{
			"from": [5, 0, 5],
			"to": [11, 4, 11],
			"faces": {
				"north": {"uv": [0, 0, 6, 4], "texture": "#2"},
				"east": {"uv": [0, 0, 6, 4], "texture": "#2"},
				"south": {"uv": [2, 3, 8, 7], "rotation": 180, "texture": "#2"},
				"west": {"uv": [6, 0, 12, 4], "texture": "#2"},
				"up": {"uv": [0, 7, 6, 13], "texture": "#2"},
				"down": {"uv": [8, 5, 14, 11], "texture": "#2"}
			}
		},
		{
			"from": [5, 4, 5],
			"to": [7, 5, 11],
			"faces": {
				"north": {"uv": [0, 0, 2, 1], "texture": "#2"},
				"east": {"uv": [0, 0, 6, 1], "texture": "#2"},
				"south": {"uv": [2, 3, 4, 4], "rotation": 180, "texture": "#2"},
				"west": {"uv": [6, 0, 12, 1], "texture": "#2"},
				"up": {"uv": [0, 7, 2, 13], "texture": "#2"},
				"down": {"uv": [8, 5, 10, 11], "texture": "#2"}
			}
		},
		{
			"from": [9, 4, 5],
			"to": [11, 5, 11],
			"faces": {
				"north": {"uv": [0, 0, 2, 1], "texture": "#2"},
				"east": {"uv": [0, 0, 6, 1], "texture": "#2"},
				"south": {"uv": [2, 3, 4, 4], "rotation": 180, "texture": "#2"},
				"west": {"uv": [6, 0, 12, 1], "texture": "#2"},
				"up": {"uv": [0, 7, 2, 13], "texture": "#2"},
				"down": {"uv": [8, 5, 10, 11], "texture": "#2"}
			}
		},
		{
			"from": [7, 4, 5],
			"to": [9, 5, 7.25],
			"faces": {
				"north": {"uv": [0, 0, 2, 1], "texture": "#2"},
				"east": {"uv": [0, 0, 2.25, 1], "texture": "#2"},
				"south": {"uv": [2, 3, 4, 4], "rotation": 180, "texture": "#2"},
				"west": {"uv": [6, 0, 8.25, 1], "texture": "#2"},
				"up": {"uv": [0, 7, 2, 9.25], "texture": "#2"},
				"down": {"uv": [8, 5, 10, 7.25], "texture": "#2"}
			}
		},
		{
			"from": [7, 4, 8.75],
			"to": [9, 5, 11],
			"faces": {
				"north": {"uv": [0, 0, 2, 1], "texture": "#2"},
				"east": {"uv": [0, 0, 2.25, 1], "texture": "#2"},
				"south": {"uv": [2, 3, 4, 4], "rotation": 180, "texture": "#2"},
				"west": {"uv": [6, 0, 8.25, 1], "texture": "#2"},
				"up": {"uv": [0, 7, 2, 9.25], "texture": "#2"},
				"down": {"uv": [8, 5, 10, 7.25], "texture": "#2"}
			}
		},
		{
			"from": [10, 5, 5],
			"to": [11, 6, 11],
			"faces": {
				"north": {"uv": [0, 0, 1, 1], "texture": "#2"},
				"east": {"uv": [0, 0, 6, 1], "texture": "#2"},
				"south": {"uv": [2, 3, 3, 4], "rotation": 180, "texture": "#2"},
				"west": {"uv": [6, 0, 12, 1], "texture": "#2"},
				"up": {"uv": [0, 7, 1, 13], "texture": "#2"},
				"down": {"uv": [8, 5, 9, 11], "texture": "#2"}
			}
		},
		{
			"from": [6, 5, 5],
			"to": [10, 6, 6],
			"faces": {
				"north": {"uv": [0, 0, 4, 1], "texture": "#2"},
				"east": {"uv": [0, 0, 1, 1], "texture": "#2"},
				"south": {"uv": [2, 3, 6, 4], "rotation": 180, "texture": "#2"},
				"west": {"uv": [6, 0, 7, 1], "texture": "#2"},
				"up": {"uv": [0, 7, 4, 8], "texture": "#2"},
				"down": {"uv": [8, 5, 12, 6], "texture": "#2"}
			}
		},
		{
			"from": [5, 5, 5],
			"to": [6, 6, 11],
			"faces": {
				"north": {"uv": [0, 0, 1, 1], "texture": "#2"},
				"east": {"uv": [0, 0, 6, 1], "texture": "#2"},
				"south": {"uv": [2, 3, 3, 4], "rotation": 180, "texture": "#2"},
				"west": {"uv": [6, 0, 12, 1], "texture": "#2"},
				"up": {"uv": [0, 7, 1, 13], "texture": "#2"},
				"down": {"uv": [8, 5, 9, 11], "texture": "#2"}
			}
		},
		{
			"from": [6, 5, 10],
			"to": [10, 6, 11],
			"faces": {
				"north": {"uv": [0, 0, 4, 1], "texture": "#2"},
				"east": {"uv": [0, 0, 1, 1], "texture": "#2"},
				"south": {"uv": [2, 3, 6, 4], "rotation": 180, "texture": "#2"},
				"west": {"uv": [6, 0, 7, 1], "texture": "#2"},
				"up": {"uv": [0, 7, 4, 8], "texture": "#2"},
				"down": {"uv": [8, 5, 12, 6], "texture": "#2"}
			}
		},
		{
			"name": "shimmering_rock",
			"from": [6.75, 4, 6.75],
			"to": [9.25, 6, 9.25],
			"rotation": {"angle": -45, "axis": "y", "origin": [8, 5, 8]},
			"faces": {
				"north": {"uv": [0, 0, 2, 16], "texture": "#1"},
				"east": {"uv": [0, 0, 2, 16], "texture": "#1"},
				"south": {"uv": [0, 0, 2, 16], "texture": "#1"},
				"west": {"uv": [0, 0, 2, 16], "texture": "#1"},
				"up": {"uv": [0, 0, 16, 16], "rotation": 270, "texture": "#1"},
				"down": {"uv": [0, 0, 2, 16], "rotation": 90, "texture": "#1"}
			}
		},
		{
			"name": "rune",
			"from": [7.25, 6, 7.25],
			"to": [8.75, 6.25, 8.75],
			"faces": {
				"north": {"uv": [0, 0, 1.5, 0.25], "texture": "#0"},
				"east": {"uv": [0, 0, 1.5, 0.25], "texture": "#0"},
				"south": {"uv": [0, 0, 1.5, 0.25], "texture": "#0"},
				"west": {"uv": [0, 0, 1.5, 0.25], "texture": "#0"},
				"up": {"uv": [0, 0, 16, 16], "texture": "#0"},
				"down": {"uv": [0, 0, 1.5, 1.5], "texture": "#0"}
			}
		}
	],
	"display": {
		"thirdperson_righthand": {
			"translation": [0, 1.5, 0],
			"scale": [0.25, 0.25, 0.25]
		},
		"thirdperson_lefthand": {
			"translation": [0, 1.5, 0],
			"scale": [0.25, 0.25, 0.25]
		},
		"firstperson_righthand": {
			"rotation": [35, 0, 0],
			"translation": [0, 2.25, 0],
			"scale": [0.25, 0.25, 0.25]
		},
		"firstperson_lefthand": {
			"rotation": [35, 0, 0],
			"translation": [0, 2.25, 0],
			"scale": [0.25, 0.25, 0.25]
		},
		"ground": {
			"translation": [0, 2, 0],
			"scale": [0.5, 0.5, 0.5]
		},
		"gui": {
			"rotation": [30, 225, 0],
			"translation": [0, 4.5, 0]
		},
		"head": {
			"rotation": [-90, 0, 0],
			"translation": [0, 6.5, -9.5],
			"scale": [0.5, 0.5, 0.5]
		},
		"fixed": {
			"rotation": [-90, 0, 0],
			"translation": [0, 0.25, -6.25]
		}
	},
	"groups": [
		{
			"name": "backplate",
			"origin": [0, 0, 0],
			"color": 0,
			"children": [0, 1, 2, 3, 4, 5, 6, 7, 8]
		},
		9,
		10
	]
}