{
	"credit": "Made with Blockbench",
	"textures": {
		"0": "wood",
		"1": "blade",
		"2": "dark_stone",
		"3": "spinny_thing",
		"4": "admin_core",
		"6": "enby_flag",
		"7": "core",
		"particle": "wood"
	},
	"elements": [
		{
			"from": [7.5, 19.5, 6],
			"to": [8.5, 20.5, 10],
			"rotation": {"angle": 0, "axis": "y", "origin": [7, 20, 5]},
			"faces": {
				"north": {"uv": [8, 7, 9.5, 9], "texture": "#1"},
				"east": {"uv": [3, 10, 7, 12], "texture": "#1"},
				"south": {"uv": [5, 6, 6.5, 8], "texture": "#1"},
				"west": {"uv": [2, 3, 6, 5], "texture": "#1"},
				"up": {"uv": [11, 9, 12.5, 13], "texture": "#1"},
				"down": {"uv": [10, 3, 11.5, 7], "texture": "#1"}
			}
		},
		{
			"from": [7.75, 19.5, 5],
			"to": [8.25, 20.5, 6],
			"rotation": {"angle": 0, "axis": "y", "origin": [7, 20, 5]},
			"faces": {
				"north": {"uv": [8, 7, 8, 8], "texture": "#1"},
				"east": {"uv": [3, 10, 5, 11], "texture": "#1"},
				"south": {"uv": [5, 6, 5, 7], "texture": "#1"},
				"west": {"uv": [2, 3, 4, 4], "texture": "#1"},
				"up": {"uv": [11, 9, 11, 12], "texture": "#1"},
				"down": {"uv": [10, 3, 10, 6], "texture": "#1"}
			}
		},
		{
			"from": [7.75, 20.5, 5.25],
			"to": [8.25, 21.5, 6.25],
			"rotation": {"angle": 0, "axis": "y", "origin": [7, 20, 5]},
			"faces": {
				"north": {"uv": [8, 7, 8, 8], "texture": "#1"},
				"east": {"uv": [3, 10, 5, 11], "texture": "#1"},
				"south": {"uv": [5, 6, 5, 7], "texture": "#1"},
				"west": {"uv": [2, 3, 4, 4], "texture": "#1"},
				"up": {"uv": [11, 9, 11, 12], "texture": "#1"},
				"down": {"uv": [10, 3, 10, 6], "texture": "#1"}
			}
		},
		{
			"from": [7.75, 21.5, 5],
			"to": [8.25, 22.5, 6],
			"rotation": {"angle": 0, "axis": "y", "origin": [7, 20, 5]},
			"faces": {
				"north": {"uv": [8, 7, 8, 8], "texture": "#1"},
				"east": {"uv": [3, 10, 5, 11], "texture": "#1"},
				"south": {"uv": [5, 6, 5, 7], "texture": "#1"},
				"west": {"uv": [2, 3, 4, 4], "texture": "#1"},
				"up": {"uv": [11, 9, 11, 12], "texture": "#1"},
				"down": {"uv": [10, 3, 10, 6], "texture": "#1"}
			}
		},
		{
			"from": [7.75, 24.5, 4.75],
			"to": [8.25, 25.5, 5.75],
			"rotation": {"angle": 0, "axis": "y", "origin": [8, 26.5, 5.375]},
			"faces": {
				"north": {"uv": [8, 7, 8, 8], "texture": "#1"},
				"east": {"uv": [3, 10, 5, 11], "texture": "#1"},
				"south": {"uv": [5, 6, 5, 7], "texture": "#1"},
				"west": {"uv": [2, 3, 4, 4], "texture": "#1"},
				"up": {"uv": [11, 9, 11, 12], "rotation": 180, "texture": "#1"},
				"down": {"uv": [10, 3, 10, 6], "rotation": 180, "texture": "#1"}
			}
		},
		{
			"from": [7.75, 25.5, 5.75],
			"to": [8.25, 26.5, 6.75],
			"rotation": {"angle": 0, "axis": "y", "origin": [8, 26.5, 5.375]},
			"faces": {
				"north": {"uv": [8, 7, 8, 8], "texture": "#1"},
				"east": {"uv": [3, 10, 5, 11], "texture": "#1"},
				"south": {"uv": [5, 6, 5, 7], "texture": "#1"},
				"west": {"uv": [2, 3, 4, 4], "texture": "#1"},
				"up": {"uv": [11, 9, 11, 12], "rotation": 180, "texture": "#1"},
				"down": {"uv": [10, 3, 10, 6], "rotation": 180, "texture": "#1"}
			}
		},
		{
			"from": [7.75, 25.5, 8.75],
			"to": [8.25, 26.5, 9.75],
			"rotation": {"angle": 0, "axis": "y", "origin": [8, 26.5, 5.375]},
			"faces": {
				"north": {"uv": [8, 7, 8, 8], "texture": "#1"},
				"east": {"uv": [3, 10, 5, 11], "texture": "#1"},
				"south": {"uv": [5, 4, 8, 7], "texture": "#1"},
				"west": {"uv": [2, 3, 4, 4], "texture": "#1"},
				"up": {"uv": [11, 9, 11, 12], "rotation": 180, "texture": "#1"},
				"down": {"uv": [10, 3, 10, 6], "rotation": 180, "texture": "#1"}
			}
		},
		{
			"from": [7.75, 26.5, 6.75],
			"to": [8.25, 27.5, 8.75],
			"rotation": {"angle": 0, "axis": "y", "origin": [8, 26.5, 5.375]},
			"faces": {
				"north": {"uv": [8, 7, 8, 8], "texture": "#1"},
				"east": {"uv": [3, 10, 5, 11], "texture": "#1"},
				"south": {"uv": [5, 4, 8, 7], "texture": "#1"},
				"west": {"uv": [2, 3, 4, 4], "texture": "#1"},
				"up": {"uv": [11, 9, 11, 12], "rotation": 180, "texture": "#1"},
				"down": {"uv": [10, 3, 10, 6], "rotation": 180, "texture": "#1"}
			}
		},
		{
			"from": [7.75, 23.5, 4.5],
			"to": [8.25, 24.5, 5.5],
			"rotation": {"angle": 0, "axis": "y", "origin": [8, 26.5, 5.375]},
			"faces": {
				"north": {"uv": [8, 7, 8, 8], "texture": "#1"},
				"east": {"uv": [3, 10, 5, 11], "texture": "#1"},
				"south": {"uv": [5, 6, 5, 7], "texture": "#1"},
				"west": {"uv": [2, 3, 4, 4], "texture": "#1"},
				"up": {"uv": [11, 9, 11, 12], "rotation": 180, "texture": "#1"},
				"down": {"uv": [10, 3, 10, 6], "rotation": 180, "texture": "#1"}
			}
		},
		{
			"from": [7.75, 22.5, 4.75],
			"to": [8.25, 23.5, 5.75],
			"rotation": {"angle": 0, "axis": "y", "origin": [8, 26.5, 5.375]},
			"faces": {
				"north": {"uv": [8, 7, 8, 8], "texture": "#1"},
				"east": {"uv": [3, 10, 5, 11], "texture": "#1"},
				"south": {"uv": [5, 6, 5, 7], "texture": "#1"},
				"west": {"uv": [2, 3, 4, 4], "texture": "#1"},
				"up": {"uv": [11, 9, 11, 12], "rotation": 180, "texture": "#1"},
				"down": {"uv": [10, 3, 10, 6], "rotation": 180, "texture": "#1"}
			}
		},
		{
			"from": [7.75, 19.5, 10],
			"to": [8.25, 20.5, 11],
			"rotation": {"angle": 0, "axis": "y", "origin": [8, 25, 11.625]},
			"faces": {
				"north": {"uv": [8, 7, 8, 8], "texture": "#1"},
				"east": {"uv": [3, 10, 5, 11], "texture": "#1"},
				"south": {"uv": [5, 4, 8, 7], "texture": "#1"},
				"west": {"uv": [2, 3, 4, 4], "texture": "#1"},
				"up": {"uv": [11, 9, 11, 12], "texture": "#1"},
				"down": {"uv": [10, 3, 10, 6], "texture": "#1"}
			}
		},
		{
			"from": [7.75, 20.5, 10.25],
			"to": [8.25, 21.5, 11.25],
			"rotation": {"angle": 0, "axis": "y", "origin": [8, 25, 11.625]},
			"faces": {
				"north": {"uv": [8, 7, 8, 8], "texture": "#1"},
				"east": {"uv": [3, 10, 5, 11], "texture": "#1"},
				"south": {"uv": [5, 4, 8, 7], "texture": "#1"},
				"west": {"uv": [2, 3, 4, 4], "texture": "#1"},
				"up": {"uv": [11, 9, 11, 12], "texture": "#1"},
				"down": {"uv": [10, 3, 10, 6], "texture": "#1"}
			}
		},
		{
			"from": [7.75, 21.5, 10],
			"to": [8.25, 22.5, 11],
			"rotation": {"angle": 0, "axis": "y", "origin": [8, 25, 11.625]},
			"faces": {
				"north": {"uv": [8, 7, 8, 8], "texture": "#1"},
				"east": {"uv": [3, 10, 5, 11], "texture": "#1"},
				"south": {"uv": [5, 4, 8, 7], "texture": "#1"},
				"west": {"uv": [2, 3, 4, 4], "texture": "#1"},
				"up": {"uv": [11, 9, 11, 12], "texture": "#1"},
				"down": {"uv": [10, 3, 10, 6], "texture": "#1"}
			}
		},
		{
			"from": [7.75, 22.5, 9.75],
			"to": [8.25, 23.5, 10.75],
			"rotation": {"angle": 0, "axis": "y", "origin": [8, 25, 11.625]},
			"faces": {
				"north": {"uv": [8, 7, 8, 8], "texture": "#1"},
				"east": {"uv": [3, 10, 5, 11], "texture": "#1"},
				"south": {"uv": [5, 4, 8, 7], "texture": "#1"},
				"west": {"uv": [2, 3, 4, 4], "texture": "#1"},
				"up": {"uv": [11, 9, 11, 12], "rotation": 180, "texture": "#1"},
				"down": {"uv": [10, 3, 10, 6], "rotation": 180, "texture": "#1"}
			}
		},
		{
			"from": [7.75, 23.5, 9.5],
			"to": [8.25, 24.5, 10.5],
			"rotation": {"angle": 0, "axis": "y", "origin": [8, 25, 11.625]},
			"faces": {
				"north": {"uv": [8, 7, 8, 8], "texture": "#1"},
				"east": {"uv": [3, 10, 5, 11], "texture": "#1"},
				"south": {"uv": [5, 4, 8, 7], "texture": "#1"},
				"west": {"uv": [2, 3, 4, 4], "texture": "#1"},
				"up": {"uv": [11, 9, 11, 12], "rotation": 180, "texture": "#1"},
				"down": {"uv": [10, 3, 10, 6], "rotation": 180, "texture": "#1"}
			}
		},
		{
			"from": [7.75, 24.5, 9.75],
			"to": [8.25, 25.5, 10.75],
			"rotation": {"angle": 0, "axis": "y", "origin": [8, 25, 11.625]},
			"faces": {
				"north": {"uv": [8, 7, 8, 8], "texture": "#1"},
				"east": {"uv": [3, 10, 5, 11], "texture": "#1"},
				"south": {"uv": [5, 4, 8, 7], "texture": "#1"},
				"west": {"uv": [2, 3, 4, 4], "texture": "#1"},
				"up": {"uv": [11, 9, 11, 12], "rotation": 180, "texture": "#1"},
				"down": {"uv": [10, 3, 10, 6], "rotation": 180, "texture": "#1"}
			}
		},
		{
			"from": [8, 19.5, 11],
			"to": [8, 20.5, 11.5],
			"rotation": {"angle": 0, "axis": "y", "origin": [8, 25, 11.625]},
			"faces": {
				"north": {"uv": [8, 7, 8, 8], "texture": "#1"},
				"east": {"uv": [3, 10, 5, 11], "texture": "#1"},
				"south": {"uv": [5, 6, 5, 7], "texture": "#1"},
				"west": {"uv": [2, 3, 4, 4], "texture": "#1"},
				"up": {"uv": [11, 9, 11, 12], "texture": "#1"},
				"down": {"uv": [10, 3, 10, 6], "texture": "#1"}
			}
		},
		{
			"from": [8, 20.5, 11.25],
			"to": [8, 21.5, 11.75],
			"rotation": {"angle": 0, "axis": "y", "origin": [8, 25, 11.625]},
			"faces": {
				"north": {"uv": [8, 7, 8, 8], "texture": "#1"},
				"east": {"uv": [3, 10, 5, 11], "texture": "#1"},
				"south": {"uv": [5, 6, 5, 7], "texture": "#1"},
				"west": {"uv": [2, 3, 4, 4], "texture": "#1"},
				"up": {"uv": [11, 9, 11, 12], "texture": "#1"},
				"down": {"uv": [10, 3, 10, 6], "texture": "#1"}
			}
		},
		{
			"from": [8, 21.5, 11],
			"to": [8, 22.5, 11.5],
			"rotation": {"angle": 0, "axis": "y", "origin": [8, 25, 11.625]},
			"faces": {
				"north": {"uv": [8, 7, 8, 8], "texture": "#1"},
				"east": {"uv": [3, 10, 5, 11], "texture": "#1"},
				"south": {"uv": [5, 6, 5, 7], "texture": "#1"},
				"west": {"uv": [2, 3, 4, 4], "texture": "#1"},
				"up": {"uv": [11, 9, 11, 12], "texture": "#1"},
				"down": {"uv": [10, 3, 10, 6], "texture": "#1"}
			}
		},
		{
			"from": [8, 22.5, 10.75],
			"to": [8, 23.5, 11.25],
			"rotation": {"angle": 0, "axis": "y", "origin": [8, 25, 11.625]},
			"faces": {
				"north": {"uv": [8, 7, 8, 8], "texture": "#1"},
				"east": {"uv": [3, 10, 5, 11], "texture": "#1"},
				"south": {"uv": [5, 6, 5, 7], "texture": "#1"},
				"west": {"uv": [2, 3, 4, 4], "texture": "#1"},
				"up": {"uv": [11, 9, 11, 12], "rotation": 180, "texture": "#1"},
				"down": {"uv": [10, 3, 10, 6], "rotation": 180, "texture": "#1"}
			}
		},
		{
			"from": [8, 23.5, 10.5],
			"to": [8, 24.5, 11],
			"rotation": {"angle": 0, "axis": "y", "origin": [8, 25, 11.625]},
			"faces": {
				"north": {"uv": [8, 7, 8, 8], "texture": "#1"},
				"east": {"uv": [3, 10, 5, 11], "texture": "#1"},
				"south": {"uv": [5, 6, 5, 7], "texture": "#1"},
				"west": {"uv": [2, 3, 4, 4], "texture": "#1"},
				"up": {"uv": [11, 9, 11, 12], "rotation": 180, "texture": "#1"},
				"down": {"uv": [10, 3, 10, 6], "rotation": 180, "texture": "#1"}
			}
		},
		{
			"from": [8, 24.5, 10.75],
			"to": [8, 25.5, 11.25],
			"rotation": {"angle": 0, "axis": "y", "origin": [8, 25, 11.625]},
			"faces": {
				"north": {"uv": [8, 7, 8, 8], "texture": "#1"},
				"east": {"uv": [3, 10, 5, 11], "texture": "#1"},
				"south": {"uv": [5, 6, 5, 7], "texture": "#1"},
				"west": {"uv": [2, 3, 4, 4], "texture": "#1"},
				"up": {"uv": [11, 9, 11, 12], "rotation": 180, "texture": "#1"},
				"down": {"uv": [10, 3, 10, 6], "rotation": 180, "texture": "#1"}
			}
		},
		{
			"from": [8, 19.5, 4.5],
			"to": [8, 20.5, 5],
			"rotation": {"angle": 0, "axis": "y", "origin": [8, 25, 11.625]},
			"faces": {
				"north": {"uv": [8, 7, 8, 8], "texture": "#1"},
				"east": {"uv": [3, 10, 5, 11], "texture": "#1"},
				"south": {"uv": [5, 6, 5, 7], "texture": "#1"},
				"west": {"uv": [2, 3, 4, 4], "texture": "#1"},
				"up": {"uv": [11, 9, 11, 12], "texture": "#1"},
				"down": {"uv": [10, 3, 10, 6], "texture": "#1"}
			}
		},
		{
			"from": [8, 20.5, 4.75],
			"to": [8, 21.5, 5.25],
			"rotation": {"angle": 0, "axis": "y", "origin": [8, 25, 11.625]},
			"faces": {
				"north": {"uv": [8, 7, 8, 8], "texture": "#1"},
				"east": {"uv": [3, 10, 5, 11], "texture": "#1"},
				"south": {"uv": [5, 6, 5, 7], "texture": "#1"},
				"west": {"uv": [2, 3, 4, 4], "texture": "#1"},
				"up": {"uv": [11, 9, 11, 12], "texture": "#1"},
				"down": {"uv": [10, 3, 10, 6], "texture": "#1"}
			}
		},
		{
			"from": [8, 21.5, 4.5],
			"to": [8, 22.5, 5],
			"rotation": {"angle": 0, "axis": "y", "origin": [8, 25, 11.625]},
			"faces": {
				"north": {"uv": [8, 7, 8, 8], "texture": "#1"},
				"east": {"uv": [3, 10, 5, 11], "texture": "#1"},
				"south": {"uv": [5, 6, 5, 7], "texture": "#1"},
				"west": {"uv": [2, 3, 4, 4], "texture": "#1"},
				"up": {"uv": [11, 9, 11, 12], "texture": "#1"},
				"down": {"uv": [10, 3, 10, 6], "texture": "#1"}
			}
		},
		{
			"from": [8, 22.5, 4.25],
			"to": [8, 23.5, 4.75],
			"rotation": {"angle": 0, "axis": "y", "origin": [8, 25, 11.625]},
			"faces": {
				"north": {"uv": [8, 7, 8, 8], "texture": "#1"},
				"east": {"uv": [3, 10, 5, 11], "texture": "#1"},
				"south": {"uv": [5, 6, 5, 7], "texture": "#1"},
				"west": {"uv": [2, 3, 4, 4], "texture": "#1"},
				"up": {"uv": [11, 9, 11, 12], "rotation": 180, "texture": "#1"},
				"down": {"uv": [10, 3, 10, 6], "rotation": 180, "texture": "#1"}
			}
		},
		{
			"from": [8, 23.5, 4],
			"to": [8, 24.5, 4.5],
			"rotation": {"angle": 0, "axis": "y", "origin": [8, 25, 11.625]},
			"faces": {
				"north": {"uv": [8, 7, 8, 8], "texture": "#1"},
				"east": {"uv": [3, 10, 5, 11], "texture": "#1"},
				"south": {"uv": [5, 6, 5, 7], "texture": "#1"},
				"west": {"uv": [2, 3, 4, 4], "texture": "#1"},
				"up": {"uv": [11, 9, 11, 12], "rotation": 180, "texture": "#1"},
				"down": {"uv": [10, 3, 10, 6], "rotation": 180, "texture": "#1"}
			}
		},
		{
			"from": [8, 24.5, 4.25],
			"to": [8, 25.5, 4.75],
			"rotation": {"angle": 0, "axis": "y", "origin": [8, 25, 11.625]},
			"faces": {
				"north": {"uv": [8, 7, 8, 8], "texture": "#1"},
				"east": {"uv": [3, 10, 5, 11], "texture": "#1"},
				"south": {"uv": [5, 6, 5, 7], "texture": "#1"},
				"west": {"uv": [2, 3, 4, 4], "texture": "#1"},
				"up": {"uv": [11, 9, 11, 12], "rotation": 180, "texture": "#1"},
				"down": {"uv": [10, 3, 10, 6], "rotation": 180, "texture": "#1"}
			}
		},
		{
			"from": [8, 25.5, 4.75],
			"to": [8, 26.5, 5.75],
			"rotation": {"angle": 0, "axis": "y", "origin": [8, 25, 11.625]},
			"faces": {
				"north": {"uv": [8, 7, 8, 8], "texture": "#1"},
				"east": {"uv": [3, 10, 5, 11], "texture": "#1"},
				"south": {"uv": [5, 6, 5, 7], "texture": "#1"},
				"west": {"uv": [2, 3, 4, 4], "texture": "#1"},
				"up": {"uv": [11, 9, 11, 12], "rotation": 180, "texture": "#1"},
				"down": {"uv": [10, 3, 10, 6], "rotation": 180, "texture": "#1"}
			}
		},
		{
			"from": [8, 26.5, 5.75],
			"to": [8, 27.5, 6.75],
			"rotation": {"angle": 0, "axis": "y", "origin": [8, 25, 11.625]},
			"faces": {
				"north": {"uv": [8, 7, 8, 8], "texture": "#1"},
				"east": {"uv": [3, 10, 5, 11], "texture": "#1"},
				"south": {"uv": [5, 6, 5, 7], "texture": "#1"},
				"west": {"uv": [2, 3, 4, 4], "texture": "#1"},
				"up": {"uv": [11, 9, 11, 12], "rotation": 180, "texture": "#1"},
				"down": {"uv": [10, 3, 10, 6], "rotation": 180, "texture": "#1"}
			}
		},
		{
			"from": [8, 26.5, 8.75],
			"to": [8, 27.5, 9.75],
			"rotation": {"angle": 0, "axis": "y", "origin": [8, 25, 11.625]},
			"faces": {
				"north": {"uv": [8, 7, 8, 8], "texture": "#1"},
				"east": {"uv": [3, 10, 5, 11], "texture": "#1"},
				"south": {"uv": [5, 6, 5, 7], "texture": "#1"},
				"west": {"uv": [2, 3, 4, 4], "texture": "#1"},
				"up": {"uv": [11, 9, 11, 12], "rotation": 180, "texture": "#1"},
				"down": {"uv": [10, 3, 10, 6], "rotation": 180, "texture": "#1"}
			}
		},
		{
			"from": [8, 27.5, 6.75],
			"to": [8, 28.5, 8.75],
			"rotation": {"angle": 0, "axis": "y", "origin": [8, 25, 11.625]},
			"faces": {
				"north": {"uv": [8, 7, 8, 8], "texture": "#1"},
				"east": {"uv": [3, 10, 5, 11], "texture": "#1"},
				"south": {"uv": [5, 6, 5, 7], "texture": "#1"},
				"west": {"uv": [2, 3, 4, 4], "texture": "#1"},
				"up": {"uv": [11, 9, 11, 12], "rotation": 180, "texture": "#1"},
				"down": {"uv": [10, 3, 10, 6], "rotation": 180, "texture": "#1"}
			}
		},
		{
			"from": [8, 25.5, 9.75],
			"to": [8, 26.5, 10.75],
			"rotation": {"angle": 0, "axis": "y", "origin": [8, 25, 11.625]},
			"faces": {
				"north": {"uv": [8, 7, 8, 8], "texture": "#1"},
				"east": {"uv": [3, 10, 5, 11], "texture": "#1"},
				"south": {"uv": [5, 6, 5, 7], "texture": "#1"},
				"west": {"uv": [2, 3, 4, 4], "texture": "#1"},
				"up": {"uv": [11, 9, 11, 12], "rotation": 180, "texture": "#1"},
				"down": {"uv": [10, 3, 10, 6], "rotation": 180, "texture": "#1"}
			}
		},
		{
			"from": [7.5, 20.5, 6.25],
			"to": [8.5, 21.5, 10.25],
			"rotation": {"angle": 0, "axis": "y", "origin": [7, 20, 5]},
			"faces": {
				"north": {"uv": [8, 7, 9.5, 9], "texture": "#1"},
				"east": {"uv": [3, 10, 7, 12], "texture": "#1"},
				"south": {"uv": [5, 6, 6.5, 8], "texture": "#1"},
				"west": {"uv": [2, 3, 6, 5], "texture": "#1"},
				"up": {"uv": [11, 9, 12.5, 13], "texture": "#1"},
				"down": {"uv": [10, 3, 11.5, 7], "texture": "#1"}
			}
		},
		{
			"from": [7.5, 21.5, 6],
			"to": [8.5, 22.5, 10],
			"rotation": {"angle": 0, "axis": "y", "origin": [7, 20, 5]},
			"faces": {
				"north": {"uv": [8, 7, 9.5, 9], "texture": "#1"},
				"east": {"uv": [3, 10, 7, 12], "texture": "#1"},
				"south": {"uv": [5, 6, 6.5, 8], "texture": "#1"},
				"west": {"uv": [2, 3, 6, 5], "texture": "#1"},
				"up": {"uv": [11, 9, 12.5, 13], "texture": "#1"},
				"down": {"uv": [10, 3, 11.5, 7], "texture": "#1"}
			}
		},
		{
			"from": [7.5, 24.5, 5.75],
			"to": [8.5, 25.5, 9.75],
			"rotation": {"angle": 0, "axis": "y", "origin": [8, 26.5, 8.625]},
			"faces": {
				"north": {"uv": [8, 7, 9.5, 9], "texture": "#1"},
				"east": {"uv": [3, 10, 7, 12], "texture": "#1"},
				"south": {"uv": [5, 6, 6.5, 8], "texture": "#1"},
				"west": {"uv": [2, 3, 6, 5], "texture": "#1"},
				"up": {"uv": [11, 9, 12.5, 13], "rotation": 180, "texture": "#1"},
				"down": {"uv": [10, 3, 11.5, 7], "rotation": 180, "texture": "#1"}
			}
		},
		{
			"from": [7.5, 25.5, 6.75],
			"to": [8.5, 26.5, 8.75],
			"rotation": {"angle": 0, "axis": "y", "origin": [8, 26.5, 8.625]},
			"faces": {
				"north": {"uv": [8, 7, 9.5, 9], "texture": "#1"},
				"east": {"uv": [3, 10, 7, 12], "texture": "#1"},
				"south": {"uv": [5, 6, 6.5, 8], "texture": "#1"},
				"west": {"uv": [2, 3, 6, 5], "texture": "#1"},
				"up": {"uv": [11, 9, 12.5, 13], "rotation": 180, "texture": "#1"},
				"down": {"uv": [10, 3, 11.5, 7], "rotation": 180, "texture": "#1"}
			}
		},
		{
			"from": [7.5, 23.5, 5.5],
			"to": [8.5, 24.5, 9.5],
			"rotation": {"angle": 0, "axis": "y", "origin": [8, 26.5, 8.625]},
			"faces": {
				"north": {"uv": [8, 7, 9.5, 9], "texture": "#1"},
				"east": {"uv": [3, 10, 7, 12], "texture": "#1"},
				"south": {"uv": [5, 6, 6.5, 8], "texture": "#1"},
				"west": {"uv": [2, 3, 6, 5], "texture": "#1"},
				"up": {"uv": [11, 9, 12.5, 13], "rotation": 180, "texture": "#1"},
				"down": {"uv": [10, 3, 11.5, 7], "rotation": 180, "texture": "#1"}
			}
		},
		{
			"from": [7.5, 22.5, 5.75],
			"to": [8.5, 23.5, 9.75],
			"rotation": {"angle": 0, "axis": "y", "origin": [8, 26.5, 8.625]},
			"faces": {
				"north": {"uv": [8, 7, 9.5, 9], "texture": "#1"},
				"east": {"uv": [3, 10, 7, 12], "texture": "#1"},
				"south": {"uv": [5, 6, 6.5, 8], "texture": "#1"},
				"west": {"uv": [2, 3, 6, 5], "texture": "#1"},
				"up": {"uv": [11, 9, 12.5, 13], "rotation": 180, "texture": "#1"},
				"down": {"uv": [10, 3, 11.5, 7], "rotation": 180, "texture": "#1"}
			}
		},
		{
			"from": [6, 15, 7],
			"to": [7, 19, 9],
			"rotation": {"angle": 0, "axis": "y", "origin": [8, 14, 8]},
			"faces": {
				"north": {"uv": [0, 0, 1, 4], "texture": "#0"},
				"east": {"uv": [0, 0, 2, 4], "texture": "#0"},
				"south": {"uv": [0, 0, 1, 4], "texture": "#0"},
				"west": {"uv": [0, 0, 2, 4], "texture": "#0"},
				"up": {"uv": [0, 0, 2, 1], "rotation": 270, "texture": "#0"},
				"down": {"uv": [0, 0, 2, 1], "rotation": 90, "texture": "#0"}
			}
		},
		{
			"from": [7, -12, 7],
			"to": [9, 11, 9],
			"faces": {
				"north": {"uv": [0, 0, 2, 16], "texture": "#0"},
				"east": {"uv": [0, 0, 2, 16], "texture": "#0"},
				"south": {"uv": [0, 0, 2, 16], "texture": "#0"},
				"west": {"uv": [0, 0, 2, 16], "texture": "#0"},
				"up": {"uv": [0, 0, 2, 2], "texture": "#0"},
				"down": {"uv": [0, 0, 2, 2], "texture": "#0"}
			}
		},
		{
			"from": [7, 14, 7],
			"to": [9, 20, 9],
			"faces": {
				"north": {"uv": [0, 0, 2, 6], "texture": "#0"},
				"east": {"uv": [0, 0, 2, 6], "texture": "#0"},
				"south": {"uv": [0, 0, 2, 6], "texture": "#0"},
				"west": {"uv": [0, 0, 2, 6], "texture": "#0"},
				"up": {"uv": [0, 0, 2, 2], "texture": "#0"},
				"down": {"uv": [0, 0, 2, 2], "texture": "#0"}
			}
		},
		{
			"from": [6.75, 10.75, 6.75],
			"to": [7.25, 11.75, 7.25],
			"faces": {
				"north": {"uv": [0, 0, 0.5, 1], "texture": "#0"},
				"east": {"uv": [0, 0, 0.5, 1], "texture": "#0"},
				"south": {"uv": [0, 0, 0.5, 1], "texture": "#0"},
				"west": {"uv": [0, 0, 0.5, 1], "texture": "#0"},
				"up": {"uv": [0, 0, 0.5, 0.5], "texture": "#0"},
				"down": {"uv": [0, 0, 0.5, 0.5], "texture": "#0"}
			}
		},
		{
			"from": [8.75, 10.75, 6.75],
			"to": [9.25, 11.75, 7.25],
			"faces": {
				"north": {"uv": [0, 0, 0.5, 1], "texture": "#0"},
				"east": {"uv": [0, 0, 0.5, 1], "texture": "#0"},
				"south": {"uv": [0, 0, 0.5, 1], "texture": "#0"},
				"west": {"uv": [0, 0, 0.5, 1], "texture": "#0"},
				"up": {"uv": [0, 0, 0.5, 0.5], "texture": "#0"},
				"down": {"uv": [0, 0, 0.5, 0.5], "texture": "#0"}
			}
		},
		{
			"from": [8.75, 10.75, 8.75],
			"to": [9.25, 11.75, 9.25],
			"faces": {
				"north": {"uv": [0, 0, 0.5, 1], "texture": "#0"},
				"east": {"uv": [0, 0, 0.5, 1], "texture": "#0"},
				"south": {"uv": [0, 0, 0.5, 1], "texture": "#0"},
				"west": {"uv": [0, 0, 0.5, 1], "texture": "#0"},
				"up": {"uv": [0, 0, 0.5, 0.5], "texture": "#0"},
				"down": {"uv": [0, 0, 0.5, 0.5], "texture": "#0"}
			}
		},
		{
			"from": [6.75, 10.75, 8.75],
			"to": [7.25, 11.75, 9.25],
			"faces": {
				"north": {"uv": [0, 0, 0.5, 1], "texture": "#0"},
				"east": {"uv": [0, 0, 0.5, 1], "texture": "#0"},
				"south": {"uv": [0, 0, 0.5, 1], "texture": "#0"},
				"west": {"uv": [0, 0, 0.5, 1], "texture": "#0"},
				"up": {"uv": [0, 0, 0.5, 0.5], "texture": "#0"},
				"down": {"uv": [0, 0, 0.5, 0.5], "texture": "#0"}
			}
		},
		{
			"from": [6.5, 11.75, 6.5],
			"to": [7, 13.25, 7],
			"faces": {
				"north": {"uv": [0, 0, 0.5, 1.5], "texture": "#0"},
				"east": {"uv": [0, 0, 0.5, 1.5], "texture": "#0"},
				"south": {"uv": [0, 0, 0.5, 1.5], "texture": "#0"},
				"west": {"uv": [0, 0, 0.5, 1.5], "texture": "#0"},
				"up": {"uv": [0, 0, 0.5, 0.5], "texture": "#0"},
				"down": {"uv": [0, 0, 0.5, 0.5], "texture": "#0"}
			}
		},
		{
			"from": [6.5, 11.75, 9],
			"to": [7, 13.25, 9.5],
			"faces": {
				"north": {"uv": [0, 0, 0.5, 1.5], "texture": "#0"},
				"east": {"uv": [0, 0, 0.5, 1.5], "texture": "#0"},
				"south": {"uv": [0, 0, 0.5, 1.5], "texture": "#0"},
				"west": {"uv": [0, 0, 0.5, 1.5], "texture": "#0"},
				"up": {"uv": [0, 0, 0.5, 0.5], "texture": "#0"},
				"down": {"uv": [0, 0, 0.5, 0.5], "texture": "#0"}
			}
		},
		{
			"from": [9, 11.75, 9],
			"to": [9.5, 13.25, 9.5],
			"faces": {
				"north": {"uv": [0, 0, 0.5, 1.5], "texture": "#0"},
				"east": {"uv": [0, 0, 0.5, 1.5], "texture": "#0"},
				"south": {"uv": [0, 0, 0.5, 1.5], "texture": "#0"},
				"west": {"uv": [0, 0, 0.5, 1.5], "texture": "#0"},
				"up": {"uv": [0, 0, 0.5, 0.5], "texture": "#0"},
				"down": {"uv": [0, 0, 0.5, 0.5], "texture": "#0"}
			}
		},
		{
			"from": [9, 11.75, 6.5],
			"to": [9.5, 13.25, 7],
			"faces": {
				"north": {"uv": [0, 0, 0.5, 1.5], "texture": "#0"},
				"east": {"uv": [0, 0, 0.5, 1.5], "texture": "#0"},
				"south": {"uv": [0, 0, 0.5, 1.5], "texture": "#0"},
				"west": {"uv": [0, 0, 0.5, 1.5], "texture": "#0"},
				"up": {"uv": [0, 0, 0.5, 0.5], "texture": "#0"},
				"down": {"uv": [0, 0, 0.5, 0.5], "texture": "#0"}
			}
		},
		{
			"from": [8.75, 13.25, 8.75],
			"to": [9.25, 14.25, 9.25],
			"faces": {
				"north": {"uv": [0, 0, 0.5, 1], "texture": "#0"},
				"east": {"uv": [0, 0, 0.5, 1], "texture": "#0"},
				"south": {"uv": [0, 0, 0.5, 1], "texture": "#0"},
				"west": {"uv": [0, 0, 0.5, 1], "texture": "#0"},
				"up": {"uv": [0, 0, 0.5, 0.5], "texture": "#0"},
				"down": {"uv": [0, 0, 0.5, 0.5], "texture": "#0"}
			}
		},
		{
			"from": [8.75, 13.25, 6.75],
			"to": [9.25, 14.25, 7.25],
			"faces": {
				"north": {"uv": [0, 0, 0.5, 1], "texture": "#0"},
				"east": {"uv": [0, 0, 0.5, 1], "texture": "#0"},
				"south": {"uv": [0, 0, 0.5, 1], "texture": "#0"},
				"west": {"uv": [0, 0, 0.5, 1], "texture": "#0"},
				"up": {"uv": [0, 0, 0.5, 0.5], "texture": "#0"},
				"down": {"uv": [0, 0, 0.5, 0.5], "texture": "#0"}
			}
		},
		{
			"from": [6.75, 13.25, 6.75],
			"to": [7.25, 14.25, 7.25],
			"faces": {
				"north": {"uv": [0, 0, 0.5, 1], "texture": "#0"},
				"east": {"uv": [0, 0, 0.5, 1], "texture": "#0"},
				"south": {"uv": [0, 0, 0.5, 1], "texture": "#0"},
				"west": {"uv": [0, 0, 0.5, 1], "texture": "#0"},
				"up": {"uv": [0, 0, 0.5, 0.5], "texture": "#0"},
				"down": {"uv": [0, 0, 0.5, 0.5], "texture": "#0"}
			}
		},
		{
			"from": [6.75, 13.25, 8.75],
			"to": [7.25, 14.25, 9.25],
			"faces": {
				"north": {"uv": [0, 0, 0.5, 1], "texture": "#0"},
				"east": {"uv": [0, 0, 0.5, 1], "texture": "#0"},
				"south": {"uv": [0, 0, 0.5, 1], "texture": "#0"},
				"west": {"uv": [0, 0, 0.5, 1], "texture": "#0"},
				"up": {"uv": [0, 0, 0.5, 0.5], "texture": "#0"},
				"down": {"uv": [0, 0, 0.5, 0.5], "texture": "#0"}
			}
		},
		{
			"from": [7, 15, 6],
			"to": [9, 19, 7],
			"faces": {
				"north": {"uv": [0, 0, 2, 4], "texture": "#0"},
				"east": {"uv": [0, 0, 1, 4], "texture": "#0"},
				"south": {"uv": [0, 0, 2, 4], "texture": "#0"},
				"west": {"uv": [0, 0, 1, 4], "texture": "#0"},
				"up": {"uv": [0, 0, 2, 1], "texture": "#0"},
				"down": {"uv": [0, 0, 2, 1], "texture": "#0"}
			}
		},
		{
			"from": [7.5, 9.5, 9],
			"to": [8.5, 16, 10.25],
			"faces": {
				"north": {"uv": [0, 0, 2, 8.5], "texture": "#2"},
				"east": {"uv": [0, 0, 2, 8.5], "texture": "#2"},
				"south": {"uv": [0, 0, 2, 8.5], "texture": "#2"},
				"west": {"uv": [0, 0, 2, 8.5], "texture": "#2"},
				"up": {"uv": [0, 0, 1, 1], "texture": "#2"},
				"down": {"uv": [0, 0, 1, 1], "texture": "#2"}
			}
		},
		{
			"name": "flag",
			"from": [8, 7.5, 10.25],
			"to": [8, 18.5, 21.25],
			"faces": {
				"north": {"uv": [0, 0, 16, 16], "texture": "#6"},
				"east": {"uv": [16, 0, 0, 16], "texture": "#6"},
				"south": {"uv": [0, 0, 16, 16], "texture": "#6"},
				"west": {"uv": [0, 0, 16, 16], "texture": "#6"},
				"up": {"uv": [0, 0, 1, 1], "texture": "#6"},
				"down": {"uv": [0, 0, 1, 1], "texture": "#6"}
			}
		},
		{
			"from": [7, 15, 9],
			"to": [9, 19, 10],
			"faces": {
				"north": {"uv": [0, 0, 2, 4], "texture": "#0"},
				"east": {"uv": [0, 0, 1, 4], "texture": "#0"},
				"south": {"uv": [0, 0, 2, 4], "texture": "#0"},
				"west": {"uv": [0, 0, 1, 4], "texture": "#0"},
				"up": {"uv": [0, 0, 2, 1], "texture": "#0"},
				"down": {"uv": [0, 0, 2, 1], "texture": "#0"}
			}
		},
		{
			"from": [9, 15, 7],
			"to": [10, 19, 9],
			"rotation": {"angle": 0, "axis": "y", "origin": [8, 14, 8]},
			"faces": {
				"north": {"uv": [0, 0, 1, 4], "texture": "#0"},
				"east": {"uv": [0, 0, 2, 4], "texture": "#0"},
				"south": {"uv": [0, 0, 1, 4], "texture": "#0"},
				"west": {"uv": [0, 0, 2, 4], "texture": "#0"},
				"up": {"uv": [0, 0, 2, 1], "rotation": 270, "texture": "#0"},
				"down": {"uv": [0, 0, 2, 1], "rotation": 90, "texture": "#0"}
			}
		},
		{
			"from": [6, 12, 6],
			"to": [10, 12, 10],
			"faces": {
				"north": {"uv": [0, 0, 4, 0], "texture": "#3"},
				"east": {"uv": [0, 0, 4, 0], "texture": "#3"},
				"south": {"uv": [0, 0, 4, 0], "texture": "#3"},
				"west": {"uv": [0, 0, 4, 0], "texture": "#3"},
				"up": {"uv": [0, 0, 16, 16], "texture": "#3"},
				"down": {"uv": [0, 16, 16, 0], "texture": "#3"}
			}
		},
		{
			"from": [6, 13, 6],
			"to": [10, 13, 10],
			"faces": {
				"north": {"uv": [0, 0, 4, 0], "texture": "#3"},
				"east": {"uv": [0, 0, 4, 0], "texture": "#3"},
				"south": {"uv": [0, 0, 4, 0], "texture": "#3"},
				"west": {"uv": [0, 0, 4, 0], "texture": "#3"},
				"up": {"uv": [16, 16, 0, 0], "texture": "#3"},
				"down": {"uv": [16, 0, 0, 16], "texture": "#3"}
			}
		},
		{
			"from": [7.5, 12, 7.5],
			"to": [8.5, 13, 8.5],
			"faces": {
				"north": {"uv": [8, 8, 9, 9], "texture": "#4"},
				"east": {"uv": [8, 8, 9, 9], "texture": "#4"},
				"south": {"uv": [8, 8, 9, 9], "texture": "#4"},
				"west": {"uv": [8, 8, 9, 9], "texture": "#4"},
				"up": {"uv": [8, 8, 9, 9], "texture": "#4"},
				"down": {"uv": [8, 8, 9, 9], "texture": "#4"}
			}
		},
		{
			"from": [7.25, 22.25, 7.25],
			"to": [8.75, 23.75, 8.75],
			"faces": {
				"north": {"uv": [0, 0, 1.5, 1.5], "texture": "#7"},
				"east": {"uv": [0, 0, 1.5, 1.5], "texture": "#7"},
				"south": {"uv": [0, 0, 1.5, 1.5], "texture": "#7"},
				"west": {"uv": [0, 0, 1.5, 1.5], "texture": "#7"},
				"up": {"uv": [0, 0, 1.5, 1.5], "texture": "#7"},
				"down": {"uv": [0, 0, 1.5, 1.5], "texture": "#7"}
			}
		}
	],
	"display": {
		"thirdperson_righthand": {
			"translation": [0, 2, 1.5]
		},
		"thirdperson_lefthand": {
			"translation": [0, 2, 1.5]
		},
		"ground": {
			"translation": [0, 12, 0],
			"scale": [0.75, 0.75, 0.75]
		},
		"gui": {
			"rotation": [-90, -45, -90],
			"translation": [-0.5, -0.5, 0],
			"scale": [0.5, 0.5, 0.5]
		},
		"head": {
			"rotation": [-90, 25, 90],
			"translation": [0, -22, 7],
			"scale": [1.3, 1.3, 1.3]
		},
		"fixed": {
			"rotation": [-90, 45, 90]
		}
	},
	"groups": [
		{
			"name": "tip",
			"origin": [0, 0, 0],
			"color": 0,
			"children": [0, 1, 2, 3, 4, 5, 6, 7, 8, 9, 10, 11, 12, 13, 14, 15, 16, 17, 18, 19, 20, 21, 22, 23, 24, 25, 26, 27, 28, 29, 30, 31, 32, 33, 34, 35, 36, 37, 38]
		},
		{
			"name": "pole",
			"origin": [8, 14, 8],
			"color": 0,
			"children": [39, 40, 41, 42, 43, 44, 45, 46, 47, 48, 49, 50, 51, 52, 53, 54, 55, 56, 57, 58]
		},
		{
			"name": "spinny_things",
			"origin": [0, 0, 0],
			"color": 0,
			"children": [59, 60]
		},
		61,
		62
	]
}