{
	"credit": "Made with Blockbench",
	"textures": {
		"0": "enby_flag",
		"1": "oak_log",
		"particle": "enby_flag"
	},
	"elements": [
		{
			"from": [7.75, 0, 7.75],
			"to": [8.25, 16, 8.25],
			"faces": {
				"north": {"uv": [0, 0, 0.5, 16], "texture": "#1"},
				"east": {"uv": [0, 0, 0.5, 16], "texture": "#1"},
				"south": {"uv": [0, 0, 0.5, 16], "texture": "#1"},
				"west": {"uv": [0, 0, 0.5, 16], "texture": "#1"},
				"up": {"uv": [0, 0, 0.5, 0.5], "texture": "#1"},
				"down": {"uv": [0, 0, 0.5, 0.5], "texture": "#1"}
			}
		},
		{
			"from": [8, 10, -0.25],
			"to": [8, 16, 7.75],
			"faces": {
				"north": {"uv": [0, 0, 0, 4], "texture": "#0"},
				"east": {"uv": [0, 2, 16, 14], "texture": "#0"},
				"south": {"uv": [0, 0, 0, 4], "texture": "#0"},
				"west": {"uv": [16, 2, 0, 14], "texture": "#0"},
				"up": {"uv": [0, 0, 0, 8], "texture": "#0"},
				"down": {"uv": [0, 0, 0, 8], "texture": "#0"}
			}
		}
	],
	"display": {
		"thirdperson_righthand": {
			"rotation": [0, 180, 0],
			"translation": [0, 7, 0],
			"scale": [2, 2, 2]
		},
		"thirdperson_lefthand": {
			"rotation": [0, 180, 0],
			"translation": [0, 7, 0],
			"scale": [2, 2, 2]
		},
		"firstperson_righthand": {
			"rotation": [0, 180, 0],
			"translation": [0, -1.75, 0],
			"scale": [2, 2, 2]
		},
		"firstperson_lefthand": {
			"rotation": [0, 180, 0],
			"translation": [0, -1.75, 0],
			"scale": [2, 2, 2]
		},
		"ground": {
			"translation": [0, 19, 0],
			"scale": [2, 2, 2]
		},
		"gui": {
			"rotation": [-90, 135, 90],
			"translation": [2, -2, 0],
			"scale": [0.75, 0.75, 0.75]
		},
		"head": {
			"rotation": [101.12, 70.15, -100.48],
			"translation": [3, 13.25, 0],
			"scale": [1.5, 1.5, 1.5]
		},
		"fixed": {
			"rotation": [-90, -45, -90],
			"translation": [-1.5, 1.25, -0.5]
		}
	}
}