{
	"credit": "Made with Blockbench",
	"textures": {
		"0": "fire_rune",
		"1": "shimmering_rock",
		"2": "dark_stone",
		"particle": "fire_rune"
	},
	"elements": [
		{
			"from": [7, 0, 6.75],
			"to": [9, 8, 9.25],
			"faces": {
				"north": {"uv": [0, 1, 2.4, 11], "texture": "#2"},
				"east": {"uv": [3, 3, 6, 13], "texture": "#2"},
				"south": {"uv": [4, 6, 6.4, 16], "texture": "#2"},
				"west": {"uv": [3, 3, 6, 13], "texture": "#2"},
				"up": {"uv": [4, 1, 6.4, 4.125], "texture": "#2"},
				"down": {"uv": [1, 6, 3.4, 9.125], "texture": "#2"}
			}
		},
		{
			"from": [5.39315, 0.0782, 7],
			"to": [7.39315, 8.0782, 9],
			"rotation": {"angle": 22.5, "axis": "z", "origin": [6.39315, 4.0782, 8]},
			"faces": {
				"north": {"uv": [0, 1, 2.4, 11], "texture": "#2"},
				"east": {"uv": [3, 3, 5.4, 13], "texture": "#2"},
				"south": {"uv": [4, 6, 6.4, 16], "texture": "#2"},
				"west": {"uv": [3, 3, 5.4, 13], "texture": "#2"},
				"up": {"uv": [4, 1, 6.4, 3.5], "texture": "#2"},
				"down": {"uv": [1, 6, 3.4, 8.5], "texture": "#2"}
			}
		},
		{
			"from": [8.60685, 0.0782, 7],
			"to": [10.60685, 8.0782, 9],
			"rotation": {"angle": -22.5, "axis": "z", "origin": [9.60685, 4.0782, 8]},
			"faces": {
				"north": {"uv": [0, 1, 2.4, 11], "texture": "#2"},
				"east": {"uv": [3, 3, 5.4, 13], "texture": "#2"},
				"south": {"uv": [4, 6, 6.4, 16], "texture": "#2"},
				"west": {"uv": [3, 3, 5.4, 13], "texture": "#2"},
				"up": {"uv": [4, 1, 6.4, 3.5], "texture": "#2"},
				"down": {"uv": [1, 6, 3.4, 8.5], "texture": "#2"}
			}
		},
		{
			"from": [0.87868, 2.53553, 6.75],
			"to": [8.87868, 4.53553, 9.25],
			"rotation": {"angle": -45, "axis": "z", "origin": [4.87868, 3.53553, 8]},
			"faces": {
				"north": {"uv": [0, 1, 2.4, 11], "rotation": 90, "texture": "#2"},
				"east": {"uv": [3, 3, 5.4, 6.125], "rotation": 270, "texture": "#2"},
				"south": {"uv": [4, 6, 6.4, 16], "rotation": 270, "texture": "#2"},
				"west": {"uv": [3, 3, 5.4, 6.125], "rotation": 270, "texture": "#2"},
				"up": {"uv": [4, 1, 7, 11], "rotation": 270, "texture": "#2"},
				"down": {"uv": [1, 6, 4, 16], "rotation": 270, "texture": "#2"}
			}
		},
		{
			"from": [7.12132, 2.53553, 6.75],
			"to": [15.12132, 4.53553, 9.25],
			"rotation": {"angle": 45, "axis": "z", "origin": [11.12132, 3.53553, 8]},
			"faces": {
				"north": {"uv": [0, 1, 2.4, 11], "rotation": 270, "texture": "#2"},
				"east": {"uv": [3, 3, 5.4, 6.125], "rotation": 90, "texture": "#2"},
				"south": {"uv": [4, 6, 6.4, 16], "rotation": 90, "texture": "#2"},
				"west": {"uv": [3, 3, 5.4, 6.125], "rotation": 90, "texture": "#2"},
				"up": {"uv": [4, 1, 7, 11], "rotation": 90, "texture": "#2"},
				"down": {"uv": [1, 6, 4, 16], "rotation": 90, "texture": "#2"}
			}
		},
		{
			"from": [7, -0.5, 6.5],
			"to": [9, 3, 9.5],
			"faces": {
				"north": {"uv": [0, 1, 2.4, 5.375], "texture": "#2"},
				"east": {"uv": [3, 3, 6.6, 7.375], "texture": "#2"},
				"south": {"uv": [4, 6, 6.4, 10.375], "texture": "#2"},
				"west": {"uv": [3, 3, 6.6, 7.375], "texture": "#2"},
				"up": {"uv": [4, 1, 6.4, 4.75], "texture": "#2"},
				"down": {"uv": [1, 6, 3.4, 9.75], "texture": "#2"}
			}
		},
		{
			"from": [3, 4.25, 7.25],
			"to": [13, 6.75, 8.75],
			"faces": {
				"north": {"uv": [0, 1, 12, 4.125], "texture": "#2"},
				"east": {"uv": [3, 3, 4.8, 6.125], "texture": "#2"},
				"south": {"uv": [4, 6, 16, 9.125], "texture": "#2"},
				"west": {"uv": [3, 3, 4.8, 6.125], "texture": "#2"},
				"up": {"uv": [4, 1, 16, 2.875], "texture": "#2"},
				"down": {"uv": [1, 6, 13, 7.875], "texture": "#2"}
			}
		},
		{
			"from": [6.25, 3.25, 6.5],
			"to": [9.75, 6.75, 9.5],
			"rotation": {"angle": -45, "axis": "z", "origin": [8, 5, 8]},
			"faces": {
				"north": {"uv": [0, 0, 16, 16], "texture": "#1"},
				"east": {"uv": [0, 0, 17, 0.83333], "texture": "#1"},
				"south": {"uv": [0, 0, 16, 16], "texture": "#1"},
				"west": {"uv": [0, 0, 17, 0.83333], "texture": "#1"},
				"up": {"uv": [0, 0, 14.16667, 1], "texture": "#1"},
				"down": {"uv": [0, 0, 14.16667, 1], "texture": "#1"}
			}
		},
		{
			"from": [7.25, 4.25, 6.25],
			"to": [8.75, 5.75, 6.5],
			"faces": {
				"north": {"uv": [0, 0, 16, 16], "texture": "#0"},
				"east": {"uv": [0, 0, 0.25, 1], "texture": "#0"},
				"south": {"uv": [0, 0, 16, 16], "texture": "#0"},
				"west": {"uv": [0, 0, 0.25, 1], "texture": "#0"},
				"up": {"uv": [0, 0, 1, 0.25], "texture": "#0"},
				"down": {"uv": [0, 0, 1, 0.25], "texture": "#0"}
			}
		},
		{
			"from": [7.25, 4.25, 9.5],
			"to": [8.75, 5.75, 9.75],
			"faces": {
				"north": {"uv": [0, 0, 16, 16], "texture": "#0"},
				"east": {"uv": [0, 0, 0.25, 1], "texture": "#0"},
				"south": {"uv": [0, 0, 16, 16], "texture": "#0"},
				"west": {"uv": [0, 0, 0.25, 1], "texture": "#0"},
				"up": {"uv": [0, 0, 1, 0.25], "texture": "#0"},
				"down": {"uv": [0, 0, 1, 0.25], "texture": "#0"}
			}
		}
	],
	"display": {
		"thirdperson_righthand": {
			"translation": [0, 1.25, 0],
			"scale": [0.25, 0.25, 0.25]
		},
		"thirdperson_lefthand": {
			"translation": [0, 1.5, 0],
			"scale": [0.25, 0.25, 0.25]
		},
		"firstperson_righthand": {
			"translation": [0, 2.25, 0],
			"scale": [0.25, 0.25, 0.25]
		},
		"firstperson_lefthand": {
			"translation": [0, 2.25, 0],
			"scale": [0.25, 0.25, 0.25]
		},
		"ground": {
			"translation": [0, 2, 0],
			"scale": [0.5, 0.5, 0.5]
		},
		"gui": {
			"rotation": [-30, -1.5, -35],
			"translation": [1.25, 2.25, 0]
		},
		"head": {
			"translation": [0, 6.5, -7.75],
			"scale": [0.5, 0.5, 0.5]
		},
		"fixed": {
			"translation": [0, 2.25, 0]
		}
	},
	"groups": [
		{
			"name": "backplate",
			"origin": [0, 0, 0],
			"color": 0,
			"children": [0, 1, 2, 3, 4, 5, 6]
		},
		7,
		8,
		9
	]
}