{
	"credit": "Made with Blockbench",
	"textures": {
		"0": "dark_stone",
		"1": "shimmering_rock",
		"2": "geologist_rune",
		"particle": "dark_stone"
	},
	"elements": [
		{
			"from": [7, 0, 6.75],
			"to": [9, 12, 9.25],
			"faces": {
				"north": {"uv": [4, 3, 6, 15], "texture": "#0"},
				"east": {"uv": [0, 0, 2.5, 12], "texture": "#0"},
				"south": {"uv": [4, 3, 6, 15], "texture": "#0"},
				"west": {"uv": [0, 0, 2.5, 12], "texture": "#0"},
				"up": {"uv": [4, 11, 6, 13.5], "texture": "#0"},
				"down": {"uv": [0, 3, 2, 5.5], "texture": "#0"}
			}
		},
		{
			"from": [9.37222, -0.07404, 7],
			"to": [11.37222, 12.92596, 9],
			"rotation": {"angle": -22.5, "axis": "z", "origin": [10.37222, 5.92596, 8]},
			"faces": {
				"north": {"uv": [4, 3, 6, 16], "texture": "#0"},
				"east": {"uv": [0, 0, 2, 13], "texture": "#0"},
				"south": {"uv": [4, 3, 6, 16], "texture": "#0"},
				"west": {"uv": [0, 0, 2, 13], "texture": "#0"},
				"up": {"uv": [4, 11, 6, 13], "texture": "#0"},
				"down": {"uv": [0, 3, 2, 5], "texture": "#0"}
			}
		},
		{
			"from": [4.62778, -0.07404, 7],
			"to": [6.62778, 12.92596, 9],
			"rotation": {"angle": 22.5, "axis": "z", "origin": [5.62778, 5.92596, 8]},
			"faces": {
				"north": {"uv": [4, 3, 6, 16], "texture": "#0"},
				"east": {"uv": [0, 0, 2, 13], "texture": "#0"},
				"south": {"uv": [4, 3, 6, 16], "texture": "#0"},
				"west": {"uv": [0, 0, 2, 13], "texture": "#0"},
				"up": {"uv": [4, 11, 6, 13], "texture": "#0"},
				"down": {"uv": [0, 3, 2, 5], "texture": "#0"}
			}
		},
		{
			"from": [2, 12, 6.75],
			"to": [14, 14, 9.25],
			"faces": {
				"north": {"uv": [4, 3, 16, 5], "texture": "#0"},
				"east": {"uv": [0, 0, 2.5, 2], "texture": "#0"},
				"south": {"uv": [4, 3, 16, 5], "texture": "#0"},
				"west": {"uv": [0, 0, 2.5, 2], "texture": "#0"},
				"up": {"uv": [4, 11, 16, 13.5], "texture": "#0"},
				"down": {"uv": [0, 3, 12, 5.5], "texture": "#0"}
			}
		},
		{
			"from": [13.46508, 11.31075, 7],
			"to": [17.46508, 13.31075, 9],
			"rotation": {"angle": -22.5, "axis": "z", "origin": [15.46508, 12.31075, 8]},
			"faces": {
				"north": {"uv": [4, 3, 8, 5], "texture": "#0"},
				"east": {"uv": [0, 0, 2, 2], "texture": "#0"},
				"south": {"uv": [4, 3, 8, 5], "texture": "#0"},
				"west": {"uv": [0, 0, 2, 2], "texture": "#0"},
				"up": {"uv": [4, 11, 8, 13], "texture": "#0"},
				"down": {"uv": [0, 3, 4, 5], "texture": "#0"}
			}
		},
		{
			"from": [-1.46508, 11.31075, 7],
			"to": [2.53492, 13.31075, 9],
			"rotation": {"angle": 22.5, "axis": "z", "origin": [0.53492, 12.31075, 8]},
			"faces": {
				"north": {"uv": [4, 3, 8, 5], "texture": "#0"},
				"east": {"uv": [0, 0, 2, 2], "texture": "#0"},
				"south": {"uv": [4, 3, 8, 5], "texture": "#0"},
				"west": {"uv": [0, 0, 2, 2], "texture": "#0"},
				"up": {"uv": [4, 11, 8, 13], "texture": "#0"},
				"down": {"uv": [0, 3, 4, 5], "texture": "#0"}
			}
		},
		{
			"from": [4, 7.25, 7.75],
			"to": [11.75, 13, 8.25],
			"faces": {
				"north": {"uv": [4, 3, 11.75, 8.75], "texture": "#0"},
				"east": {"uv": [0, 0, 0.5, 5.75], "texture": "#0"},
				"south": {"uv": [4, 3, 11.75, 8.75], "texture": "#0"},
				"west": {"uv": [0, 0, 0.5, 5.75], "texture": "#0"},
				"up": {"uv": [4, 11, 11.75, 11.5], "texture": "#0"},
				"down": {"uv": [0, 3, 7.75, 3.5], "texture": "#0"}
			}
		},
		{
			"from": [5.25, 4.25, 7.75],
			"to": [10.75, 7.25, 8.25],
			"faces": {
				"north": {"uv": [4, 3, 9.5, 6], "texture": "#0"},
				"east": {"uv": [0, 0, 0.5, 3], "texture": "#0"},
				"south": {"uv": [4, 3, 9.5, 6], "texture": "#0"},
				"west": {"uv": [0, 0, 0.5, 3], "texture": "#0"},
				"up": {"uv": [4, 11, 9.5, 11.5], "texture": "#0"},
				"down": {"uv": [0, 3, 5.5, 3.5], "texture": "#0"}
			}
		},
		{
			"from": [10.79626, 17.40965, 7.25],
			"to": [17.54626, 19.40965, 8.75],
			"rotation": {"angle": -45, "axis": "z", "origin": [8.04419, 12.34508, 8]},
			"faces": {
				"north": {"uv": [4, 3, 10.75, 5], "texture": "#0"},
				"east": {"uv": [0, 0, 1.5, 2], "texture": "#0"},
				"south": {"uv": [4, 3, 10.75, 5], "texture": "#0"},
				"west": {"uv": [0, 0, 1.5, 2], "texture": "#0"},
				"up": {"uv": [4, 11, 10.75, 12.5], "texture": "#0"},
				"down": {"uv": [0, 3, 6.75, 4.5], "texture": "#0"}
			}
		},
		{
			"from": [-1.77038, 17.47215, 7.25],
			"to": [5.22962, 19.47215, 8.75],
			"rotation": {"angle": 45, "axis": "z", "origin": [8.04419, 12.34508, 8]},
			"faces": {
				"north": {"uv": [4, 3, 11, 5], "texture": "#0"},
				"east": {"uv": [0, 0, 1.5, 2], "texture": "#0"},
				"south": {"uv": [4, 3, 11, 5], "texture": "#0"},
				"west": {"uv": [0, 0, 1.5, 2], "texture": "#0"},
				"up": {"uv": [4, 11, 11, 12.5], "texture": "#0"},
				"down": {"uv": [0, 3, 7, 4.5], "texture": "#0"}
			}
		},
		{
			"from": [6, 8, 6.5],
			"to": [10, 12, 9.5],
			"rotation": {"angle": -45, "axis": "z", "origin": [8, 10, 8]},
			"faces": {
				"north": {"uv": [0, 0, 16, 16], "texture": "#1"},
				"east": {"uv": [0, 0, 3, 4], "texture": "#1"},
				"south": {"uv": [0, 0, 16, 16], "texture": "#1"},
				"west": {"uv": [0, 0, 3, 4], "texture": "#1"},
				"up": {"uv": [0, 0, 4, 3], "texture": "#1"},
				"down": {"uv": [0, 0, 4, 3], "texture": "#1"}
			}
		},
		{
			"from": [7, 9, 6.25],
			"to": [9, 11, 6.5],
			"faces": {
				"north": {"uv": [0, 0, 16, 16], "texture": "#2"},
				"east": {"uv": [0, 0, 0.25, 2], "texture": "#2"},
				"south": {"uv": [0, 0, 16, 16], "texture": "#2"},
				"west": {"uv": [0, 0, 0.25, 2], "texture": "#2"},
				"up": {"uv": [0, 0, 2, 0.25], "texture": "#2"},
				"down": {"uv": [0, 0, 2, 0.25], "texture": "#2"}
			}
		},
		{
			"from": [7, 9, 9.5],
			"to": [9, 11, 9.75],
			"faces": {
				"north": {"uv": [0, 0, 16, 16], "texture": "#2"},
				"east": {"uv": [0, 0, 0.25, 2], "texture": "#2"},
				"south": {"uv": [0, 0, 16, 16], "texture": "#2"},
				"west": {"uv": [0, 0, 0.25, 2], "texture": "#2"},
				"up": {"uv": [0, 0, 2, 0.25], "texture": "#2"},
				"down": {"uv": [0, 0, 2, 0.25], "texture": "#2"}
			}
		}
	],
	"display": {
		"thirdperson_righthand": {
			"scale": [0.25, 0.25, 0.25]
		},
		"thirdperson_lefthand": {
			"scale": [0.25, 0.25, 0.25]
		},
		"firstperson_righthand": {
			"translation": [0, 2.25, 0],
			"scale": [0.25, 0.25, 0.25]
		},
		"firstperson_lefthand": {
			"translation": [0, 2.25, 0],
			"scale": [0.25, 0.25, 0.25]
		},
		"ground": {
			"translation": [0, 2, 0],
			"scale": [0.5, 0.5, 0.5]
		},
		"gui": {
			"rotation": [-30, -1.5, -35],
			"translation": [-1.25, -0.25, 0],
			"scale": [0.8, 0.8, 0.8]
		},
		"head": {
			"translation": [0, 6.5, -7.75],
			"scale": [0.5, 0.5, 0.5]
		},
		"fixed": {
			"translation": [0, 2.25, 0]
		}
	},
	"groups": [
		{
			"name": "backplate",
			"origin": [-3.05147, 9.9144, 8],
			"color": 0,
			"children": [0, 1, 2, 3, 4, 5, 6, 7, 8, 9]
		},
		10,
		11,
		12
	]
}