{
	"credit": "Made with Blockbench",
	"textures": {
		"0": "void_shard",
		"1": "star",
		"particle": "void_shard"
	},
	"elements": [
		{
			"from": [6, -1, 15.5625],
			"to": [7, 1, 17.5625],
			"faces": {
				"north": {"uv": [0, 0, 4, 2], "texture": "#0"},
				"east": {"uv": [0, 0, 2, 2], "texture": "#0"},
				"south": {"uv": [0, 0, 4, 2], "texture": "#0"},
				"west": {"uv": [2, 4, 4, 6], "texture": "#0"},
				"up": {"uv": [5, 2, 9, 4], "texture": "#0"},
				"down": {"uv": [0, 4, 4, 6], "texture": "#0"}
			}
		},
		{
			"from": [7, -1, 15.5625],
			"to": [9, 0, 17.5625],
			"faces": {
				"north": {"uv": [0, 0, 4, 2], "texture": "#0"},
				"east": {"uv": [0, 0, 2, 2], "texture": "#0"},
				"south": {"uv": [0, 0, 4, 2], "texture": "#0"},
				"west": {"uv": [2, 4, 4, 6], "texture": "#0"},
				"up": {"uv": [5, 2, 9, 4], "texture": "#0"},
				"down": {"uv": [0, 4, 4, 6], "texture": "#0"}
			}
		},
		{
			"from": [9, -1, 15.5625],
			"to": [10, 1, 17.5625],
			"faces": {
				"north": {"uv": [0, 0, 4, 2], "texture": "#0"},
				"east": {"uv": [0, 0, 2, 2], "texture": "#0"},
				"south": {"uv": [0, 0, 4, 2], "texture": "#0"},
				"west": {"uv": [2, 4, 4, 6], "texture": "#0"},
				"up": {"uv": [5, 2, 9, 4], "texture": "#0"},
				"down": {"uv": [0, 4, 4, 6], "texture": "#0"}
			}
		},
		{
			"from": [14, 0, 4],
			"to": [16, 2, 7],
			"faces": {
				"north": {"uv": [0, 0, 2, 2], "texture": "#0"},
				"east": {"uv": [0, 0, 3, 2], "texture": "#0"},
				"south": {"uv": [0, 0, 2, 2], "texture": "#0"},
				"west": {"uv": [2, 4, 5, 6], "texture": "#0"},
				"up": {"uv": [5, 2, 7, 5], "texture": "#0"},
				"down": {"uv": [0, 4, 2, 7], "texture": "#0"}
			}
		},
		{
			"from": [14, 0, 9],
			"to": [16, 2, 12],
			"faces": {
				"north": {"uv": [0, 0, 2, 2], "texture": "#0"},
				"east": {"uv": [0, 0, 3, 2], "texture": "#0"},
				"south": {"uv": [0, 0, 2, 2], "texture": "#0"},
				"west": {"uv": [2, 4, 5, 6], "texture": "#0"},
				"up": {"uv": [5, 2, 7, 5], "texture": "#0"},
				"down": {"uv": [0, 4, 2, 7], "texture": "#0"}
			}
		},
		{
			"from": [0, 0, 9],
			"to": [2, 2, 12],
			"faces": {
				"north": {"uv": [0, 0, 2, 2], "texture": "#0"},
				"east": {"uv": [0, 0, 3, 2], "texture": "#0"},
				"south": {"uv": [0, 0, 2, 2], "texture": "#0"},
				"west": {"uv": [2, 4, 5, 6], "texture": "#0"},
				"up": {"uv": [5, 2, 7, 5], "texture": "#0"},
				"down": {"uv": [0, 4, 2, 7], "texture": "#0"}
			}
		},
		{
			"from": [0, 0, 4],
			"to": [2, 2, 7],
			"faces": {
				"north": {"uv": [0, 0, 2, 2], "texture": "#0"},
				"east": {"uv": [0, 0, 3, 2], "texture": "#0"},
				"south": {"uv": [0, 0, 2, 2], "texture": "#0"},
				"west": {"uv": [2, 4, 5, 6], "texture": "#0"},
				"up": {"uv": [5, 2, 7, 5], "texture": "#0"},
				"down": {"uv": [0, 4, 2, 7], "texture": "#0"}
			}
		},
		{
			"from": [4, 0, 0],
			"to": [7, 2, 2],
			"faces": {
				"north": {"uv": [0, 0, 3, 2], "texture": "#0"},
				"east": {"uv": [0, 0, 2, 2], "texture": "#0"},
				"south": {"uv": [0, 0, 3, 2], "texture": "#0"},
				"west": {"uv": [2, 4, 4, 6], "texture": "#0"},
				"up": {"uv": [5, 2, 8, 4], "texture": "#0"},
				"down": {"uv": [0, 4, 3, 6], "texture": "#0"}
			}
		},
		{
			"from": [9, 0, 0],
			"to": [12, 2, 2],
			"faces": {
				"north": {"uv": [0, 0, 3, 2], "texture": "#0"},
				"east": {"uv": [0, 0, 2, 2], "texture": "#0"},
				"south": {"uv": [0, 0, 3, 2], "texture": "#0"},
				"west": {"uv": [2, 4, 4, 6], "texture": "#0"},
				"up": {"uv": [5, 2, 8, 4], "texture": "#0"},
				"down": {"uv": [0, 4, 3, 6], "texture": "#0"}
			}
		},
		{
			"from": [-1, 0, 16],
			"to": [3, 1, 17],
			"faces": {
				"north": {"uv": [5, 6, 11, 8], "texture": "#0"},
				"east": {"uv": [5, 6, 8, 8], "texture": "#0"},
				"south": {"uv": [5, 6, 11, 8], "texture": "#0"},
				"west": {"uv": [7, 10, 10, 12], "texture": "#0"},
				"up": {"uv": [10, 8, 16, 10], "texture": "#0"},
				"down": {"uv": [5, 10, 11, 12], "texture": "#0"}
			}
		},
		{
			"from": [2.5, 1, 16],
			"to": [4.5, 2, 17],
			"faces": {
				"north": {"uv": [5, 6, 9, 8], "texture": "#0"},
				"east": {"uv": [5, 6, 8, 8], "texture": "#0"},
				"south": {"uv": [5, 6, 9, 8], "texture": "#0"},
				"west": {"uv": [7, 10, 10, 12], "texture": "#0"},
				"up": {"uv": [10, 8, 14, 10], "texture": "#0"},
				"down": {"uv": [5, 10, 9, 12], "texture": "#0"}
			}
		},
		{
			"from": [4, 0, 16],
			"to": [6, 1, 17],
			"faces": {
				"north": {"uv": [5, 6, 9, 8], "texture": "#0"},
				"east": {"uv": [5, 6, 8, 8], "texture": "#0"},
				"south": {"uv": [5, 6, 9, 8], "texture": "#0"},
				"west": {"uv": [7, 10, 10, 12], "texture": "#0"},
				"up": {"uv": [10, 8, 14, 10], "texture": "#0"},
				"down": {"uv": [5, 10, 9, 12], "texture": "#0"}
			}
		},
		{
			"from": [11.5, 1, 16],
			"to": [13.5, 2, 17],
			"faces": {
				"north": {"uv": [5, 6, 9, 8], "texture": "#0"},
				"east": {"uv": [5, 6, 8, 8], "texture": "#0"},
				"south": {"uv": [5, 6, 9, 8], "texture": "#0"},
				"west": {"uv": [7, 10, 10, 12], "texture": "#0"},
				"up": {"uv": [10, 8, 14, 10], "texture": "#0"},
				"down": {"uv": [5, 10, 9, 12], "texture": "#0"}
			}
		},
		{
			"from": [10, 0, 16],
			"to": [12, 1, 17],
			"faces": {
				"north": {"uv": [5, 6, 9, 8], "texture": "#0"},
				"east": {"uv": [5, 6, 8, 8], "texture": "#0"},
				"south": {"uv": [5, 6, 9, 8], "texture": "#0"},
				"west": {"uv": [7, 10, 10, 12], "texture": "#0"},
				"up": {"uv": [10, 8, 14, 10], "texture": "#0"},
				"down": {"uv": [5, 10, 9, 12], "texture": "#0"}
			}
		},
		{
			"from": [11.5, 1, -1],
			"to": [13.5, 2, 0],
			"faces": {
				"north": {"uv": [5, 6, 9, 8], "texture": "#0"},
				"east": {"uv": [5, 6, 8, 8], "texture": "#0"},
				"south": {"uv": [5, 6, 9, 8], "texture": "#0"},
				"west": {"uv": [7, 10, 10, 12], "texture": "#0"},
				"up": {"uv": [10, 8, 14, 10], "texture": "#0"},
				"down": {"uv": [5, 10, 9, 12], "texture": "#0"}
			}
		},
		{
			"from": [10, 0, -1],
			"to": [12, 1, 0],
			"faces": {
				"north": {"uv": [5, 6, 9, 8], "texture": "#0"},
				"east": {"uv": [5, 6, 8, 8], "texture": "#0"},
				"south": {"uv": [5, 6, 9, 8], "texture": "#0"},
				"west": {"uv": [7, 10, 10, 12], "texture": "#0"},
				"up": {"uv": [10, 8, 14, 10], "texture": "#0"},
				"down": {"uv": [5, 10, 9, 12], "texture": "#0"}
			}
		},
		{
			"from": [2.5, 1, -1],
			"to": [4.5, 2, 0],
			"faces": {
				"north": {"uv": [5, 6, 9, 8], "texture": "#0"},
				"east": {"uv": [5, 6, 8, 8], "texture": "#0"},
				"south": {"uv": [5, 6, 9, 8], "texture": "#0"},
				"west": {"uv": [7, 10, 10, 12], "texture": "#0"},
				"up": {"uv": [10, 8, 14, 10], "texture": "#0"},
				"down": {"uv": [5, 10, 9, 12], "texture": "#0"}
			}
		},
		{
			"from": [4, 0, -1],
			"to": [6, 1, 0],
			"faces": {
				"north": {"uv": [5, 6, 9, 8], "texture": "#0"},
				"east": {"uv": [5, 6, 8, 8], "texture": "#0"},
				"south": {"uv": [5, 6, 9, 8], "texture": "#0"},
				"west": {"uv": [7, 10, 10, 12], "texture": "#0"},
				"up": {"uv": [10, 8, 14, 10], "texture": "#0"},
				"down": {"uv": [5, 10, 9, 12], "texture": "#0"}
			}
		},
		{
			"from": [-1, 0, -1],
			"to": [3, 1, 0],
			"faces": {
				"north": {"uv": [5, 6, 11, 8], "texture": "#0"},
				"east": {"uv": [5, 6, 8, 8], "texture": "#0"},
				"south": {"uv": [5, 6, 11, 8], "texture": "#0"},
				"west": {"uv": [7, 10, 10, 12], "texture": "#0"},
				"up": {"uv": [10, 8, 16, 10], "texture": "#0"},
				"down": {"uv": [5, 10, 11, 12], "texture": "#0"}
			}
		},
		{
			"from": [13, 0, -1],
			"to": [17, 1, 0],
			"faces": {
				"north": {"uv": [5, 6, 11, 8], "texture": "#0"},
				"east": {"uv": [5, 6, 8, 8], "texture": "#0"},
				"south": {"uv": [5, 6, 11, 8], "texture": "#0"},
				"west": {"uv": [7, 10, 10, 12], "texture": "#0"},
				"up": {"uv": [10, 8, 16, 10], "texture": "#0"},
				"down": {"uv": [5, 10, 11, 12], "texture": "#0"}
			}
		},
		{
			"from": [16, 1, -1],
			"to": [17, 2, 0],
			"faces": {
				"north": {"uv": [5, 6, 8, 8], "texture": "#0"},
				"east": {"uv": [5, 6, 8, 8], "texture": "#0"},
				"south": {"uv": [5, 6, 8, 8], "texture": "#0"},
				"west": {"uv": [7, 10, 10, 12], "texture": "#0"},
				"up": {"uv": [10, 8, 13, 10], "texture": "#0"},
				"down": {"uv": [5, 10, 8, 12], "texture": "#0"}
			}
		},
		{
			"from": [13, 0, 7],
			"to": [15, 1, 9],
			"faces": {
				"north": {"uv": [5, 6, 8, 8], "texture": "#0"},
				"east": {"uv": [5, 6, 8, 8], "texture": "#0"},
				"south": {"uv": [5, 6, 8, 8], "texture": "#0"},
				"west": {"uv": [7, 10, 10, 12], "texture": "#0"},
				"up": {"uv": [10, 8, 13, 10], "texture": "#0"},
				"down": {"uv": [5, 10, 8, 12], "texture": "#0"}
			}
		},
		{
			"from": [1, 0, 7],
			"to": [3, 1, 9],
			"faces": {
				"north": {"uv": [5, 6, 8, 8], "texture": "#0"},
				"east": {"uv": [5, 6, 8, 8], "texture": "#0"},
				"south": {"uv": [5, 6, 8, 8], "texture": "#0"},
				"west": {"uv": [7, 10, 10, 12], "texture": "#0"},
				"up": {"uv": [10, 8, 13, 10], "texture": "#0"},
				"down": {"uv": [5, 10, 8, 12], "texture": "#0"}
			}
		},
		{
			"from": [7, 0, 1],
			"to": [9, 1, 3],
			"faces": {
				"north": {"uv": [5, 6, 8, 8], "texture": "#0"},
				"east": {"uv": [5, 6, 8, 8], "texture": "#0"},
				"south": {"uv": [5, 6, 8, 8], "texture": "#0"},
				"west": {"uv": [7, 10, 10, 12], "texture": "#0"},
				"up": {"uv": [10, 8, 13, 10], "texture": "#0"},
				"down": {"uv": [5, 10, 8, 12], "texture": "#0"}
			}
		},
		{
			"from": [9, 1, 15.5],
			"to": [10.5, 2, 17.5],
			"faces": {
				"north": {"uv": [5, 6, 8, 8], "texture": "#0"},
				"east": {"uv": [5, 6, 8, 8], "texture": "#0"},
				"south": {"uv": [5, 6, 8, 8], "texture": "#0"},
				"west": {"uv": [7, 10, 10, 12], "texture": "#0"},
				"up": {"uv": [10, 8, 13, 10], "texture": "#0"},
				"down": {"uv": [5, 10, 8, 12], "texture": "#0"}
			}
		},
		{
			"from": [5.5, 1, 15.5],
			"to": [7, 2, 17.5],
			"faces": {
				"north": {"uv": [5, 6, 8, 8], "texture": "#0"},
				"east": {"uv": [5, 6, 8, 8], "texture": "#0"},
				"south": {"uv": [5, 6, 8, 8], "texture": "#0"},
				"west": {"uv": [7, 10, 10, 12], "texture": "#0"},
				"up": {"uv": [10, 8, 13, 10], "texture": "#0"},
				"down": {"uv": [5, 10, 8, 12], "texture": "#0"}
			}
		},
		{
			"from": [7, 2, 15.5],
			"to": [9, 3, 17.5],
			"faces": {
				"north": {"uv": [5, 6, 8, 8], "texture": "#0"},
				"east": {"uv": [5, 6, 8, 8], "texture": "#0"},
				"south": {"uv": [5, 6, 8, 8], "texture": "#0"},
				"west": {"uv": [7, 10, 10, 12], "texture": "#0"},
				"up": {"uv": [10, 8, 13, 10], "texture": "#0"},
				"down": {"uv": [5, 10, 8, 12], "texture": "#0"}
			}
		},
		{
			"from": [16, 1, 16],
			"to": [17, 2, 17],
			"faces": {
				"north": {"uv": [5, 6, 8, 8], "texture": "#0"},
				"east": {"uv": [5, 6, 8, 8], "texture": "#0"},
				"south": {"uv": [5, 6, 8, 8], "texture": "#0"},
				"west": {"uv": [7, 10, 10, 12], "texture": "#0"},
				"up": {"uv": [10, 8, 13, 10], "texture": "#0"},
				"down": {"uv": [5, 10, 8, 12], "texture": "#0"}
			}
		},
		{
			"from": [-1, 1, 16],
			"to": [0, 2, 17],
			"faces": {
				"north": {"uv": [5, 6, 8, 8], "texture": "#0"},
				"east": {"uv": [5, 6, 8, 8], "texture": "#0"},
				"south": {"uv": [5, 6, 8, 8], "texture": "#0"},
				"west": {"uv": [7, 10, 10, 12], "texture": "#0"},
				"up": {"uv": [10, 8, 13, 10], "texture": "#0"},
				"down": {"uv": [5, 10, 8, 12], "texture": "#0"}
			}
		},
		{
			"from": [-1, 1, 11.5],
			"to": [0, 2, 13.5],
			"faces": {
				"north": {"uv": [5, 6, 8, 8], "texture": "#0"},
				"east": {"uv": [5, 6, 9, 8], "texture": "#0"},
				"south": {"uv": [5, 6, 8, 8], "texture": "#0"},
				"west": {"uv": [7, 10, 11, 12], "texture": "#0"},
				"up": {"uv": [10, 8, 13, 11], "texture": "#0"},
				"down": {"uv": [5, 10, 8, 13], "texture": "#0"}
			}
		},
		{
			"from": [-1, 0, 4],
			"to": [0, 1, 6],
			"faces": {
				"north": {"uv": [5, 6, 8, 8], "texture": "#0"},
				"east": {"uv": [5, 6, 9, 8], "texture": "#0"},
				"south": {"uv": [5, 6, 8, 8], "texture": "#0"},
				"west": {"uv": [7, 10, 11, 12], "texture": "#0"},
				"up": {"uv": [10, 8, 13, 11], "texture": "#0"},
				"down": {"uv": [5, 10, 8, 13], "texture": "#0"}
			}
		},
		{
			"from": [-1, 0, 10],
			"to": [0, 1, 12],
			"faces": {
				"north": {"uv": [5, 6, 8, 8], "texture": "#0"},
				"east": {"uv": [5, 6, 9, 8], "texture": "#0"},
				"south": {"uv": [5, 6, 8, 8], "texture": "#0"},
				"west": {"uv": [7, 10, 11, 12], "texture": "#0"},
				"up": {"uv": [10, 8, 13, 11], "texture": "#0"},
				"down": {"uv": [5, 10, 8, 13], "texture": "#0"}
			}
		},
		{
			"from": [-1, 1, 2.5],
			"to": [0, 2, 4.5],
			"faces": {
				"north": {"uv": [5, 6, 8, 8], "texture": "#0"},
				"east": {"uv": [5, 6, 9, 8], "texture": "#0"},
				"south": {"uv": [5, 6, 8, 8], "texture": "#0"},
				"west": {"uv": [7, 10, 11, 12], "texture": "#0"},
				"up": {"uv": [10, 8, 13, 11], "texture": "#0"},
				"down": {"uv": [5, 10, 8, 13], "texture": "#0"}
			}
		},
		{
			"from": [16, 1, 11.5],
			"to": [17, 2, 13.5],
			"faces": {
				"north": {"uv": [5, 6, 8, 8], "texture": "#0"},
				"east": {"uv": [5, 6, 9, 8], "texture": "#0"},
				"south": {"uv": [5, 6, 8, 8], "texture": "#0"},
				"west": {"uv": [7, 10, 11, 12], "texture": "#0"},
				"up": {"uv": [10, 8, 13, 11], "texture": "#0"},
				"down": {"uv": [5, 10, 8, 13], "texture": "#0"}
			}
		},
		{
			"from": [16, 0, 10],
			"to": [17, 1, 12],
			"faces": {
				"north": {"uv": [5, 6, 8, 8], "texture": "#0"},
				"east": {"uv": [5, 6, 9, 8], "texture": "#0"},
				"south": {"uv": [5, 6, 8, 8], "texture": "#0"},
				"west": {"uv": [7, 10, 11, 12], "texture": "#0"},
				"up": {"uv": [10, 8, 13, 11], "texture": "#0"},
				"down": {"uv": [5, 10, 8, 13], "texture": "#0"}
			}
		},
		{
			"from": [16, 1, 2.5],
			"to": [17, 2, 4.5],
			"faces": {
				"north": {"uv": [5, 6, 8, 8], "texture": "#0"},
				"east": {"uv": [5, 6, 9, 8], "texture": "#0"},
				"south": {"uv": [5, 6, 8, 8], "texture": "#0"},
				"west": {"uv": [7, 10, 11, 12], "texture": "#0"},
				"up": {"uv": [10, 8, 13, 11], "texture": "#0"},
				"down": {"uv": [5, 10, 8, 13], "texture": "#0"}
			}
		},
		{
			"from": [16, 0, 4],
			"to": [17, 1, 6],
			"faces": {
				"north": {"uv": [5, 6, 8, 8], "texture": "#0"},
				"east": {"uv": [5, 6, 9, 8], "texture": "#0"},
				"south": {"uv": [5, 6, 8, 8], "texture": "#0"},
				"west": {"uv": [7, 10, 11, 12], "texture": "#0"},
				"up": {"uv": [10, 8, 13, 11], "texture": "#0"},
				"down": {"uv": [5, 10, 8, 13], "texture": "#0"}
			}
		},
		{
			"from": [-1, 1, -1],
			"to": [0, 2, 0],
			"faces": {
				"north": {"uv": [5, 6, 8, 8], "texture": "#0"},
				"east": {"uv": [5, 6, 8, 8], "texture": "#0"},
				"south": {"uv": [5, 6, 8, 8], "texture": "#0"},
				"west": {"uv": [7, 10, 10, 12], "texture": "#0"},
				"up": {"uv": [10, 8, 13, 10], "texture": "#0"},
				"down": {"uv": [5, 10, 8, 12], "texture": "#0"}
			}
		},
		{
			"from": [16, 0, 0],
			"to": [17, 1, 3],
			"faces": {
				"north": {"uv": [5, 6, 8, 8], "texture": "#0"},
				"east": {"uv": [5, 6, 10, 8], "texture": "#0"},
				"south": {"uv": [5, 6, 8, 8], "texture": "#0"},
				"west": {"uv": [7, 10, 12, 12], "texture": "#0"},
				"up": {"uv": [10, 8, 13, 12], "texture": "#0"},
				"down": {"uv": [5, 10, 8, 14], "texture": "#0"}
			}
		},
		{
			"from": [16, 0, 13],
			"to": [17, 1, 16],
			"faces": {
				"north": {"uv": [5, 6, 8, 8], "texture": "#0"},
				"east": {"uv": [5, 6, 10, 8], "texture": "#0"},
				"south": {"uv": [5, 6, 8, 8], "texture": "#0"},
				"west": {"uv": [7, 10, 12, 12], "texture": "#0"},
				"up": {"uv": [10, 8, 13, 12], "texture": "#0"},
				"down": {"uv": [5, 10, 8, 14], "texture": "#0"}
			}
		},
		{
			"from": [-1, 0, 13],
			"to": [0, 1, 16],
			"faces": {
				"north": {"uv": [5, 6, 8, 8], "texture": "#0"},
				"east": {"uv": [5, 6, 10, 8], "texture": "#0"},
				"south": {"uv": [5, 6, 8, 8], "texture": "#0"},
				"west": {"uv": [7, 10, 12, 12], "texture": "#0"},
				"up": {"uv": [10, 8, 13, 12], "texture": "#0"},
				"down": {"uv": [5, 10, 8, 14], "texture": "#0"}
			}
		},
		{
			"from": [-1, 0, 0],
			"to": [0, 1, 3],
			"faces": {
				"north": {"uv": [5, 6, 8, 8], "texture": "#0"},
				"east": {"uv": [5, 6, 10, 8], "texture": "#0"},
				"south": {"uv": [5, 6, 8, 8], "texture": "#0"},
				"west": {"uv": [7, 10, 12, 12], "texture": "#0"},
				"up": {"uv": [10, 8, 13, 12], "texture": "#0"},
				"down": {"uv": [5, 10, 8, 14], "texture": "#0"}
			}
		},
		{
			"from": [13, 0, 16],
			"to": [17, 1, 17],
			"faces": {
				"north": {"uv": [5, 6, 11, 8], "texture": "#0"},
				"east": {"uv": [5, 6, 8, 8], "texture": "#0"},
				"south": {"uv": [5, 6, 11, 8], "texture": "#0"},
				"west": {"uv": [7, 10, 10, 12], "texture": "#0"},
				"up": {"uv": [10, 8, 16, 10], "texture": "#0"},
				"down": {"uv": [5, 10, 11, 12], "texture": "#0"}
			}
		},
		{
			"from": [15, -0.5, 6.5],
			"to": [17, 1.5, 9.5],
			"faces": {
				"north": {"uv": [0, 0, 2, 2], "texture": "#0"},
				"east": {"uv": [0, 0, 3, 2], "texture": "#0"},
				"south": {"uv": [0, 0, 2, 2], "texture": "#0"},
				"west": {"uv": [2, 4, 5, 6], "texture": "#0"},
				"up": {"uv": [5, 2, 7, 5], "texture": "#0"},
				"down": {"uv": [0, 4, 2, 7], "texture": "#0"}
			}
		},
		{
			"from": [-1, -0.5, 6.5],
			"to": [1, 1.5, 9.5],
			"faces": {
				"north": {"uv": [0, 0, 2, 2], "texture": "#0"},
				"east": {"uv": [0, 0, 3, 2], "texture": "#0"},
				"south": {"uv": [0, 0, 2, 2], "texture": "#0"},
				"west": {"uv": [2, 4, 5, 6], "texture": "#0"},
				"up": {"uv": [5, 2, 7, 5], "texture": "#0"},
				"down": {"uv": [0, 4, 2, 7], "texture": "#0"}
			}
		},
		{
			"from": [6.5, -0.5, -1],
			"to": [9.5, 1.5, 1],
			"faces": {
				"north": {"uv": [0, 0, 3, 2], "texture": "#0"},
				"east": {"uv": [0, 0, 2, 2], "texture": "#0"},
				"south": {"uv": [0, 0, 3, 2], "texture": "#0"},
				"west": {"uv": [2, 4, 4, 6], "texture": "#0"},
				"up": {"uv": [5, 2, 8, 4], "texture": "#0"},
				"down": {"uv": [0, 4, 3, 6], "texture": "#0"}
			}
		},
		{
			"name": "gem",
			"from": [7, 0, 16.25],
			"to": [9, 2, 16.25],
			"faces": {
				"north": {"uv": [0, 0, 16, 16], "texture": "#1"},
				"east": {"uv": [0, 0, 16, 16], "texture": "#1"},
				"south": {"uv": [0, 0, 16, 16], "texture": "#1"},
				"west": {"uv": [0, 0, 16, 16], "texture": "#1"},
				"up": {"uv": [0, 0, 16, 16], "texture": "#1"},
				"down": {"uv": [0, 0, 16, 16], "texture": "#1"}
			}
		},
		{
			"name": "gem",
			"from": [8, 0, 15.25],
			"to": [8, 2, 17.25],
			"faces": {
				"north": {"uv": [0, 0, 16, 16], "texture": "#1"},
				"east": {"uv": [0, 0, 16, 16], "texture": "#1"},
				"south": {"uv": [0, 0, 16, 16], "texture": "#1"},
				"west": {"uv": [0, 0, 16, 16], "texture": "#1"},
				"up": {"uv": [0, 0, 16, 16], "texture": "#1"},
				"down": {"uv": [0, 0, 16, 16], "texture": "#1"}
			}
		},
		{
			"name": "gem",
			"from": [7, 1, 15.25],
			"to": [9, 1, 17.25],
			"faces": {
				"north": {"uv": [0, 0, 16, 16], "texture": "#1"},
				"east": {"uv": [0, 0, 16, 16], "texture": "#1"},
				"south": {"uv": [0, 0, 16, 16], "texture": "#1"},
				"west": {"uv": [0, 0, 16, 16], "texture": "#1"},
				"up": {"uv": [0, 0, 16, 16], "texture": "#1"},
				"down": {"uv": [0, 0, 16, 16], "texture": "#1"}
			}
		}
	],
	"display": {
		"thirdperson_righthand": {
			"rotation": [0, 180, 0],
			"translation": [0, 3, 1],
			"scale": [0.25, 0.25, 0.25]
		},
		"thirdperson_lefthand": {
			"rotation": [0, 180, 0],
			"translation": [0, 3, 1],
			"scale": [0.25, 0.25, 0.25]
		},
		"firstperson_righthand": {
			"rotation": [0, 180, 0],
			"translation": [0, 3, 1],
			"scale": [0.25, 0.25, 0.25]
		},
		"firstperson_lefthand": {
			"rotation": [0, 180, 0],
			"translation": [0, 3, 1],
			"scale": [0.25, 0.25, 0.25]
		},
		"ground": {
			"translation": [0, 2, 0],
			"scale": [0.5, 0.5, 0.5]
		},
		"gui": {
			"rotation": [30, 135, 0],
			"translation": [0, 4, 0],
			"scale": [0.625, 0.625, 0.625]
		},
		"head": {
			"rotation": [0, 180, 0],
			"translation": [0, 10, 0],
			"scale": [0.8, 0.8, 0.8]
		},
		"fixed": {
			"rotation": [-90, 180, 0],
			"translation": [0, 0, -8]
		}
	},
	"groups": [
		{
			"name": "tiara",
			"origin": [0, 0, 0],
			"color": 0,
			"children": [0, 1, 2, 3, 4, 5, 6, 7, 8, 9, 10, 11, 12, 13, 14, 15, 16, 17, 18, 19, 20, 21, 22, 23, 24, 25, 26, 27, 28, 29, 30, 31, 32, 33, 34, 35, 36, 37, 38, 39, 40, 41, 42, 43, 44, 45]
		},
		{
			"name": "star",
			"origin": [0, 0, 0],
			"color": 0,
			"children": [46, 47, 48]
		}
	]
}