{
    "parent":"item/generated",
    "textures":{
        "layer0":"item/glowstone_dust"
    },
    "overrides":[
        {
		
            "predicate": {
                "custom_model_data": 1
            },
            "model": "item/silver_redstone_bullet"
        },
        {
		
            "predicate": {
                "custom_model_data": 2
            },
            "model": "item/steel_bullet"
        },
        {
		
            "predicate": {
                "custom_model_data": 3
            },
            "model": "item/rituals_brochure"
        }
    ]
}