{
	"credit": "Made with Blockbench",
	"texture_size": [64, 64],
	"textures": {
		"0": "hat_fabric",
		"1": "rope",
		"2": "iron",
		"3": "dark_stone",
		"4": "core",
		"particle": "hat_fabric"
	},
	"elements": [
		{
			"name": "rope",
			"from": [-0.25, 1, -0.25],
			"to": [16.25, 2, 16.25],
			"faces": {
				"north": {"uv": [0, 0, 4, 0.25], "texture": "#1"},
				"east": {"uv": [0, 0, 4, 0.25], "texture": "#1"},
				"south": {"uv": [0, 0, 4, 0.25], "texture": "#1"},
				"west": {"uv": [0, 0, 4, 0.25], "texture": "#1"},
				"up": {"uv": [0, 0, 4, 4], "texture": "#1"},
				"down": {"uv": [0, 0, 4, 4], "texture": "#1"}
			}
		},
		{
			"from": [7.5, 1, -0.75],
			"to": [8.5, 2, 1],
			"rotation": {"angle": 0, "axis": "x", "origin": [8, 1.36091, -0.22855]},
			"faces": {
				"north": {"uv": [0, 0, 4.25, 4.5], "texture": "#4"},
				"east": {"uv": [0, 0, 4.25, 4.5], "texture": "#4"},
				"south": {"uv": [0, 0, 4.25, 4.5], "texture": "#4"},
				"west": {"uv": [3, 7, 7.25, 11.5], "texture": "#4"},
				"up": {"uv": [6, 0, 10.25, 4.25], "texture": "#4"},
				"down": {"uv": [8, 0, 12.25, 4.25], "texture": "#4"}
			}
		},
		{
			"from": [7.5, 1, -0.75],
			"to": [8.5, 2, 1],
			"rotation": {"angle": 22.5, "axis": "z", "origin": [8, 1.5, 0.125]},
			"faces": {
				"north": {"uv": [0, 0, 4.25, 4.5], "texture": "#4"},
				"east": {"uv": [0, 0, 4.25, 4.5], "texture": "#4"},
				"south": {"uv": [0, 0, 4.25, 4.5], "texture": "#4"},
				"west": {"uv": [3, 7, 7.25, 11.5], "texture": "#4"},
				"up": {"uv": [6, 0, 10.25, 4.25], "texture": "#4"},
				"down": {"uv": [8, 0, 12.25, 4.25], "texture": "#4"}
			}
		},
		{
			"from": [7.5, 1, -0.75],
			"to": [8.5, 2, 1],
			"rotation": {"angle": 45, "axis": "z", "origin": [8, 1.5, 0.125]},
			"faces": {
				"north": {"uv": [0, 0, 4.25, 4.5], "texture": "#4"},
				"east": {"uv": [0, 0, 4.25, 4.5], "texture": "#4"},
				"south": {"uv": [0, 0, 4.25, 4.5], "texture": "#4"},
				"west": {"uv": [3, 7, 7.25, 11.5], "texture": "#4"},
				"up": {"uv": [6, 0, 10.25, 4.25], "texture": "#4"},
				"down": {"uv": [8, 0, 12.25, 4.25], "texture": "#4"}
			}
		},
		{
			"from": [7.5, 1, -0.75],
			"to": [8.5, 2, 1],
			"rotation": {"angle": -22.5, "axis": "z", "origin": [8, 1.5, 0.125]},
			"faces": {
				"north": {"uv": [0, 0, 4.25, 4.5], "rotation": 90, "texture": "#4"},
				"east": {"uv": [8, 0, 12.25, 4.25], "rotation": 270, "texture": "#4"},
				"south": {"uv": [0, 0, 4.25, 4.5], "rotation": 270, "texture": "#4"},
				"west": {"uv": [6, 0, 10.25, 4.25], "rotation": 270, "texture": "#4"},
				"up": {"uv": [0, 0, 4.25, 4.5], "rotation": 270, "texture": "#4"},
				"down": {"uv": [3, 7, 7.25, 11.5], "rotation": 270, "texture": "#4"}
			}
		},
		{
			"name": "jewel",
			"from": [7, 0.5, -0.5],
			"to": [9, 2.5, 1.5],
			"rotation": {"angle": 45, "axis": "z", "origin": [8, 1.5, 0.5]},
			"faces": {
				"north": {"uv": [0, 0, 8.5, 8.5], "texture": "#3"},
				"east": {"uv": [0, 0, 8.5, 8.5], "texture": "#3"},
				"south": {"uv": [0, 0, 8.5, 8.5], "texture": "#3"},
				"west": {"uv": [0, 0, 8.5, 8.5], "texture": "#3"},
				"up": {"uv": [0, 0, 8.5, 8.5], "texture": "#3"},
				"down": {"uv": [0, 0, 8.5, 8.5], "texture": "#3"}
			}
		},
		{
			"from": [7.5, 7, 21],
			"to": [8.5, 8, 22],
			"rotation": {"angle": 45, "axis": "x", "origin": [8, 9, 21]},
			"faces": {
				"north": {"uv": [2, 1, 6.25, 5.25], "texture": "#2"},
				"east": {"uv": [0, 7, 4.25, 11.25], "texture": "#2"},
				"south": {"uv": [3, 11.5, 7.25, 15.75], "texture": "#2"},
				"west": {"uv": [11, 7, 15.25, 11.25], "texture": "#2"},
				"up": {"uv": [6, 7, 10.25, 11.25], "texture": "#2"},
				"down": {"uv": [8, 0, 12.25, 4.25], "texture": "#2"}
			}
		},
		{
			"from": [7.5, 7, 22],
			"to": [8.5, 9, 23],
			"rotation": {"angle": 45, "axis": "x", "origin": [8, 9, 21]},
			"faces": {
				"north": {"uv": [2, 1, 6.25, 5.5], "texture": "#2"},
				"east": {"uv": [0, 7, 4.25, 11.5], "texture": "#2"},
				"south": {"uv": [3, 11.5, 7.25, 16], "texture": "#2"},
				"west": {"uv": [11, 7, 15.25, 11.5], "texture": "#2"},
				"up": {"uv": [6, 7, 10.25, 11.25], "texture": "#2"},
				"down": {"uv": [8, 0, 12.25, 4.25], "texture": "#2"}
			}
		},
		{
			"from": [7, 3.36091, 20.39645],
			"to": [9, 5.36091, 21.64645],
			"rotation": {"angle": 0, "axis": "x", "origin": [8, 5.36091, 20.52145]},
			"faces": {
				"north": {"uv": [2, 1, 6.25, 5.5], "texture": "#3"},
				"east": {"uv": [0, 7, 4.25, 11.5], "texture": "#3"},
				"south": {"uv": [3, 11.5, 7.25, 16], "texture": "#3"},
				"west": {"uv": [11, 7, 15.25, 11.5], "texture": "#3"},
				"up": {"uv": [6, 7, 10.25, 11.25], "texture": "#3"},
				"down": {"uv": [8, 0, 12.25, 4.25], "texture": "#3"}
			}
		},
		{
			"from": [7.5, 3.86091, 20.14645],
			"to": [8.5, 4.86091, 21.89645],
			"rotation": {"angle": -22.5, "axis": "z", "origin": [8, 4.36091, 21.02145]},
			"faces": {
				"north": {"uv": [0, 0, 4.25, 4.5], "texture": "#4"},
				"east": {"uv": [0, 0, 4.25, 4.5], "texture": "#4"},
				"south": {"uv": [0, 0, 4.25, 4.5], "texture": "#4"},
				"west": {"uv": [3, 7, 7.25, 11.5], "texture": "#4"},
				"up": {"uv": [6, 0, 10.25, 4.25], "texture": "#4"},
				"down": {"uv": [8, 0, 12.25, 4.25], "texture": "#4"}
			}
		},
		{
			"from": [7.5, 3.86091, 20.14645],
			"to": [8.5, 4.86091, 21.89645],
			"rotation": {"angle": 0, "axis": "x", "origin": [8, 4.36091, 21.02145]},
			"faces": {
				"north": {"uv": [0, 0, 4.25, 4.5], "texture": "#4"},
				"east": {"uv": [0, 0, 4.25, 4.5], "texture": "#4"},
				"south": {"uv": [0, 0, 4.25, 4.5], "texture": "#4"},
				"west": {"uv": [3, 7, 7.25, 11.5], "texture": "#4"},
				"up": {"uv": [6, 0, 10.25, 4.25], "texture": "#4"},
				"down": {"uv": [8, 0, 12.25, 4.25], "texture": "#4"}
			}
		},
		{
			"from": [7.5, 3.86091, 20.14645],
			"to": [8.5, 4.86091, 21.89645],
			"rotation": {"angle": 22.5, "axis": "z", "origin": [8, 4.36091, 21.02145]},
			"faces": {
				"north": {"uv": [0, 0, 4.25, 4.5], "rotation": 270, "texture": "#4"},
				"east": {"uv": [6, 0, 10.25, 4.25], "rotation": 90, "texture": "#4"},
				"south": {"uv": [0, 0, 4.25, 4.5], "rotation": 90, "texture": "#4"},
				"west": {"uv": [0, 0, 4.25, 4.25], "rotation": 90, "texture": "#4"},
				"up": {"uv": [11, 0, 15.25, 4.5], "rotation": 90, "texture": "#4"},
				"down": {"uv": [0, 7, 4.25, 11.5], "rotation": 90, "texture": "#4"}
			}
		},
		{
			"from": [7.5, 3.86091, 20.14645],
			"to": [8.5, 4.86091, 21.89645],
			"rotation": {"angle": 45, "axis": "z", "origin": [8, 4.36091, 21.02145]},
			"faces": {
				"north": {"uv": [0, 0, 4.25, 4.5], "rotation": 270, "texture": "#4"},
				"east": {"uv": [6, 0, 10.25, 4.25], "rotation": 90, "texture": "#4"},
				"south": {"uv": [0, 0, 4.25, 4.5], "rotation": 90, "texture": "#4"},
				"west": {"uv": [0, 0, 4.25, 4.25], "rotation": 90, "texture": "#4"},
				"up": {"uv": [11, 0, 15.25, 4.5], "rotation": 90, "texture": "#4"},
				"down": {"uv": [0, 7, 4.25, 11.5], "rotation": 90, "texture": "#4"}
			}
		},
		{
			"from": [6.25, 5.11091, 20.89645],
			"to": [7.25, 6.11091, 21.14645],
			"rotation": {"angle": 0, "axis": "x", "origin": [9.5, 5.86091, 21.02145]},
			"faces": {
				"north": {"uv": [2, 1, 6.25, 5.5], "texture": "#3"},
				"east": {"uv": [0, 7, 4.25, 11.5], "texture": "#3"},
				"south": {"uv": [3, 11.5, 7.25, 16], "texture": "#3"},
				"west": {"uv": [11, 7, 15.25, 11.5], "texture": "#3"},
				"up": {"uv": [6, 7, 10.25, 11.25], "texture": "#3"},
				"down": {"uv": [8, 0, 12.25, 4.25], "texture": "#3"}
			}
		},
		{
			"from": [6.25, 2.61091, 20.89645],
			"to": [7.25, 3.61091, 21.14645],
			"rotation": {"angle": 0, "axis": "x", "origin": [7.5, 6.11091, 21.02145]},
			"faces": {
				"north": {"uv": [2, 1, 6.25, 5.5], "texture": "#3"},
				"east": {"uv": [0, 7, 4.25, 11.5], "texture": "#3"},
				"south": {"uv": [3, 11.5, 7.25, 16], "texture": "#3"},
				"west": {"uv": [11, 7, 15.25, 11.5], "texture": "#3"},
				"up": {"uv": [6, 7, 10.25, 11.25], "texture": "#3"},
				"down": {"uv": [8, 0, 12.25, 4.25], "texture": "#3"}
			}
		},
		{
			"from": [8.75, 2.61091, 20.89645],
			"to": [9.75, 3.61091, 21.14645],
			"rotation": {"angle": 0, "axis": "x", "origin": [7.25, 4.86091, 21.02145]},
			"faces": {
				"north": {"uv": [2, 1, 6.25, 5.5], "texture": "#3"},
				"east": {"uv": [0, 7, 4.25, 11.5], "texture": "#3"},
				"south": {"uv": [3, 11.5, 7.25, 16], "texture": "#3"},
				"west": {"uv": [11, 7, 15.25, 11.5], "texture": "#3"},
				"up": {"uv": [6, 7, 10.25, 11.25], "texture": "#3"},
				"down": {"uv": [8, 0, 12.25, 4.25], "texture": "#3"}
			}
		},
		{
			"from": [8.75, 5.11091, 20.89645],
			"to": [9.75, 6.11091, 21.14645],
			"rotation": {"angle": 0, "axis": "x", "origin": [7.25, 5.86091, 21.02145]},
			"faces": {
				"north": {"uv": [2, 1, 6.25, 5.5], "texture": "#3"},
				"east": {"uv": [0, 7, 4.25, 11.5], "texture": "#3"},
				"south": {"uv": [3, 11.5, 7.25, 16], "texture": "#3"},
				"west": {"uv": [11, 7, 15.25, 11.5], "texture": "#3"},
				"up": {"uv": [6, 7, 10.25, 11.25], "texture": "#3"},
				"down": {"uv": [8, 0, 12.25, 4.25], "texture": "#3"}
			}
		},
		{
			"from": [6.5, 2.86091, 20.64645],
			"to": [9.5, 5.86091, 21.39645],
			"rotation": {"angle": 45, "axis": "z", "origin": [8, 4.36091, 21.02145]},
			"faces": {
				"north": {"uv": [2, 1, 6.25, 5.5], "texture": "#3"},
				"east": {"uv": [0, 7, 4.25, 11.5], "texture": "#3"},
				"south": {"uv": [3, 11.5, 7.25, 16], "texture": "#3"},
				"west": {"uv": [11, 7, 15.25, 11.5], "texture": "#3"},
				"up": {"uv": [6, 7, 10.25, 11.25], "texture": "#3"},
				"down": {"uv": [8, 0, 12.25, 4.25], "texture": "#3"}
			}
		},
		{
			"from": [7.5, 8, 20],
			"to": [8.5, 10, 21],
			"rotation": {"angle": 45, "axis": "x", "origin": [8, 9, 21]},
			"faces": {
				"north": {"uv": [2, 1, 6.25, 5.5], "texture": "#2"},
				"east": {"uv": [0, 7, 4.25, 11.5], "texture": "#2"},
				"south": {"uv": [3, 11.5, 7.25, 16], "texture": "#2"},
				"west": {"uv": [11, 7, 15.25, 11.5], "texture": "#2"},
				"up": {"uv": [6, 7, 10.25, 11.25], "texture": "#2"},
				"down": {"uv": [8, 0, 12.25, 4.25], "texture": "#2"}
			}
		},
		{
			"from": [8.5, 9, 19],
			"to": [9, 11, 21],
			"faces": {
				"north": {"uv": [2, 1, 6.125, 5.5], "texture": "#2"},
				"east": {"uv": [0, 7, 4.5, 11.5], "texture": "#2"},
				"south": {"uv": [3, 11.5, 7.125, 16], "texture": "#2"},
				"west": {"uv": [11, 7, 15.5, 11.5], "texture": "#2"},
				"up": {"uv": [6, 7, 10.125, 11.5], "texture": "#2"},
				"down": {"uv": [8, 0, 12.125, 4.5], "texture": "#2"}
			}
		},
		{
			"from": [7, 9, 19],
			"to": [7.5, 11, 21],
			"faces": {
				"north": {"uv": [2, 1, 6.125, 5.5], "texture": "#2"},
				"east": {"uv": [0, 7, 4.5, 11.5], "texture": "#2"},
				"south": {"uv": [3, 11.5, 7.125, 16], "texture": "#2"},
				"west": {"uv": [11, 7, 15.5, 11.5], "texture": "#2"},
				"up": {"uv": [6, 7, 10.125, 11.5], "texture": "#2"},
				"down": {"uv": [8, 0, 12.125, 4.5], "texture": "#2"}
			}
		},
		{
			"from": [7.5, 9, 21],
			"to": [8.5, 10, 22],
			"rotation": {"angle": 45, "axis": "x", "origin": [8, 9, 21]},
			"faces": {
				"north": {"uv": [2, 1, 6.25, 5.25], "texture": "#2"},
				"east": {"uv": [0, 7, 4.25, 11.25], "texture": "#2"},
				"south": {"uv": [3, 11.5, 7.25, 15.75], "texture": "#2"},
				"west": {"uv": [11, 7, 15.25, 11.25], "texture": "#2"},
				"up": {"uv": [6, 7, 10.25, 11.25], "texture": "#2"},
				"down": {"uv": [8, 0, 12.25, 4.25], "texture": "#2"}
			}
		},
		{
			"from": [0.5, 2, 0.5],
			"to": [15.5, 4, 15.5],
			"rotation": {"angle": 0, "axis": "y", "origin": [0, 1, 0]},
			"faces": {
				"north": {"uv": [9.5, 0, 13.5, 0.75], "texture": "#0"},
				"east": {"uv": [9.5, 0.75, 13.5, 1.5], "texture": "#0"},
				"south": {"uv": [9.5, 1.5, 13.5, 2.25], "texture": "#0"},
				"west": {"uv": [9.5, 2.25, 13.5, 3], "texture": "#0"},
				"up": {"uv": [4, 4, 0, 0], "texture": "#0"},
				"down": {"uv": [4, 4, 0, 8], "texture": "#0"}
			}
		},
		{
			"from": [0, 0, 0],
			"to": [16, 3, 16],
			"rotation": {"angle": 0, "axis": "y", "origin": [0, 1, 0]},
			"faces": {
				"north": {"uv": [9.5, 0, 13.5, 0.75], "texture": "#0"},
				"east": {"uv": [9.5, 0.75, 13.5, 1.5], "texture": "#0"},
				"south": {"uv": [9.5, 1.5, 13.5, 2.25], "texture": "#0"},
				"west": {"uv": [9.5, 2.25, 13.5, 3], "texture": "#0"},
				"up": {"uv": [4, 4, 0, 0], "texture": "#0"},
				"down": {"uv": [4, 4, 0, 8], "texture": "#0"}
			}
		},
		{
			"from": [2, 4, 2],
			"to": [14, 7, 14],
			"rotation": {"angle": 22.5, "axis": "x", "origin": [8, 5, 8]},
			"faces": {
				"north": {"uv": [11.5, 5, 14.5, 5.75], "texture": "#0"},
				"east": {"uv": [8.5, 10.5, 11.5, 11.25], "texture": "#0"},
				"south": {"uv": [12.5, 7.75, 15.5, 8.5], "texture": "#0"},
				"west": {"uv": [7.5, 7.5, 10.5, 8.25], "texture": "#0"},
				"up": {"uv": [7, 3, 4, 0], "texture": "#0"},
				"down": {"uv": [7, 3, 4, 6], "texture": "#0"}
			}
		},
		{
			"from": [3, 6, 6],
			"to": [13, 14, 16],
			"rotation": {"angle": 45, "axis": "x", "origin": [8, 10, 8]},
			"faces": {
				"north": {"uv": [7, 0, 9.5, 2], "texture": "#0"},
				"east": {"uv": [7, 2, 9.5, 4], "texture": "#0"},
				"south": {"uv": [7, 4, 9.5, 6], "texture": "#0"},
				"west": {"uv": [0, 8, 2.5, 10], "texture": "#0"},
				"up": {"uv": [6.5, 8.5, 4, 6], "texture": "#0"},
				"down": {"uv": [9, 6, 6.5, 8.5], "texture": "#0"}
			}
		},
		{
			"from": [4, 5, 7],
			"to": [12, 13, 13],
			"rotation": {"angle": -22.5, "axis": "x", "origin": [8, 16, 8]},
			"faces": {
				"north": {"uv": [8.5, 8.5, 10.5, 10.5], "texture": "#0"},
				"east": {"uv": [9.5, 3, 11, 5], "texture": "#0"},
				"south": {"uv": [9, 6, 11, 8], "texture": "#0"},
				"west": {"uv": [0, 10, 1.5, 12], "texture": "#0"},
				"up": {"uv": [3.5, 11.5, 1.5, 10], "texture": "#0"},
				"down": {"uv": [5.5, 10, 3.5, 11.5], "texture": "#0"}
			}
		},
		{
			"from": [2, 1, 2],
			"to": [14, 4, 8],
			"rotation": {"angle": 22.5, "axis": "x", "origin": [8, 5, 8]},
			"faces": {
				"north": {"uv": [11, 3, 14, 3.75], "texture": "#0"},
				"east": {"uv": [11, 7.25, 12.5, 8], "texture": "#0"},
				"south": {"uv": [11, 3.75, 14, 4.5], "texture": "#0"},
				"west": {"uv": [11.5, 11.25, 13, 12], "texture": "#0"},
				"up": {"uv": [5.5, 10, 2.5, 8.5], "texture": "#0"},
				"down": {"uv": [8.5, 8.5, 5.5, 10], "texture": "#0"}
			}
		},
		{
			"from": [2, 2, 8],
			"to": [14, 4, 11],
			"rotation": {"angle": 22.5, "axis": "x", "origin": [8, 5, 8]},
			"faces": {
				"north": {"uv": [11, 4.5, 14, 5], "texture": "#0"},
				"east": {"uv": [2.5, 8, 3.25, 8.5], "texture": "#0"},
				"south": {"uv": [11, 6.75, 14, 7.25], "texture": "#0"},
				"west": {"uv": [3.25, 8, 4, 8.5], "texture": "#0"},
				"up": {"uv": [8.5, 11.75, 5.5, 11], "texture": "#0"},
				"down": {"uv": [14, 6, 11, 6.75], "texture": "#0"}
			}
		},
		{
			"from": [2, 0, 2],
			"to": [14, 1, 6],
			"rotation": {"angle": 22.5, "axis": "x", "origin": [8, 5, 8]},
			"faces": {
				"north": {"uv": [12.5, 5, 15.5, 5.25], "texture": "#0"},
				"east": {"uv": [9, 8, 10, 8.25], "texture": "#0"},
				"south": {"uv": [12.5, 5.25, 15.5, 5.5], "texture": "#0"},
				"west": {"uv": [9, 8.25, 10, 8.5], "texture": "#0"},
				"up": {"uv": [12.5, 6, 9.5, 5], "texture": "#0"},
				"down": {"uv": [8.5, 10, 5.5, 11], "texture": "#0"}
			}
		},
		{
			"from": [5, 8.21163, 13.14594],
			"to": [11, 14.21163, 17.14594],
			"rotation": {"angle": 0, "axis": "x", "origin": [8, 12.21163, 17.14594]},
			"faces": {
				"north": {"uv": [8.5, 11.25, 10, 12.75], "texture": "#0"},
				"east": {"uv": [1.5, 11.5, 2.5, 13], "texture": "#0"},
				"south": {"uv": [10, 11.25, 11.5, 12.75], "texture": "#0"},
				"west": {"uv": [2.5, 11.5, 3.5, 13], "texture": "#0"},
				"up": {"uv": [5, 12.5, 3.5, 11.5], "texture": "#0"},
				"down": {"uv": [13, 10.25, 11.5, 11.25], "texture": "#0"}
			}
		},
		{
			"from": [6, 8.21163, 16.14594],
			"to": [10, 12.21163, 20.14594],
			"rotation": {"angle": 22.5, "axis": "x", "origin": [8, 11.21163, 19.14594]},
			"faces": {
				"north": {"uv": [5, 11.75, 6, 12.75], "texture": "#0"},
				"east": {"uv": [6, 11.75, 7, 12.75], "texture": "#0"},
				"south": {"uv": [7, 11.75, 8, 12.75], "texture": "#0"},
				"west": {"uv": [0, 12, 1, 13], "texture": "#0"},
				"up": {"uv": [12.5, 13, 11.5, 12], "texture": "#0"},
				"down": {"uv": [4.5, 12.5, 3.5, 13.5], "texture": "#0"}
			}
		}
	],
	"display": {
		"thirdperson_righthand": {
			"rotation": [61.85, 41.18, -21.29],
			"translation": [0, 2.25, 0],
			"scale": [0.4, 0.4, 0.4]
		},
		"thirdperson_lefthand": {
			"rotation": [61.85, 41.18, -21.29],
			"translation": [0, 2.25, 0],
			"scale": [0.4, 0.4, 0.4]
		},
		"firstperson_righthand": {
			"rotation": [0, 120, 0],
			"translation": [1.25, 4.75, 0],
			"scale": [0.4, 0.4, 0.4]
		},
		"firstperson_lefthand": {
			"rotation": [0, 120, 0],
			"translation": [1.25, 4.75, 0],
			"scale": [0.4, 0.4, 0.4]
		},
		"ground": {
			"translation": [0, 1, 0],
			"scale": [0.5, 0.5, 0.5]
		},
		"gui": {
			"rotation": [30, 225, 0],
			"scale": [0.625, 0.625, 0.625]
		},
		"head": {
			"rotation": [0, -17.25, -8],
			"translation": [0.75, 14, 1.25],
			"scale": [1.25, 1.25, 1.25]
		},
		"fixed": {
			"rotation": [-90, 0, 0],
			"translation": [0, 0, -16],
			"scale": [2, 2, 2]
		}
	},
	"groups": [
		0,
		{
			"name": "jewel",
			"origin": [8, 4.36091, 21.02145],
			"color": 0,
			"children": [1, 2, 3, 4]
		},
		5,
		{
			"name": "lantern",
			"origin": [8, 9, 21],
			"color": 0,
			"children": [
				6,
				7,
				{
					"name": "amulet",
					"origin": [8, 4.11091, 21.14645],
					"color": 0,
					"children": [
						8,
						{
							"name": "amulet_jewel",
							"origin": [8, 4.36091, 21.02145],
							"color": 0,
							"children": [9, 10, 11, 12]
						},
						13,
						14,
						15,
						16,
						17
					]
				},
				18,
				19,
				20,
				21
			]
		},
		{
			"name": "hat",
			"origin": [8, 11.21163, 19.14594],
			"color": 0,
			"children": [22, 23, 24, 25, 26, 27, 28, 29, 30, 31]
		}
	]
}