{
	"credit": "Made with Blockbench",
	"textures": {
		"0": "shimmering_rock",
		"1": "dark_stone",
		"2": "healer_rune",
		"particle": "shimmering_rock"
	},
	"elements": [
		{
			"name": "shimmering_stone",
			"from": [6.5, 6.5, 6.5],
			"to": [9.5, 9.5, 9.5],
			"rotation": {"angle": 0, "axis": "y", "origin": [0, 4, 0]},
			"faces": {
				"north": {"uv": [0, 0, 16, 16], "texture": "#0"},
				"east": {"uv": [0, 0, 16, 16], "texture": "#0"},
				"south": {"uv": [0, 0, 16, 16], "texture": "#0"},
				"west": {"uv": [0, 0, 16, 16], "texture": "#0"},
				"up": {"uv": [0, 0, 16, 16], "texture": "#0"},
				"down": {"uv": [0, 0, 16, 16], "texture": "#0"}
			}
		},
		{
			"from": [6, 3, 7],
			"to": [10, 13, 9],
			"rotation": {"angle": 0, "axis": "y", "origin": [0, 4, 0]},
			"faces": {
				"north": {"uv": [0, 0, 4, 10], "texture": "#1"},
				"east": {"uv": [0, 0, 2, 10], "texture": "#1"},
				"south": {"uv": [0, 10, 4, 0], "texture": "#1"},
				"west": {"uv": [0, 0, 2, 10], "texture": "#1"},
				"up": {"uv": [0, 0, 4, 2], "texture": "#1"},
				"down": {"uv": [0, 0, 4, 2], "texture": "#1"}
			}
		},
		{
			"from": [10, 6, 7],
			"to": [13, 10, 9],
			"rotation": {"angle": 0, "axis": "z", "origin": [8, 8, 8]},
			"faces": {
				"north": {"uv": [0, 0, 4, 3], "rotation": 270, "texture": "#1"},
				"east": {"uv": [0, 0, 4, 2], "rotation": 90, "texture": "#1"},
				"south": {"uv": [4, 3, 0, 0], "rotation": 90, "texture": "#1"},
				"west": {"uv": [0, 0, 4, 2], "rotation": 90, "texture": "#1"},
				"up": {"uv": [0, 0, 2, 3], "rotation": 90, "texture": "#1"},
				"down": {"uv": [0, 0, 2, 3], "rotation": 90, "texture": "#1"}
			}
		},
		{
			"from": [3, 6, 7],
			"to": [6, 10, 9],
			"rotation": {"angle": 0, "axis": "z", "origin": [8, 8, 8]},
			"faces": {
				"north": {"uv": [4, 0, 0, 3], "rotation": 270, "texture": "#1"},
				"east": {"uv": [0, 0, 4, 2], "rotation": 90, "texture": "#1"},
				"south": {"uv": [0, 0, 4, 3], "rotation": 90, "texture": "#1"},
				"west": {"uv": [0, 0, 4, 2], "rotation": 90, "texture": "#1"},
				"up": {"uv": [0, 0, 2, 3], "rotation": 90, "texture": "#1"},
				"down": {"uv": [0, 0, 2, 3], "rotation": 90, "texture": "#1"}
			}
		},
		{
			"from": [7.25, 6, 6.75],
			"to": [8.5, 7.25, 9.25],
			"rotation": {"angle": -45, "axis": "z", "origin": [8, 6.5, 6.875]},
			"faces": {
				"north": {"uv": [0, 0, 8.25, 8.25], "texture": "#1"},
				"east": {"uv": [0, 0, 0.25, 1.25], "texture": "#1"},
				"south": {"uv": [0, 0, 8.25, 8.25], "texture": "#1"},
				"west": {"uv": [0, 0, 0.25, 1.25], "texture": "#1"},
				"up": {"uv": [0, 0, 1.25, 0.25], "texture": "#1"},
				"down": {"uv": [0, 0, 1.25, 0.25], "texture": "#1"}
			}
		},
		{
			"from": [7.25, 8.75, 6.75],
			"to": [8.5, 10, 9.25],
			"rotation": {"angle": 45, "axis": "z", "origin": [8, 9.5, 6.875]},
			"faces": {
				"north": {"uv": [0, 0, 8.25, 8.25], "texture": "#1"},
				"east": {"uv": [0, 0, 0.25, 1.25], "texture": "#1"},
				"south": {"uv": [0, 0, 8.25, 8.25], "texture": "#1"},
				"west": {"uv": [0, 0, 0.25, 1.25], "texture": "#1"},
				"up": {"uv": [0, 0, 1.25, 0.25], "texture": "#1"},
				"down": {"uv": [0, 0, 1.25, 0.25], "texture": "#1"}
			}
		},
		{
			"from": [6, 7.5, 6.75],
			"to": [7.25, 8.75, 9.25],
			"rotation": {"angle": -45, "axis": "z", "origin": [6.5, 8, 6.875]},
			"faces": {
				"north": {"uv": [0, 0, 8.25, 8.25], "rotation": 270, "texture": "#1"},
				"east": {"uv": [0, 0, 1.25, 0.25], "rotation": 90, "texture": "#1"},
				"south": {"uv": [0, 0, 8.25, 8.25], "rotation": 90, "texture": "#1"},
				"west": {"uv": [0, 0, 1.25, 0.25], "rotation": 90, "texture": "#1"},
				"up": {"uv": [0, 0, 0.25, 1.25], "rotation": 90, "texture": "#1"},
				"down": {"uv": [0, 0, 0.25, 1.25], "rotation": 90, "texture": "#1"}
			}
		},
		{
			"from": [8.75, 7.5, 6.75],
			"to": [10, 8.75, 9.25],
			"rotation": {"angle": 45, "axis": "z", "origin": [9.5, 8, 6.875]},
			"faces": {
				"north": {"uv": [0, 0, 8.25, 8.25], "rotation": 270, "texture": "#1"},
				"east": {"uv": [0, 0, 1.25, 0.25], "rotation": 90, "texture": "#1"},
				"south": {"uv": [0, 0, 8.25, 8.25], "rotation": 90, "texture": "#1"},
				"west": {"uv": [0, 0, 1.25, 0.25], "rotation": 90, "texture": "#1"},
				"up": {"uv": [0, 0, 0.25, 1.25], "rotation": 90, "texture": "#1"},
				"down": {"uv": [0, 0, 0.25, 1.25], "rotation": 90, "texture": "#1"}
			}
		},
		{
			"from": [0, 0, 8],
			"to": [16, 16, 8],
			"faces": {
				"north": {"uv": [0, 0, 16, 16], "texture": "#2"},
				"east": {"uv": [0, 0, 0, 16], "texture": "#2"},
				"south": {"uv": [0, 0, 16, 16], "texture": "#2"},
				"west": {"uv": [0, 0, 0, 16], "texture": "#2"},
				"up": {"uv": [0, 0, 16, 0], "texture": "#2"},
				"down": {"uv": [0, 0, 16, 0], "texture": "#2"}
			}
		}
	],
	"display": {
		"thirdperson_righthand": {
			"scale": [0.25, 0.25, 0.25]
		},
		"thirdperson_lefthand": {
			"scale": [0.25, 0.25, 0.25]
		},
		"firstperson_righthand": {
			"translation": [0, 2.25, 0],
			"scale": [0.25, 0.25, 0.25]
		},
		"firstperson_lefthand": {
			"translation": [0, 2.25, 0],
			"scale": [0.25, 0.25, 0.25]
		},
		"ground": {
			"translation": [0, 2, 0],
			"scale": [0.5, 0.5, 0.5]
		},
		"gui": {
			"rotation": [-30, -1.5, -35],
			"translation": [-0.25, 0.25, 0]
		},
		"head": {
			"rotation": [90, 0, 0],
			"translation": [0, 10, 0],
			"scale": [1.5, 1.5, 1.5]
		}
	},
	"groups": [
		0,
		{
			"name": "backplate",
			"origin": [9.5, 4, 6.875],
			"color": 0,
			"children": [1, 2, 3, 4, 5, 6, 7]
		},
		8
	]
}