{
	"credit": "Made with Blockbench",
	"textures": {
		"0": "leaf",
		"1": "stem",
		"2": "petals",
		"3": "spinny_thing",
		"particle": "leaf"
	},
	"elements": [
		{
			"from": [8, 15, 9],
			"to": [10, 17, 11],
			"faces": {
				"north": {"uv": [0, 0, 2, 2], "texture": "#1"},
				"east": {"uv": [0, 0, 2, 2], "texture": "#1"},
				"south": {"uv": [0, 0, 2, 2], "texture": "#1"},
				"west": {"uv": [0, 0, 2, 2], "texture": "#1"},
				"up": {"uv": [0, 0, 2, 2], "texture": "#1"},
				"down": {"uv": [0, 0, 2, 2], "texture": "#1"}
			}
		},
		{
			"from": [8, 11, 8],
			"to": [10, 17, 10],
			"rotation": {"angle": -22.5, "axis": "z", "origin": [8, 15, 10]},
			"faces": {
				"north": {"uv": [0, 0, 2, 6], "texture": "#1"},
				"east": {"uv": [0, 0, 2, 6], "texture": "#1"},
				"south": {"uv": [0, 0, 2, 6], "texture": "#1"},
				"west": {"uv": [0, 0, 2, 6], "texture": "#1"},
				"up": {"uv": [0, 0, 2, 2], "texture": "#1"},
				"down": {"uv": [0, 0, 2, 2], "texture": "#1"}
			}
		},
		{
			"from": [7, 6, 9],
			"to": [9, 12, 11],
			"rotation": {"angle": 0, "axis": "x", "origin": [9, 10.16059, 11.21998]},
			"faces": {
				"north": {"uv": [0, 0, 2, 6], "texture": "#1"},
				"east": {"uv": [0, 0, 2, 6], "texture": "#1"},
				"south": {"uv": [0, 0, 2, 6], "texture": "#1"},
				"west": {"uv": [0, 0, 2, 6], "texture": "#1"},
				"up": {"uv": [0, 0, 2, 2], "texture": "#1"},
				"down": {"uv": [0, 0, 2, 2], "texture": "#1"}
			}
		},
		{
			"from": [8, 1, 8],
			"to": [10, 7, 10],
			"rotation": {"angle": 22.5, "axis": "x", "origin": [8, 5, 8]},
			"faces": {
				"north": {"uv": [0, 0, 2, 6], "texture": "#1"},
				"east": {"uv": [0, 0, 2, 6], "texture": "#1"},
				"south": {"uv": [0, 0, 2, 6], "texture": "#1"},
				"west": {"uv": [0, 0, 2, 6], "texture": "#1"},
				"up": {"uv": [0, 0, 2, 2], "texture": "#1"},
				"down": {"uv": [0, 0, 2, 2], "texture": "#1"}
			}
		},
		{
			"from": [7, 0, 7],
			"to": [9, 2, 9],
			"faces": {
				"north": {"uv": [0, 0, 2, 2], "texture": "#1"},
				"east": {"uv": [0, 0, 2, 2], "texture": "#1"},
				"south": {"uv": [0, 0, 2, 2], "texture": "#1"},
				"west": {"uv": [0, 0, 2, 2], "texture": "#1"},
				"up": {"uv": [0, 0, 2, 2], "texture": "#1"},
				"down": {"uv": [0, 0, 2, 2], "texture": "#1"}
			}
		},
		{
			"from": [7, 17.5, 8],
			"to": [11, 17.5, 12],
			"rotation": {"angle": 0, "axis": "y", "origin": [8, 17, 9]},
			"faces": {
				"north": {"uv": [0, 0, 2, 1], "texture": "#2"},
				"east": {"uv": [0, 0, 2, 1], "texture": "#2"},
				"south": {"uv": [0, 0, 2, 1], "texture": "#2"},
				"west": {"uv": [0, 0, 2, 1], "texture": "#2"},
				"up": {"uv": [3, 14, 11, 6], "texture": "#2"},
				"down": {"uv": [3, 14, 11, 6], "texture": "#2"}
			}
		},
		{
			"from": [9.5, 17.75, 10],
			"to": [13.5, 17.75, 14],
			"rotation": {"angle": -45, "axis": "y", "origin": [11, 17.75, 12]},
			"faces": {
				"north": {"uv": [0, 0, 2, 1], "texture": "#2"},
				"east": {"uv": [0, 0, 2, 1], "texture": "#2"},
				"south": {"uv": [0, 0, 2, 1], "texture": "#2"},
				"west": {"uv": [0, 0, 2, 1], "texture": "#2"},
				"up": {"uv": [0, 16, 16, 0], "rotation": 270, "texture": "#2"},
				"down": {"uv": [0, 0, 16, 16], "rotation": 90, "texture": "#2"}
			}
		},
		{
			"from": [5, 17.75, 10.75],
			"to": [9, 17.75, 14.75],
			"rotation": {"angle": -45, "axis": "y", "origin": [7, 17.75, 12]},
			"faces": {
				"north": {"uv": [0, 0, 2, 1], "texture": "#2"},
				"east": {"uv": [0, 0, 2, 1], "texture": "#2"},
				"south": {"uv": [0, 0, 2, 1], "texture": "#2"},
				"west": {"uv": [0, 0, 2, 1], "texture": "#2"},
				"up": {"uv": [0, 16, 16, 0], "texture": "#2"},
				"down": {"uv": [0, 0, 16, 16], "texture": "#2"}
			}
		},
		{
			"from": [4.5, 17.75, 6],
			"to": [8.5, 17.75, 10],
			"rotation": {"angle": -45, "axis": "y", "origin": [7, 17.75, 8]},
			"faces": {
				"north": {"uv": [0, 0, 2, 1], "texture": "#2"},
				"east": {"uv": [0, 0, 2, 1], "texture": "#2"},
				"south": {"uv": [0, 0, 2, 1], "texture": "#2"},
				"west": {"uv": [0, 0, 2, 1], "texture": "#2"},
				"up": {"uv": [0, 16, 16, 0], "rotation": 90, "texture": "#2"},
				"down": {"uv": [0, 0, 16, 16], "rotation": 270, "texture": "#2"}
			}
		},
		{
			"from": [9.5, 17.75, 6],
			"to": [13.5, 17.75, 10],
			"rotation": {"angle": 45, "axis": "y", "origin": [11, 17.75, 8]},
			"faces": {
				"north": {"uv": [0, 0, 2, 1], "texture": "#2"},
				"east": {"uv": [0, 0, 2, 1], "texture": "#2"},
				"south": {"uv": [0, 0, 2, 1], "texture": "#2"},
				"west": {"uv": [0, 0, 2, 1], "texture": "#2"},
				"up": {"uv": [0, 16, 16, 0], "rotation": 270, "texture": "#2"},
				"down": {"uv": [0, 0, 16, 16], "rotation": 90, "texture": "#2"}
			}
		},
		{
			"from": [6, 18, 5],
			"to": [12, 18, 10],
			"rotation": {"angle": 22.5, "axis": "x", "origin": [9, 17.75, 7]},
			"faces": {
				"north": {"uv": [0, 0, 2, 0.5], "texture": "#2"},
				"east": {"uv": [0, 0, 1, 0.5], "texture": "#2"},
				"south": {"uv": [0, 0, 2, 0.5], "texture": "#2"},
				"west": {"uv": [0, 0, 1, 0.5], "texture": "#2"},
				"up": {"uv": [0, 0, 16, 16], "texture": "#2"},
				"down": {"uv": [0, 16, 16, 0], "texture": "#2"}
			}
		},
		{
			"from": [6, 18, 10],
			"to": [12, 18, 15],
			"rotation": {"angle": -22.5, "axis": "x", "origin": [9, 17.75, 13]},
			"faces": {
				"north": {"uv": [0, 0, 2, 0.5], "texture": "#2"},
				"east": {"uv": [0, 0, 1, 0.5], "texture": "#2"},
				"south": {"uv": [0, 0, 2, 0.5], "texture": "#2"},
				"west": {"uv": [0, 0, 1, 0.5], "texture": "#2"},
				"up": {"uv": [0, 16, 16, 0], "texture": "#2"},
				"down": {"uv": [0, 0, 16, 16], "texture": "#2"}
			}
		},
		{
			"from": [4, 18, 7],
			"to": [9, 18, 13],
			"rotation": {"angle": -22.5, "axis": "z", "origin": [6, 17.75, 10]},
			"faces": {
				"north": {"uv": [0, 0, 1, 0.5], "texture": "#2"},
				"east": {"uv": [0, 0, 2, 0.5], "texture": "#2"},
				"south": {"uv": [0, 0, 1, 0.5], "texture": "#2"},
				"west": {"uv": [0, 0, 2, 0.5], "texture": "#2"},
				"up": {"uv": [0, 0, 16, 16], "rotation": 270, "texture": "#2"},
				"down": {"uv": [0, 16, 16, 0], "rotation": 90, "texture": "#2"}
			}
		},
		{
			"from": [9, 18, 7],
			"to": [14, 18, 13],
			"rotation": {"angle": 22.5, "axis": "z", "origin": [12, 17.75, 10]},
			"faces": {
				"north": {"uv": [0, 0, 1, 0.5], "texture": "#2"},
				"east": {"uv": [0, 0, 2, 0.5], "texture": "#2"},
				"south": {"uv": [0, 0, 1, 0.5], "texture": "#2"},
				"west": {"uv": [0, 0, 2, 0.5], "texture": "#2"},
				"up": {"uv": [0, 16, 16, 0], "rotation": 270, "texture": "#2"},
				"down": {"uv": [0, 0, 16, 16], "rotation": 90, "texture": "#2"}
			}
		},
		{
			"from": [8.75, 2.76537, 4.40224],
			"to": [8.75, 6.76537, 8.40224],
			"rotation": {"angle": 22.5, "axis": "x", "origin": [8, 5.76537, 6.15224]},
			"faces": {
				"north": {"uv": [1, 3, 11, 16], "texture": "#0"},
				"east": {"uv": [1, 3, 15, 16], "texture": "#0"},
				"south": {"uv": [1, 3, 11, 16], "texture": "#0"},
				"west": {"uv": [15, 3, 1, 16], "texture": "#0"},
				"up": {"uv": [0, 0, 4, 0], "rotation": 270, "texture": "#0"},
				"down": {"uv": [0, 0, 4, 0], "rotation": 90, "texture": "#0"}
			}
		},
		{
			"from": [8, 7, 10.75],
			"to": [8, 11, 14.75],
			"rotation": {"angle": 0, "axis": "y", "origin": [8, 9, 13]},
			"faces": {
				"north": {"uv": [0, 0, 4, 0], "rotation": 90, "texture": "#0"},
				"east": {"uv": [1, 3, 15, 16], "rotation": 270, "texture": "#0"},
				"south": {"uv": [0, 0, 4, 0], "rotation": 90, "texture": "#0"},
				"west": {"uv": [15, 3, 1, 16], "rotation": 90, "texture": "#0"},
				"up": {"uv": [1, 3, 11, 16], "rotation": 180, "texture": "#0"},
				"down": {"uv": [1, 16, 11, 3], "texture": "#0"}
			}
		},
		{
			"from": [3.33239, 11.38687, 8.999],
			"to": [7.33239, 15.38687, 8.999],
			"rotation": {"angle": -22.5, "axis": "z", "origin": [9.08239, 12.38687, 9.999]},
			"faces": {
				"north": {"uv": [1, 3, 15, 16], "texture": "#0"},
				"east": {"uv": [1, 3, 11, 16], "texture": "#0"},
				"south": {"uv": [15, 3, 1, 16], "texture": "#0"},
				"west": {"uv": [1, 3, 11, 16], "texture": "#0"},
				"up": {"uv": [0, 0, 4, 0], "texture": "#0"},
				"down": {"uv": [0, 0, 4, 0], "texture": "#0"}
			}
		},
		{
			"from": [6.5, 18, 7.5],
			"to": [11.5, 18, 12.5],
			"faces": {
				"north": {"uv": [0, 0, 5, 0], "texture": "#3"},
				"east": {"uv": [0, 0, 5, 0], "texture": "#3"},
				"south": {"uv": [0, 0, 5, 0], "texture": "#3"},
				"west": {"uv": [0, 0, 5, 0], "texture": "#3"},
				"up": {"uv": [0, 16, 16, 0], "texture": "#3"},
				"down": {"uv": [0, 0, 16, 16], "texture": "#3"}
			}
		},
		{
			"from": [7.5, 18, 8.5],
			"to": [10.5, 18, 11.5],
			"rotation": {"angle": 0, "axis": "y", "origin": [9, 18.5, 10]},
			"faces": {
				"north": {"uv": [0, 0, 5, 0], "texture": "#3"},
				"east": {"uv": [0, 0, 5, 0], "texture": "#3"},
				"south": {"uv": [0, 0, 5, 0], "texture": "#3"},
				"west": {"uv": [0, 0, 5, 0], "texture": "#3"},
				"up": {"uv": [16, 16, 0, 0], "rotation": 90, "texture": "#3"},
				"down": {"uv": [16, 0, 0, 16], "rotation": 270, "texture": "#3"}
			}
		},
		{
			"from": [8.5, 18, 9.5],
			"to": [9.5, 18, 10.5],
			"rotation": {"angle": 0, "axis": "y", "origin": [9, 20, 10]},
			"faces": {
				"north": {"uv": [0, 0, 5, 0], "texture": "#3"},
				"east": {"uv": [0, 0, 5, 0], "texture": "#3"},
				"south": {"uv": [0, 0, 5, 0], "texture": "#3"},
				"west": {"uv": [0, 0, 5, 0], "texture": "#3"},
				"up": {"uv": [0, 16, 16, 0], "rotation": 180, "texture": "#3"},
				"down": {"uv": [0, 0, 16, 16], "rotation": 180, "texture": "#3"}
			}
		}
	],
	"display": {
		"thirdperson_righthand": {
			"translation": [-0.5, 0, 0]
		},
		"thirdperson_lefthand": {
			"translation": [-0.5, 0, 0]
		},
		"firstperson_righthand": {
			"rotation": [20, -20, 10]
		},
		"firstperson_lefthand": {
			"rotation": [20, -20, 10]
		},
		"gui": {
			"rotation": [30, 225, 0],
			"scale": [0.625, 0.625, 0.625]
		},
		"head": {
			"translation": [0, -11, 0],
			"scale": [4, 4, 4]
		},
		"fixed": {
			"rotation": [0, 180, 0],
			"translation": [0, 0, -5]
		}
	},
	"groups": [
		{
			"name": "stem",
			"origin": [0, 0, 0],
			"color": 0,
			"children": [0, 1, 2, 3, 4]
		},
		{
			"name": "petals",
			"origin": [7.25, 19, 12.5],
			"color": 0,
			"children": [5, 6, 7, 8, 9, 10, 11, 12, 13]
		},
		{
			"name": "leaves",
			"origin": [9.08239, 12.38687, 9.999],
			"color": 0,
			"children": [14, 15, 16]
		},
		17,
		18,
		19
	]
}