{
	"credit": "Made with Blockbench",
	"textures": {
		"1": "dark_stone",
		"2": "bullets_casing",
		"3": "iron",
		"particle": "iron"
	},
	"elements": [
		{
			"from": [12.75, 0, 6],
			"to": [14.75, 8, 10],
			"rotation": {"angle": 0, "axis": "y", "origin": [13.75, 5.4375, 8]},
			"faces": {
				"north": {"uv": [9, 5, 11, 13], "texture": "#1"},
				"east": {"uv": [4, 0, 8, 8], "texture": "#1"},
				"south": {"uv": [1, 5, 3, 13], "texture": "#1"},
				"west": {"uv": [7, 8, 11, 16], "texture": "#1"},
				"up": {"uv": [7, 1, 9, 5], "rotation": 180, "texture": "#1"},
				"down": {"uv": [4, 4, 6, 8], "rotation": 180, "texture": "#1"}
			}
		},
		{
			"from": [11.75, 0, 7],
			"to": [15.75, 8, 9],
			"rotation": {"angle": 0, "axis": "y", "origin": [13.75, 5.4375, 8]},
			"faces": {
				"north": {"uv": [9, 5, 13, 13], "texture": "#1"},
				"east": {"uv": [4, 0, 6, 8], "texture": "#1"},
				"south": {"uv": [1, 5, 5, 13], "texture": "#1"},
				"west": {"uv": [7, 8, 9, 16], "texture": "#1"},
				"up": {"uv": [7, 1, 9, 5], "rotation": 90, "texture": "#1"},
				"down": {"uv": [4, 4, 6, 8], "rotation": 270, "texture": "#1"}
			}
		},
		{
			"from": [12, 0, 6.5],
			"to": [15.5, 8, 9.5],
			"rotation": {"angle": 0, "axis": "y", "origin": [13.75, 5.4375, 8]},
			"faces": {
				"north": {"uv": [9, 5, 12.5, 13], "texture": "#1"},
				"east": {"uv": [4, 0, 7, 8], "texture": "#1"},
				"south": {"uv": [1, 5, 4.5, 13], "texture": "#1"},
				"west": {"uv": [7, 8, 10, 16], "texture": "#1"},
				"up": {"uv": [7, 1, 10, 4.5], "rotation": 90, "texture": "#1"},
				"down": {"uv": [4, 4, 7, 7.5], "rotation": 270, "texture": "#1"}
			}
		},
		{
			"from": [12.25, 0, 6.25],
			"to": [15.25, 8, 9.75],
			"rotation": {"angle": 0, "axis": "y", "origin": [13.75, 5.4375, 8]},
			"faces": {
				"north": {"uv": [9, 5, 12, 13], "texture": "#1"},
				"east": {"uv": [4, 0, 7.5, 8], "texture": "#1"},
				"south": {"uv": [1, 5, 4, 13], "texture": "#1"},
				"west": {"uv": [7, 8, 10.5, 16], "texture": "#1"},
				"up": {"uv": [7, 1, 10, 4.5], "texture": "#1"},
				"down": {"uv": [4, 4, 7, 7.5], "texture": "#1"}
			}
		},
		{
			"from": [12.25, -0.5, 6],
			"to": [15.25, 0, 10],
			"rotation": {"angle": 0, "axis": "y", "origin": [13.75, 5.4375, 8]},
			"faces": {
				"north": {"uv": [9, 5, 12, 5.5], "texture": "#1"},
				"east": {"uv": [4, 0, 8, 0.5], "texture": "#1"},
				"south": {"uv": [1, 5, 4, 5.5], "texture": "#1"},
				"west": {"uv": [7, 8, 11, 8.5], "texture": "#1"},
				"up": {"uv": [7, 1, 10, 5], "texture": "#1"},
				"down": {"uv": [4, 4, 7, 8], "texture": "#1"}
			}
		},
		{
			"from": [11.75, -0.5, 6.5],
			"to": [15.75, 0, 9.5],
			"rotation": {"angle": 0, "axis": "y", "origin": [13.75, 5.4375, 8]},
			"faces": {
				"north": {"uv": [9, 5, 13, 5.5], "texture": "#1"},
				"east": {"uv": [4, 0, 7, 0.5], "texture": "#1"},
				"south": {"uv": [1, 5, 5, 5.5], "texture": "#1"},
				"west": {"uv": [7, 8, 10, 8.5], "texture": "#1"},
				"up": {"uv": [7, 1, 10, 5], "rotation": 90, "texture": "#1"},
				"down": {"uv": [4, 4, 7, 8], "rotation": 270, "texture": "#1"}
			}
		},
		{
			"from": [11.5, -0.5, 7],
			"to": [16, 0, 9],
			"rotation": {"angle": 0, "axis": "y", "origin": [13.75, 5.4375, 8]},
			"faces": {
				"north": {"uv": [9, 5, 13.5, 5.5], "texture": "#1"},
				"east": {"uv": [4, 0, 6, 0.5], "texture": "#1"},
				"south": {"uv": [1, 5, 5.5, 5.5], "texture": "#1"},
				"west": {"uv": [7, 8, 9, 8.5], "texture": "#1"},
				"up": {"uv": [7, 1, 9, 5.5], "rotation": 90, "texture": "#1"},
				"down": {"uv": [4, 4, 6, 8.5], "rotation": 270, "texture": "#1"}
			}
		},
		{
			"from": [12.75, -0.5, 5.75],
			"to": [14.75, 0, 10.25],
			"rotation": {"angle": 0, "axis": "y", "origin": [13.75, 5.4375, 8]},
			"faces": {
				"north": {"uv": [9, 5, 11, 5.5], "texture": "#1"},
				"east": {"uv": [4, 0, 8.5, 0.5], "texture": "#1"},
				"south": {"uv": [1, 5, 3, 5.5], "texture": "#1"},
				"west": {"uv": [7, 8, 11.5, 8.5], "texture": "#1"},
				"up": {"uv": [7, 1, 9, 5.5], "rotation": 180, "texture": "#1"},
				"down": {"uv": [4, 4, 6, 8.5], "rotation": 180, "texture": "#1"}
			}
		},
		{
			"from": [12, -0.5, 6.25],
			"to": [15.5, 0, 9.75],
			"rotation": {"angle": 0, "axis": "y", "origin": [13.75, 5.4375, 8]},
			"faces": {
				"north": {"uv": [9, 5, 12.5, 5.5], "texture": "#1"},
				"east": {"uv": [4, 0, 7.5, 0.5], "texture": "#1"},
				"south": {"uv": [1, 5, 4.5, 5.5], "texture": "#1"},
				"west": {"uv": [7, 8, 10.5, 8.5], "texture": "#1"},
				"up": {"uv": [7, 1, 10.5, 4.5], "texture": "#1"},
				"down": {"uv": [4, 4, 7.5, 7.5], "texture": "#1"}
			}
		},
		{
			"from": [12.5, -0.75, 6],
			"to": [15, -0.5, 10],
			"rotation": {"angle": 0, "axis": "y", "origin": [13.75, 5.4375, 8]},
			"faces": {
				"north": {"uv": [9, 5, 11.5, 5.25], "texture": "#1"},
				"east": {"uv": [4, 0, 8, 0.25], "texture": "#1"},
				"south": {"uv": [1, 5, 3.5, 5.25], "texture": "#1"},
				"west": {"uv": [7, 8, 11, 8.25], "texture": "#1"},
				"up": {"uv": [7, 1, 9.5, 5], "rotation": 180, "texture": "#1"},
				"down": {"uv": [4, 4, 6.5, 8], "rotation": 180, "texture": "#1"}
			}
		},
		{
			"from": [11.75, -0.75, 6.75],
			"to": [15.75, -0.5, 9.25],
			"rotation": {"angle": 0, "axis": "y", "origin": [13.75, 5.4375, 8]},
			"faces": {
				"north": {"uv": [9, 5, 13, 5.25], "texture": "#1"},
				"east": {"uv": [4, 0, 6.5, 0.25], "texture": "#1"},
				"south": {"uv": [1, 5, 5, 5.25], "texture": "#1"},
				"west": {"uv": [7, 8, 9.5, 8.25], "texture": "#1"},
				"up": {"uv": [7, 1, 9.5, 5], "rotation": 90, "texture": "#1"},
				"down": {"uv": [4, 4, 6.5, 8], "rotation": 270, "texture": "#1"}
			}
		},
		{
			"from": [13, -0.75, 5.75],
			"to": [14.5, -0.5, 10.25],
			"rotation": {"angle": 0, "axis": "y", "origin": [13.75, 5.4375, 8]},
			"faces": {
				"north": {"uv": [9, 5, 10.5, 5.25], "texture": "#1"},
				"east": {"uv": [4, 0, 8.5, 0.25], "texture": "#1"},
				"south": {"uv": [1, 5, 2.5, 5.25], "texture": "#1"},
				"west": {"uv": [7, 8, 11.5, 8.25], "texture": "#1"},
				"up": {"uv": [7, 1, 8.5, 5.5], "rotation": 180, "texture": "#1"},
				"down": {"uv": [4, 4, 5.5, 8.5], "rotation": 180, "texture": "#1"}
			}
		},
		{
			"from": [11.5, -0.75, 7.25],
			"to": [16, -0.5, 8.75],
			"rotation": {"angle": 0, "axis": "y", "origin": [13.75, 5.4375, 8]},
			"faces": {
				"north": {"uv": [9, 5, 13.5, 5.25], "texture": "#1"},
				"east": {"uv": [4, 0, 5.5, 0.25], "texture": "#1"},
				"south": {"uv": [1, 5, 5.5, 5.25], "texture": "#1"},
				"west": {"uv": [7, 8, 8.5, 8.25], "texture": "#1"},
				"up": {"uv": [7, 1, 8.5, 5.5], "rotation": 90, "texture": "#1"},
				"down": {"uv": [4, 4, 5.5, 8.5], "rotation": 270, "texture": "#1"}
			}
		},
		{
			"from": [12.25, -1, 6.5],
			"to": [15.25, -0.75, 9.5],
			"rotation": {"angle": 0, "axis": "y", "origin": [13.75, 5.4375, 8]},
			"faces": {
				"north": {"uv": [9, 5, 12, 5.25], "texture": "#1"},
				"east": {"uv": [4, 0, 7, 0.25], "texture": "#1"},
				"south": {"uv": [1, 5, 4, 5.25], "texture": "#1"},
				"west": {"uv": [7, 8, 10, 8.25], "texture": "#1"},
				"up": {"uv": [7, 1, 10, 4], "rotation": 90, "texture": "#1"},
				"down": {"uv": [4, 4, 7, 7], "rotation": 270, "texture": "#1"}
			}
		},
		{
			"from": [12, 8, 6.25],
			"to": [15.5, 8.5, 9.75],
			"rotation": {"angle": 0, "axis": "y", "origin": [13.75, 5.4375, 8]},
			"faces": {
				"north": {"uv": [9, 5, 12.5, 5.5], "texture": "#1"},
				"east": {"uv": [4, 0, 7.5, 0.5], "texture": "#1"},
				"south": {"uv": [1, 5, 4.5, 5.5], "texture": "#1"},
				"west": {"uv": [7, 8, 10.5, 8.5], "texture": "#1"},
				"up": {"uv": [7, 1, 10.5, 4.5], "texture": "#1"},
				"down": {"uv": [4, 4, 7.5, 7.5], "texture": "#1"}
			}
		},
		{
			"from": [12.75, 8, 5.75],
			"to": [14.75, 8.5, 10.25],
			"rotation": {"angle": 0, "axis": "y", "origin": [13.75, 5.4375, 8]},
			"faces": {
				"north": {"uv": [9, 5, 11, 5.5], "texture": "#1"},
				"east": {"uv": [4, 0, 8.5, 0.5], "texture": "#1"},
				"south": {"uv": [1, 5, 3, 5.5], "texture": "#1"},
				"west": {"uv": [7, 8, 11.5, 8.5], "texture": "#1"},
				"up": {"uv": [7, 1, 9, 5.5], "rotation": 180, "texture": "#1"},
				"down": {"uv": [4, 4, 6, 8.5], "rotation": 180, "texture": "#1"}
			}
		},
		{
			"from": [11.5, 8, 7],
			"to": [16, 8.5, 9],
			"rotation": {"angle": 0, "axis": "y", "origin": [13.75, 5.4375, 8]},
			"faces": {
				"north": {"uv": [9, 5, 13.5, 5.5], "texture": "#1"},
				"east": {"uv": [4, 0, 6, 0.5], "texture": "#1"},
				"south": {"uv": [1, 5, 5.5, 5.5], "texture": "#1"},
				"west": {"uv": [7, 8, 9, 8.5], "texture": "#1"},
				"up": {"uv": [7, 1, 9, 5.5], "rotation": 90, "texture": "#1"},
				"down": {"uv": [4, 4, 6, 8.5], "rotation": 270, "texture": "#1"}
			}
		},
		{
			"from": [11.75, 8, 6.5],
			"to": [15.75, 8.5, 9.5],
			"rotation": {"angle": 0, "axis": "y", "origin": [13.75, 5.4375, 8]},
			"faces": {
				"north": {"uv": [9, 5, 13, 5.5], "texture": "#1"},
				"east": {"uv": [4, 0, 7, 0.5], "texture": "#1"},
				"south": {"uv": [1, 5, 5, 5.5], "texture": "#1"},
				"west": {"uv": [7, 8, 10, 8.5], "texture": "#1"},
				"up": {"uv": [7, 1, 10, 5], "rotation": 90, "texture": "#1"},
				"down": {"uv": [4, 4, 7, 8], "rotation": 270, "texture": "#1"}
			}
		},
		{
			"from": [12.25, 8, 6],
			"to": [15.25, 8.5, 10],
			"rotation": {"angle": 0, "axis": "y", "origin": [13.75, 5.4375, 8]},
			"faces": {
				"north": {"uv": [9, 5, 12, 5.5], "texture": "#1"},
				"east": {"uv": [4, 0, 8, 0.5], "texture": "#1"},
				"south": {"uv": [1, 5, 4, 5.5], "texture": "#1"},
				"west": {"uv": [7, 8, 11, 8.5], "texture": "#1"},
				"up": {"uv": [7, 1, 10, 5], "texture": "#1"},
				"down": {"uv": [4, 4, 7, 8], "texture": "#1"}
			}
		},
		{
			"from": [7, 0, 6],
			"to": [9, 8, 10],
			"faces": {
				"north": {"uv": [1, 5, 3, 13], "texture": "#1"},
				"east": {"uv": [7, 8, 11, 16], "texture": "#1"},
				"south": {"uv": [9, 5, 11, 13], "texture": "#1"},
				"west": {"uv": [4, 0, 8, 8], "texture": "#1"},
				"up": {"uv": [7, 1, 9, 5], "texture": "#1"},
				"down": {"uv": [4, 4, 6, 8], "texture": "#1"}
			}
		},
		{
			"from": [6, 0, 7],
			"to": [10, 8, 9],
			"rotation": {"angle": 0, "axis": "y", "origin": [8, 4, 8]},
			"faces": {
				"north": {"uv": [1, 5, 5, 13], "texture": "#1"},
				"east": {"uv": [7, 8, 9, 16], "texture": "#1"},
				"south": {"uv": [9, 5, 13, 13], "texture": "#1"},
				"west": {"uv": [4, 0, 6, 8], "texture": "#1"},
				"up": {"uv": [7, 1, 9, 5], "rotation": 270, "texture": "#1"},
				"down": {"uv": [4, 4, 6, 8], "rotation": 90, "texture": "#1"}
			}
		},
		{
			"from": [6.25, 0, 6.5],
			"to": [9.75, 8, 9.5],
			"rotation": {"angle": 0, "axis": "y", "origin": [8, 4, 8]},
			"faces": {
				"north": {"uv": [1, 5, 4.5, 13], "texture": "#1"},
				"east": {"uv": [7, 8, 10, 16], "texture": "#1"},
				"south": {"uv": [9, 5, 12.5, 13], "texture": "#1"},
				"west": {"uv": [4, 0, 7, 8], "texture": "#1"},
				"up": {"uv": [7, 1, 10, 4.5], "rotation": 270, "texture": "#1"},
				"down": {"uv": [4, 4, 7, 7.5], "rotation": 90, "texture": "#1"}
			}
		},
		{
			"from": [6.5, 0, 6.25],
			"to": [9.5, 8, 9.75],
			"rotation": {"angle": 0, "axis": "y", "origin": [8, 4, 8]},
			"faces": {
				"north": {"uv": [1, 5, 4, 13], "texture": "#1"},
				"east": {"uv": [7, 8, 10.5, 16], "texture": "#1"},
				"south": {"uv": [9, 5, 12, 13], "texture": "#1"},
				"west": {"uv": [4, 0, 7.5, 8], "texture": "#1"},
				"up": {"uv": [7, 1, 10, 4.5], "rotation": 180, "texture": "#1"},
				"down": {"uv": [4, 4, 7, 7.5], "rotation": 180, "texture": "#1"}
			}
		},
		{
			"from": [6.5, -0.5, 6],
			"to": [9.5, 0, 10],
			"rotation": {"angle": 0, "axis": "y", "origin": [8, 4, 8]},
			"faces": {
				"north": {"uv": [1, 5, 4, 5.5], "texture": "#1"},
				"east": {"uv": [7, 8, 11, 8.5], "texture": "#1"},
				"south": {"uv": [9, 5, 12, 5.5], "texture": "#1"},
				"west": {"uv": [4, 0, 8, 0.5], "texture": "#1"},
				"up": {"uv": [7, 1, 10, 5], "rotation": 180, "texture": "#1"},
				"down": {"uv": [4, 4, 7, 8], "rotation": 180, "texture": "#1"}
			}
		},
		{
			"from": [6, -0.5, 6.5],
			"to": [10, 0, 9.5],
			"rotation": {"angle": 0, "axis": "y", "origin": [8, 4, 8]},
			"faces": {
				"north": {"uv": [1, 5, 5, 5.5], "texture": "#1"},
				"east": {"uv": [7, 8, 10, 8.5], "texture": "#1"},
				"south": {"uv": [9, 5, 13, 5.5], "texture": "#1"},
				"west": {"uv": [4, 0, 7, 0.5], "texture": "#1"},
				"up": {"uv": [7, 1, 10, 5], "rotation": 270, "texture": "#1"},
				"down": {"uv": [4, 4, 7, 8], "rotation": 90, "texture": "#1"}
			}
		},
		{
			"from": [5.75, -0.5, 7],
			"to": [10.25, 0, 9],
			"rotation": {"angle": 0, "axis": "y", "origin": [8, 4, 8]},
			"faces": {
				"north": {"uv": [1, 5, 5.5, 5.5], "texture": "#1"},
				"east": {"uv": [7, 8, 9, 8.5], "texture": "#1"},
				"south": {"uv": [9, 5, 13.5, 5.5], "texture": "#1"},
				"west": {"uv": [4, 0, 6, 0.5], "texture": "#1"},
				"up": {"uv": [7, 1, 9, 5.5], "rotation": 270, "texture": "#1"},
				"down": {"uv": [4, 4, 6, 8.5], "rotation": 90, "texture": "#1"}
			}
		},
		{
			"from": [7, -0.5, 5.75],
			"to": [9, 0, 10.25],
			"faces": {
				"north": {"uv": [1, 5, 3, 5.5], "texture": "#1"},
				"east": {"uv": [7, 8, 11.5, 8.5], "texture": "#1"},
				"south": {"uv": [9, 5, 11, 5.5], "texture": "#1"},
				"west": {"uv": [4, 0, 8.5, 0.5], "texture": "#1"},
				"up": {"uv": [7, 1, 9, 5.5], "texture": "#1"},
				"down": {"uv": [4, 4, 6, 8.5], "texture": "#1"}
			}
		},
		{
			"from": [6.25, -0.5, 6.25],
			"to": [9.75, 0, 9.75],
			"rotation": {"angle": 0, "axis": "y", "origin": [8, 4, 8]},
			"faces": {
				"north": {"uv": [1, 5, 4.5, 5.5], "texture": "#1"},
				"east": {"uv": [7, 8, 10.5, 8.5], "texture": "#1"},
				"south": {"uv": [9, 5, 12.5, 5.5], "texture": "#1"},
				"west": {"uv": [4, 0, 7.5, 0.5], "texture": "#1"},
				"up": {"uv": [7, 1, 10.5, 4.5], "rotation": 180, "texture": "#1"},
				"down": {"uv": [4, 4, 7.5, 7.5], "rotation": 180, "texture": "#1"}
			}
		},
		{
			"from": [6.75, -0.75, 6],
			"to": [9.25, -0.5, 10],
			"faces": {
				"north": {"uv": [1, 5, 3.5, 5.25], "texture": "#1"},
				"east": {"uv": [7, 8, 11, 8.25], "texture": "#1"},
				"south": {"uv": [9, 5, 11.5, 5.25], "texture": "#1"},
				"west": {"uv": [4, 0, 8, 0.25], "texture": "#1"},
				"up": {"uv": [7, 1, 9.5, 5], "texture": "#1"},
				"down": {"uv": [4, 4, 6.5, 8], "texture": "#1"}
			}
		},
		{
			"from": [6, -0.75, 6.75],
			"to": [10, -0.5, 9.25],
			"rotation": {"angle": 0, "axis": "y", "origin": [8, -0.75, 8]},
			"faces": {
				"north": {"uv": [1, 5, 5, 5.25], "texture": "#1"},
				"east": {"uv": [7, 8, 9.5, 8.25], "texture": "#1"},
				"south": {"uv": [9, 5, 13, 5.25], "texture": "#1"},
				"west": {"uv": [4, 0, 6.5, 0.25], "texture": "#1"},
				"up": {"uv": [7, 1, 9.5, 5], "rotation": 270, "texture": "#1"},
				"down": {"uv": [4, 4, 6.5, 8], "rotation": 90, "texture": "#1"}
			}
		},
		{
			"from": [7.25, -0.75, 5.75],
			"to": [8.75, -0.5, 10.25],
			"faces": {
				"north": {"uv": [1, 5, 2.5, 5.25], "texture": "#1"},
				"east": {"uv": [7, 8, 11.5, 8.25], "texture": "#1"},
				"south": {"uv": [9, 5, 10.5, 5.25], "texture": "#1"},
				"west": {"uv": [4, 0, 8.5, 0.25], "texture": "#1"},
				"up": {"uv": [7, 1, 8.5, 5.5], "texture": "#1"},
				"down": {"uv": [4, 4, 5.5, 8.5], "texture": "#1"}
			}
		},
		{
			"from": [5.75, -0.75, 7.25],
			"to": [10.25, -0.5, 8.75],
			"rotation": {"angle": 0, "axis": "y", "origin": [8, -0.75, 8]},
			"faces": {
				"north": {"uv": [1, 5, 5.5, 5.25], "texture": "#1"},
				"east": {"uv": [7, 8, 8.5, 8.25], "texture": "#1"},
				"south": {"uv": [9, 5, 13.5, 5.25], "texture": "#1"},
				"west": {"uv": [4, 0, 5.5, 0.25], "texture": "#1"},
				"up": {"uv": [7, 1, 8.5, 5.5], "rotation": 270, "texture": "#1"},
				"down": {"uv": [4, 4, 5.5, 8.5], "rotation": 90, "texture": "#1"}
			}
		},
		{
			"from": [6.5, -1, 6.5],
			"to": [9.5, -0.75, 9.5],
			"rotation": {"angle": 0, "axis": "y", "origin": [8, -0.75, 8]},
			"faces": {
				"north": {"uv": [1, 5, 4, 5.25], "texture": "#1"},
				"east": {"uv": [7, 8, 10, 8.25], "texture": "#1"},
				"south": {"uv": [9, 5, 12, 5.25], "texture": "#1"},
				"west": {"uv": [4, 0, 7, 0.25], "texture": "#1"},
				"up": {"uv": [7, 1, 10, 4], "rotation": 270, "texture": "#1"},
				"down": {"uv": [4, 4, 7, 7], "rotation": 90, "texture": "#1"}
			}
		},
		{
			"from": [6.25, 8, 6.25],
			"to": [9.75, 8.5, 9.75],
			"rotation": {"angle": 0, "axis": "y", "origin": [8, 4, 8]},
			"faces": {
				"north": {"uv": [1, 5, 4.5, 5.5], "texture": "#1"},
				"east": {"uv": [7, 8, 10.5, 8.5], "texture": "#1"},
				"south": {"uv": [9, 5, 12.5, 5.5], "texture": "#1"},
				"west": {"uv": [4, 0, 7.5, 0.5], "texture": "#1"},
				"up": {"uv": [7, 1, 10.5, 4.5], "rotation": 180, "texture": "#1"},
				"down": {"uv": [4, 4, 7.5, 7.5], "rotation": 180, "texture": "#1"}
			}
		},
		{
			"from": [7, 8, 5.75],
			"to": [9, 8.5, 10.25],
			"faces": {
				"north": {"uv": [1, 5, 3, 5.5], "texture": "#1"},
				"east": {"uv": [7, 8, 11.5, 8.5], "texture": "#1"},
				"south": {"uv": [9, 5, 11, 5.5], "texture": "#1"},
				"west": {"uv": [4, 0, 8.5, 0.5], "texture": "#1"},
				"up": {"uv": [7, 1, 9, 5.5], "texture": "#1"},
				"down": {"uv": [4, 4, 6, 8.5], "texture": "#1"}
			}
		},
		{
			"from": [5.75, 8, 7],
			"to": [10.25, 8.5, 9],
			"rotation": {"angle": 0, "axis": "y", "origin": [8, 4, 8]},
			"faces": {
				"north": {"uv": [1, 5, 5.5, 5.5], "texture": "#1"},
				"east": {"uv": [7, 8, 9, 8.5], "texture": "#1"},
				"south": {"uv": [9, 5, 13.5, 5.5], "texture": "#1"},
				"west": {"uv": [4, 0, 6, 0.5], "texture": "#1"},
				"up": {"uv": [7, 1, 9, 5.5], "rotation": 270, "texture": "#1"},
				"down": {"uv": [4, 4, 6, 8.5], "rotation": 90, "texture": "#1"}
			}
		},
		{
			"from": [6, 8, 6.5],
			"to": [10, 8.5, 9.5],
			"rotation": {"angle": 0, "axis": "y", "origin": [8, 4, 8]},
			"faces": {
				"north": {"uv": [1, 5, 5, 5.5], "texture": "#1"},
				"east": {"uv": [7, 8, 10, 8.5], "texture": "#1"},
				"south": {"uv": [9, 5, 13, 5.5], "texture": "#1"},
				"west": {"uv": [4, 0, 7, 0.5], "texture": "#1"},
				"up": {"uv": [7, 1, 10, 5], "rotation": 270, "texture": "#1"},
				"down": {"uv": [4, 4, 7, 8], "rotation": 90, "texture": "#1"}
			}
		},
		{
			"from": [6.5, 8, 6],
			"to": [9.5, 8.5, 10],
			"rotation": {"angle": 0, "axis": "y", "origin": [8, 4, 8]},
			"faces": {
				"north": {"uv": [1, 5, 4, 5.5], "texture": "#1"},
				"east": {"uv": [7, 8, 11, 8.5], "texture": "#1"},
				"south": {"uv": [9, 5, 12, 5.5], "texture": "#1"},
				"west": {"uv": [4, 0, 8, 0.5], "texture": "#1"},
				"up": {"uv": [7, 1, 10, 5], "rotation": 180, "texture": "#1"},
				"down": {"uv": [4, 4, 7, 8], "rotation": 180, "texture": "#1"}
			}
		},
		{
			"from": [0.25, 8, 6.5],
			"to": [4.25, 8.5, 9.5],
			"rotation": {"angle": 0, "axis": "y", "origin": [2.25, 5.4375, 8]},
			"faces": {
				"north": {"uv": [7, 8, 11, 8.5], "texture": "#1"},
				"east": {"uv": [9, 5, 12, 5.5], "texture": "#1"},
				"south": {"uv": [4, 0, 8, 0.5], "texture": "#1"},
				"west": {"uv": [1, 5, 4, 5.5], "texture": "#1"},
				"up": {"uv": [7, 1, 10, 5], "rotation": 90, "texture": "#1"},
				"down": {"uv": [4, 4, 7, 8], "rotation": 270, "texture": "#1"}
			}
		},
		{
			"from": [0.75, 8, 6],
			"to": [3.75, 8.5, 10],
			"rotation": {"angle": 0, "axis": "y", "origin": [2.25, 5.4375, 8]},
			"faces": {
				"north": {"uv": [7, 8, 10, 8.5], "texture": "#1"},
				"east": {"uv": [9, 5, 13, 5.5], "texture": "#1"},
				"south": {"uv": [4, 0, 7, 0.5], "texture": "#1"},
				"west": {"uv": [1, 5, 5, 5.5], "texture": "#1"},
				"up": {"uv": [7, 1, 10, 5], "rotation": 180, "texture": "#1"},
				"down": {"uv": [4, 4, 7, 8], "rotation": 180, "texture": "#1"}
			}
		},
		{
			"from": [1.25, 8, 5.75],
			"to": [3.25, 8.5, 10.25],
			"rotation": {"angle": 0, "axis": "y", "origin": [2.25, 5.4375, 8]},
			"faces": {
				"north": {"uv": [7, 8, 9, 8.5], "texture": "#1"},
				"east": {"uv": [9, 5, 13.5, 5.5], "texture": "#1"},
				"south": {"uv": [4, 0, 6, 0.5], "texture": "#1"},
				"west": {"uv": [1, 5, 5.5, 5.5], "texture": "#1"},
				"up": {"uv": [7, 1, 9, 5.5], "rotation": 180, "texture": "#1"},
				"down": {"uv": [4, 4, 6, 8.5], "rotation": 180, "texture": "#1"}
			}
		},
		{
			"from": [0, 8, 7],
			"to": [4.5, 8.5, 9],
			"rotation": {"angle": 0, "axis": "y", "origin": [2.25, 5.4375, 8]},
			"faces": {
				"north": {"uv": [7, 8, 11.5, 8.5], "texture": "#1"},
				"east": {"uv": [9, 5, 11, 5.5], "texture": "#1"},
				"south": {"uv": [4, 0, 8.5, 0.5], "texture": "#1"},
				"west": {"uv": [1, 5, 3, 5.5], "texture": "#1"},
				"up": {"uv": [7, 1, 9, 5.5], "rotation": 270, "texture": "#1"},
				"down": {"uv": [4, 4, 6, 8.5], "rotation": 90, "texture": "#1"}
			}
		},
		{
			"from": [0.5, 8, 6.25],
			"to": [4, 8.5, 9.75],
			"rotation": {"angle": 0, "axis": "y", "origin": [2.25, 5.4375, 8]},
			"faces": {
				"north": {"uv": [7, 8, 10.5, 8.5], "texture": "#1"},
				"east": {"uv": [9, 5, 12.5, 5.5], "texture": "#1"},
				"south": {"uv": [4, 0, 7.5, 0.5], "texture": "#1"},
				"west": {"uv": [1, 5, 4.5, 5.5], "texture": "#1"},
				"up": {"uv": [7, 1, 10.5, 4.5], "rotation": 90, "texture": "#1"},
				"down": {"uv": [4, 4, 7.5, 7.5], "rotation": 270, "texture": "#1"}
			}
		},
		{
			"from": [0.75, -1, 6.5],
			"to": [3.75, -0.75, 9.5],
			"rotation": {"angle": 0, "axis": "y", "origin": [2.25, 5.4375, 8]},
			"faces": {
				"north": {"uv": [7, 8, 10, 8.25], "texture": "#1"},
				"east": {"uv": [9, 5, 12, 5.25], "texture": "#1"},
				"south": {"uv": [4, 0, 7, 0.25], "texture": "#1"},
				"west": {"uv": [1, 5, 4, 5.25], "texture": "#1"},
				"up": {"uv": [7, 1, 10, 4], "rotation": 180, "texture": "#1"},
				"down": {"uv": [4, 4, 7, 7], "rotation": 180, "texture": "#1"}
			}
		},
		{
			"from": [1.5, -0.75, 5.75],
			"to": [3, -0.5, 10.25],
			"rotation": {"angle": 0, "axis": "y", "origin": [2.25, 5.4375, 8]},
			"faces": {
				"north": {"uv": [7, 8, 8.5, 8.25], "texture": "#1"},
				"east": {"uv": [9, 5, 13.5, 5.25], "texture": "#1"},
				"south": {"uv": [4, 0, 5.5, 0.25], "texture": "#1"},
				"west": {"uv": [1, 5, 5.5, 5.25], "texture": "#1"},
				"up": {"uv": [7, 1, 8.5, 5.5], "rotation": 180, "texture": "#1"},
				"down": {"uv": [4, 4, 5.5, 8.5], "rotation": 180, "texture": "#1"}
			}
		},
		{
			"from": [0, -0.75, 7.25],
			"to": [4.5, -0.5, 8.75],
			"rotation": {"angle": 0, "axis": "y", "origin": [2.25, 5.4375, 8]},
			"faces": {
				"north": {"uv": [7, 8, 11.5, 8.25], "texture": "#1"},
				"east": {"uv": [9, 5, 10.5, 5.25], "texture": "#1"},
				"south": {"uv": [4, 0, 8.5, 0.25], "texture": "#1"},
				"west": {"uv": [1, 5, 2.5, 5.25], "texture": "#1"},
				"up": {"uv": [7, 1, 8.5, 5.5], "rotation": 270, "texture": "#1"},
				"down": {"uv": [4, 4, 5.5, 8.5], "rotation": 90, "texture": "#1"}
			}
		},
		{
			"from": [1, -0.75, 6],
			"to": [3.5, -0.5, 10],
			"rotation": {"angle": 0, "axis": "y", "origin": [2.25, 5.4375, 8]},
			"faces": {
				"north": {"uv": [7, 8, 9.5, 8.25], "texture": "#1"},
				"east": {"uv": [9, 5, 13, 5.25], "texture": "#1"},
				"south": {"uv": [4, 0, 6.5, 0.25], "texture": "#1"},
				"west": {"uv": [1, 5, 5, 5.25], "texture": "#1"},
				"up": {"uv": [7, 1, 9.5, 5], "rotation": 180, "texture": "#1"},
				"down": {"uv": [4, 4, 6.5, 8], "rotation": 180, "texture": "#1"}
			}
		},
		{
			"from": [0.25, -0.75, 6.75],
			"to": [4.25, -0.5, 9.25],
			"rotation": {"angle": 0, "axis": "y", "origin": [2.25, 5.4375, 8]},
			"faces": {
				"north": {"uv": [7, 8, 11, 8.25], "texture": "#1"},
				"east": {"uv": [9, 5, 11.5, 5.25], "texture": "#1"},
				"south": {"uv": [4, 0, 8, 0.25], "texture": "#1"},
				"west": {"uv": [1, 5, 3.5, 5.25], "texture": "#1"},
				"up": {"uv": [7, 1, 9.5, 5], "rotation": 270, "texture": "#1"},
				"down": {"uv": [4, 4, 6.5, 8], "rotation": 90, "texture": "#1"}
			}
		},
		{
			"from": [0.5, -0.5, 6.25],
			"to": [4, 0, 9.75],
			"rotation": {"angle": 0, "axis": "y", "origin": [2.25, 5.4375, 8]},
			"faces": {
				"north": {"uv": [7, 8, 10.5, 8.5], "texture": "#1"},
				"east": {"uv": [9, 5, 12.5, 5.5], "texture": "#1"},
				"south": {"uv": [4, 0, 7.5, 0.5], "texture": "#1"},
				"west": {"uv": [1, 5, 4.5, 5.5], "texture": "#1"},
				"up": {"uv": [7, 1, 10.5, 4.5], "rotation": 90, "texture": "#1"},
				"down": {"uv": [4, 4, 7.5, 7.5], "rotation": 270, "texture": "#1"}
			}
		},
		{
			"from": [0, -0.5, 7],
			"to": [4.5, 0, 9],
			"rotation": {"angle": 0, "axis": "y", "origin": [2.25, 5.4375, 8]},
			"faces": {
				"north": {"uv": [7, 8, 11.5, 8.5], "texture": "#1"},
				"east": {"uv": [9, 5, 11, 5.5], "texture": "#1"},
				"south": {"uv": [4, 0, 8.5, 0.5], "texture": "#1"},
				"west": {"uv": [1, 5, 3, 5.5], "texture": "#1"},
				"up": {"uv": [7, 1, 9, 5.5], "rotation": 270, "texture": "#1"},
				"down": {"uv": [4, 4, 6, 8.5], "rotation": 90, "texture": "#1"}
			}
		},
		{
			"from": [1.25, -0.5, 5.75],
			"to": [3.25, 0, 10.25],
			"rotation": {"angle": 0, "axis": "y", "origin": [2.25, 5.4375, 8]},
			"faces": {
				"north": {"uv": [7, 8, 9, 8.5], "texture": "#1"},
				"east": {"uv": [9, 5, 13.5, 5.5], "texture": "#1"},
				"south": {"uv": [4, 0, 6, 0.5], "texture": "#1"},
				"west": {"uv": [1, 5, 5.5, 5.5], "texture": "#1"},
				"up": {"uv": [7, 1, 9, 5.5], "rotation": 180, "texture": "#1"},
				"down": {"uv": [4, 4, 6, 8.5], "rotation": 180, "texture": "#1"}
			}
		},
		{
			"from": [0.75, -0.5, 6],
			"to": [3.75, 0, 10],
			"rotation": {"angle": 0, "axis": "y", "origin": [2.25, 5.4375, 8]},
			"faces": {
				"north": {"uv": [7, 8, 10, 8.5], "texture": "#1"},
				"east": {"uv": [9, 5, 13, 5.5], "texture": "#1"},
				"south": {"uv": [4, 0, 7, 0.5], "texture": "#1"},
				"west": {"uv": [1, 5, 5, 5.5], "texture": "#1"},
				"up": {"uv": [7, 1, 10, 5], "rotation": 180, "texture": "#1"},
				"down": {"uv": [4, 4, 7, 8], "rotation": 180, "texture": "#1"}
			}
		},
		{
			"from": [0.25, -0.5, 6.5],
			"to": [4.25, 0, 9.5],
			"rotation": {"angle": 0, "axis": "y", "origin": [2.25, 5.4375, 8]},
			"faces": {
				"north": {"uv": [7, 8, 11, 8.5], "texture": "#1"},
				"east": {"uv": [9, 5, 12, 5.5], "texture": "#1"},
				"south": {"uv": [4, 0, 8, 0.5], "texture": "#1"},
				"west": {"uv": [1, 5, 4, 5.5], "texture": "#1"},
				"up": {"uv": [7, 1, 10, 5], "rotation": 90, "texture": "#1"},
				"down": {"uv": [4, 4, 7, 8], "rotation": 270, "texture": "#1"}
			}
		},
		{
			"from": [0.5, 0, 6.5],
			"to": [4, 8, 9.5],
			"rotation": {"angle": 0, "axis": "y", "origin": [2.25, 5.4375, 8]},
			"faces": {
				"north": {"uv": [7, 8, 10.5, 16], "texture": "#1"},
				"east": {"uv": [9, 5, 12, 13], "texture": "#1"},
				"south": {"uv": [4, 0, 7.5, 8], "texture": "#1"},
				"west": {"uv": [1, 5, 4, 13], "texture": "#1"},
				"up": {"uv": [7, 1, 10, 4.5], "rotation": 90, "texture": "#1"},
				"down": {"uv": [4, 4, 7, 7.5], "rotation": 270, "texture": "#1"}
			}
		},
		{
			"from": [0.75, 0, 6.25],
			"to": [3.75, 8, 9.75],
			"rotation": {"angle": 0, "axis": "y", "origin": [2.25, 5.4375, 8]},
			"faces": {
				"north": {"uv": [7, 8, 10, 16], "texture": "#1"},
				"east": {"uv": [9, 5, 12.5, 13], "texture": "#1"},
				"south": {"uv": [4, 0, 7, 8], "texture": "#1"},
				"west": {"uv": [1, 5, 4.5, 13], "texture": "#1"},
				"up": {"uv": [7, 1, 10, 4.5], "rotation": 180, "texture": "#1"},
				"down": {"uv": [4, 4, 7, 7.5], "rotation": 180, "texture": "#1"}
			}
		},
		{
			"from": [1.25, 0, 6],
			"to": [3.25, 8, 10],
			"rotation": {"angle": 0, "axis": "y", "origin": [2.25, 5.4375, 8]},
			"faces": {
				"north": {"uv": [7, 8, 9, 16], "texture": "#1"},
				"east": {"uv": [9, 5, 13, 13], "texture": "#1"},
				"south": {"uv": [4, 0, 6, 8], "texture": "#1"},
				"west": {"uv": [1, 5, 5, 13], "texture": "#1"},
				"up": {"uv": [7, 1, 9, 5], "rotation": 180, "texture": "#1"},
				"down": {"uv": [4, 4, 6, 8], "rotation": 180, "texture": "#1"}
			}
		},
		{
			"from": [0.25, 0, 7],
			"to": [4.25, 8, 9],
			"rotation": {"angle": 0, "axis": "y", "origin": [2.25, 5.4375, 8]},
			"faces": {
				"north": {"uv": [7, 8, 11, 16], "texture": "#1"},
				"east": {"uv": [9, 5, 11, 13], "texture": "#1"},
				"south": {"uv": [4, 0, 8, 8], "texture": "#1"},
				"west": {"uv": [1, 5, 3, 13], "texture": "#1"},
				"up": {"uv": [7, 1, 9, 5], "rotation": 270, "texture": "#1"},
				"down": {"uv": [4, 4, 6, 8], "rotation": 90, "texture": "#1"}
			}
		},
		{
			"from": [11.25, 8.5, 7],
			"to": [16.25, 10.5, 9],
			"rotation": {"angle": 0, "axis": "y", "origin": [13.75, 5.4375, 8]},
			"faces": {
				"north": {"uv": [1, 3, 6, 5], "texture": "#3"},
				"east": {"uv": [3, 2, 5, 4], "texture": "#3"},
				"south": {"uv": [0, 0, 5, 2], "texture": "#3"},
				"west": {"uv": [0, 0, 2, 2], "texture": "#3"},
				"up": {"uv": [0, 5, 5, 7], "rotation": 180, "texture": "#3"},
				"down": {"uv": [6, 7, 11, 9], "rotation": 180, "texture": "#3"}
			}
		},
		{
			"from": [12, 8.5, 6.25],
			"to": [15.5, 10.5, 9.75],
			"rotation": {"angle": 0, "axis": "y", "origin": [13.75, 5.4375, 8]},
			"faces": {
				"north": {"uv": [1, 3, 4.5, 5], "texture": "#3"},
				"east": {"uv": [3, 2, 6.5, 4], "texture": "#3"},
				"south": {"uv": [0, 0, 3.5, 2], "texture": "#3"},
				"west": {"uv": [0, 0, 3.5, 2], "texture": "#3"},
				"up": {"uv": [0, 5, 3.5, 8.5], "rotation": 180, "texture": "#3"},
				"down": {"uv": [6, 7, 9.5, 10.5], "rotation": 180, "texture": "#3"}
			}
		},
		{
			"from": [12, 10.5, 7],
			"to": [15.5, 11.5, 9],
			"rotation": {"angle": 0, "axis": "y", "origin": [13.75, 5.4375, 8]},
			"faces": {
				"north": {"uv": [1, 3, 4.5, 4], "texture": "#3"},
				"east": {"uv": [3, 2, 5, 3], "texture": "#3"},
				"south": {"uv": [0, 0, 3.5, 1], "texture": "#3"},
				"west": {"uv": [0, 0, 2, 1], "texture": "#3"},
				"up": {"uv": [0, 5, 3.5, 7], "rotation": 180, "texture": "#3"},
				"down": {"uv": [6, 7, 9.5, 9], "rotation": 180, "texture": "#3"}
			}
		},
		{
			"from": [12.75, 10.5, 6.25],
			"to": [14.75, 11.5, 9.75],
			"rotation": {"angle": 0, "axis": "y", "origin": [13.75, 5.4375, 8]},
			"faces": {
				"north": {"uv": [1, 3, 3, 4], "texture": "#3"},
				"east": {"uv": [3, 2, 6.5, 3], "texture": "#3"},
				"south": {"uv": [0, 0, 2, 1], "texture": "#3"},
				"west": {"uv": [0, 0, 3.5, 1], "texture": "#3"},
				"up": {"uv": [0, 5, 3.5, 7], "rotation": 90, "texture": "#3"},
				"down": {"uv": [6, 7, 9.5, 9], "rotation": 270, "texture": "#3"}
			}
		},
		{
			"from": [12.75, 11.5, 7],
			"to": [14.75, 12, 9],
			"rotation": {"angle": 0, "axis": "y", "origin": [13.75, 5.4375, 8]},
			"faces": {
				"north": {"uv": [1, 3, 3, 3.5], "texture": "#3"},
				"east": {"uv": [3, 2, 5, 2.5], "texture": "#3"},
				"south": {"uv": [0, 0, 2, 0.5], "texture": "#3"},
				"west": {"uv": [0, 0, 2, 0.5], "texture": "#3"},
				"up": {"uv": [0, 5, 2, 7], "rotation": 90, "texture": "#3"},
				"down": {"uv": [6, 7, 8, 9], "rotation": 270, "texture": "#3"}
			}
		},
		{
			"from": [12.75, 8.5, 5.5],
			"to": [14.75, 10.5, 10.5],
			"rotation": {"angle": 0, "axis": "y", "origin": [13.75, 5.4375, 8]},
			"faces": {
				"north": {"uv": [1, 3, 3, 5], "texture": "#3"},
				"east": {"uv": [3, 2, 8, 4], "texture": "#3"},
				"south": {"uv": [0, 0, 2, 2], "texture": "#3"},
				"west": {"uv": [0, 0, 5, 2], "texture": "#3"},
				"up": {"uv": [0, 5, 5, 7], "rotation": 90, "texture": "#3"},
				"down": {"uv": [6, 7, 11, 9], "rotation": 270, "texture": "#3"}
			}
		},
		{
			"from": [5.5, 8.5, 7],
			"to": [10.5, 10.5, 9],
			"faces": {
				"north": {"uv": [0, 0, 5, 2], "texture": "#3"},
				"east": {"uv": [0, 0, 2, 2], "texture": "#3"},
				"south": {"uv": [1, 3, 6, 5], "texture": "#3"},
				"west": {"uv": [3, 2, 5, 4], "texture": "#3"},
				"up": {"uv": [0, 5, 5, 7], "texture": "#3"},
				"down": {"uv": [6, 7, 11, 9], "texture": "#3"}
			}
		},
		{
			"from": [6.25, 8.5, 6.25],
			"to": [9.75, 10.5, 9.75],
			"faces": {
				"north": {"uv": [0, 0, 3.5, 2], "texture": "#3"},
				"east": {"uv": [0, 0, 3.5, 2], "texture": "#3"},
				"south": {"uv": [1, 3, 4.5, 5], "texture": "#3"},
				"west": {"uv": [3, 2, 6.5, 4], "texture": "#3"},
				"up": {"uv": [0, 5, 3.5, 8.5], "texture": "#3"},
				"down": {"uv": [6, 7, 9.5, 10.5], "texture": "#3"}
			}
		},
		{
			"from": [6.25, 10.5, 7],
			"to": [9.75, 11.5, 9],
			"faces": {
				"north": {"uv": [0, 0, 3.5, 1], "texture": "#3"},
				"east": {"uv": [0, 0, 2, 1], "texture": "#3"},
				"south": {"uv": [1, 3, 4.5, 4], "texture": "#3"},
				"west": {"uv": [3, 2, 5, 3], "texture": "#3"},
				"up": {"uv": [0, 5, 3.5, 7], "texture": "#3"},
				"down": {"uv": [6, 7, 9.5, 9], "texture": "#3"}
			}
		},
		{
			"from": [7, 10.5, 6.25],
			"to": [9, 11.5, 9.75],
			"rotation": {"angle": 0, "axis": "y", "origin": [2, 2.5, 2.5]},
			"faces": {
				"north": {"uv": [0, 0, 2, 1], "texture": "#3"},
				"east": {"uv": [0, 0, 3.5, 1], "texture": "#3"},
				"south": {"uv": [1, 3, 3, 4], "texture": "#3"},
				"west": {"uv": [3, 2, 6.5, 3], "texture": "#3"},
				"up": {"uv": [0, 5, 3.5, 7], "rotation": 270, "texture": "#3"},
				"down": {"uv": [6, 7, 9.5, 9], "rotation": 90, "texture": "#3"}
			}
		},
		{
			"from": [7, 11.5, 7],
			"to": [9, 12, 9],
			"rotation": {"angle": 0, "axis": "y", "origin": [2, 2.5, 2.5]},
			"faces": {
				"north": {"uv": [0, 0, 2, 0.5], "texture": "#3"},
				"east": {"uv": [0, 0, 2, 0.5], "texture": "#3"},
				"south": {"uv": [1, 3, 3, 3.5], "texture": "#3"},
				"west": {"uv": [3, 2, 5, 2.5], "texture": "#3"},
				"up": {"uv": [0, 5, 2, 7], "rotation": 270, "texture": "#3"},
				"down": {"uv": [6, 7, 8, 9], "rotation": 90, "texture": "#3"}
			}
		},
		{
			"from": [7, 8.5, 5.5],
			"to": [9, 10.5, 10.5],
			"rotation": {"angle": 0, "axis": "y", "origin": [2, 1, 2]},
			"faces": {
				"north": {"uv": [0, 0, 2, 2], "texture": "#3"},
				"east": {"uv": [0, 0, 5, 2], "texture": "#3"},
				"south": {"uv": [1, 3, 3, 5], "texture": "#3"},
				"west": {"uv": [3, 2, 8, 4], "texture": "#3"},
				"up": {"uv": [0, 5, 5, 7], "rotation": 270, "texture": "#3"},
				"down": {"uv": [6, 7, 11, 9], "rotation": 90, "texture": "#3"}
			}
		},
		{
			"from": [-0.25, 8.5, 7],
			"to": [4.75, 10.5, 9],
			"rotation": {"angle": 0, "axis": "y", "origin": [2.25, 5.4375, 8]},
			"faces": {
				"north": {"uv": [0, 0, 5, 2], "texture": "#3"},
				"east": {"uv": [1, 3, 3, 5], "texture": "#3"},
				"south": {"uv": [3, 2, 8, 4], "texture": "#3"},
				"west": {"uv": [0, 0, 2, 2], "texture": "#3"},
				"up": {"uv": [0, 5, 5, 7], "rotation": 180, "texture": "#3"},
				"down": {"uv": [6, 7, 11, 9], "rotation": 180, "texture": "#3"}
			}
		},
		{
			"from": [1.25, 11.5, 7],
			"to": [3.25, 12, 9],
			"rotation": {"angle": 0, "axis": "y", "origin": [2.25, 5.4375, 8]},
			"faces": {
				"north": {"uv": [0, 0, 2, 0.5], "texture": "#3"},
				"east": {"uv": [1, 3, 3, 3.5], "texture": "#3"},
				"south": {"uv": [3, 2, 5, 2.5], "texture": "#3"},
				"west": {"uv": [0, 0, 2, 0.5], "texture": "#3"},
				"up": {"uv": [0, 5, 2, 7], "rotation": 180, "texture": "#3"},
				"down": {"uv": [6, 7, 8, 9], "rotation": 180, "texture": "#3"}
			}
		},
		{
			"from": [0.5, 10.5, 7],
			"to": [4, 11.5, 9],
			"rotation": {"angle": 0, "axis": "y", "origin": [2.25, 5.4375, 8]},
			"faces": {
				"north": {"uv": [0, 0, 3.5, 1], "texture": "#3"},
				"east": {"uv": [1, 3, 3, 4], "texture": "#3"},
				"south": {"uv": [3, 2, 6.5, 3], "texture": "#3"},
				"west": {"uv": [0, 0, 2, 1], "texture": "#3"},
				"up": {"uv": [0, 5, 3.5, 7], "rotation": 180, "texture": "#3"},
				"down": {"uv": [6, 7, 9.5, 9], "rotation": 180, "texture": "#3"}
			}
		},
		{
			"from": [1.25, 10.5, 6.25],
			"to": [3.25, 11.5, 9.75],
			"rotation": {"angle": 0, "axis": "y", "origin": [2.25, 5.4375, 8]},
			"faces": {
				"north": {"uv": [0, 0, 2, 1], "texture": "#3"},
				"east": {"uv": [1, 3, 4.5, 4], "texture": "#3"},
				"south": {"uv": [3, 2, 5, 3], "texture": "#3"},
				"west": {"uv": [0, 0, 3.5, 1], "texture": "#3"},
				"up": {"uv": [0, 5, 3.5, 7], "rotation": 270, "texture": "#3"},
				"down": {"uv": [6, 7, 9.5, 9], "rotation": 90, "texture": "#3"}
			}
		},
		{
			"from": [0.5, 8.5, 6.25],
			"to": [4, 10.5, 9.75],
			"rotation": {"angle": 0, "axis": "y", "origin": [2.25, 5.4375, 8]},
			"faces": {
				"north": {"uv": [0, 0, 3.5, 2], "texture": "#3"},
				"east": {"uv": [1, 3, 4.5, 5], "texture": "#3"},
				"south": {"uv": [3, 2, 6.5, 4], "texture": "#3"},
				"west": {"uv": [0, 0, 3.5, 2], "texture": "#3"},
				"up": {"uv": [0, 5, 3.5, 8.5], "rotation": 270, "texture": "#3"},
				"down": {"uv": [6, 7, 9.5, 10.5], "rotation": 90, "texture": "#3"}
			}
		},
		{
			"from": [1.25, 8.5, 5.5],
			"to": [3.25, 10.5, 10.5],
			"rotation": {"angle": 0, "axis": "y", "origin": [2.25, 5.4375, 8]},
			"faces": {
				"north": {"uv": [0, 0, 2, 2], "texture": "#3"},
				"east": {"uv": [1, 3, 6, 5], "texture": "#3"},
				"south": {"uv": [3, 2, 5, 4], "texture": "#3"},
				"west": {"uv": [0, 0, 5, 2], "texture": "#3"},
				"up": {"uv": [0, 5, 5, 7], "rotation": 270, "texture": "#3"},
				"down": {"uv": [6, 7, 11, 9], "rotation": 90, "texture": "#3"}
			}
		},
		{
			"from": [-1, -2, 5],
			"to": [17, 6, 11],
			"faces": {
				"north": {"uv": [0, 7, 16, 16], "texture": "#2"},
				"east": {"uv": [0, 7, 6, 16], "texture": "#2"},
				"south": {"uv": [0, 7, 16, 16], "texture": "#2"},
				"west": {"uv": [0, 7, 6, 16], "texture": "#2"},
				"up": {"uv": [0, 0, 16, 6], "texture": "#2"},
				"down": {"uv": [0, 7, 16, 13], "texture": "#2"}
			}
		},
		{
			"from": [-1, 6, 10],
			"to": [17, 7, 11],
			"faces": {
				"north": {"uv": [0, 0, 16, 1], "texture": "#2"},
				"east": {"uv": [0, 4, 1, 5], "texture": "#2"},
				"south": {"uv": [0, 0, 16, 1], "texture": "#2"},
				"west": {"uv": [0, 4, 1, 5], "texture": "#2"},
				"up": {"uv": [0, 5, 16, 6], "texture": "#2"},
				"down": {"uv": [0, 5, 16, 6], "texture": "#2"}
			}
		},
		{
			"from": [-1, 6, 5],
			"to": [17, 7, 6],
			"rotation": {"angle": 0, "axis": "y", "origin": [8, 6.5, 5.5]},
			"faces": {
				"north": {"uv": [0, 0, 16, 1], "texture": "#2"},
				"east": {"uv": [0, 4, 1, 5], "texture": "#2"},
				"south": {"uv": [0, 0, 16, 1], "texture": "#2"},
				"west": {"uv": [0, 4, 1, 5], "texture": "#2"},
				"up": {"uv": [0, 5, 16, 6], "rotation": 180, "texture": "#2"},
				"down": {"uv": [0, 5, 16, 6], "rotation": 180, "texture": "#2"}
			}
		},
		{
			"from": [-1, 6, 6],
			"to": [0, 7, 10],
			"faces": {
				"north": {"uv": [1, 0, 2, 1], "texture": "#2"},
				"east": {"uv": [0, 0, 5, 1], "texture": "#2"},
				"south": {"uv": [1, 5, 2, 6], "texture": "#2"},
				"west": {"uv": [0, 0, 5, 1], "texture": "#2"},
				"up": {"uv": [0, 0, 1, 6], "texture": "#2"},
				"down": {"uv": [0, 0, 1, 6], "texture": "#2"}
			}
		},
		{
			"from": [16, 6, 6],
			"to": [17, 7, 10],
			"rotation": {"angle": 0, "axis": "y", "origin": [16.5, 6.5, 8]},
			"faces": {
				"north": {"uv": [1, 5, 2, 6], "texture": "#2"},
				"east": {"uv": [0, 0, 5, 1], "texture": "#2"},
				"south": {"uv": [1, 0, 2, 1], "texture": "#2"},
				"west": {"uv": [0, 0, 5, 1], "texture": "#2"},
				"up": {"uv": [0, 0, 1, 6], "rotation": 180, "texture": "#2"},
				"down": {"uv": [0, 0, 1, 6], "rotation": 180, "texture": "#2"}
			}
		},
		{
			"from": [-0.75, 11.6646, 1.53233],
			"to": [16.75, 12.6646, 8.53233],
			"rotation": {"angle": -45, "axis": "x", "origin": [8, 12.1646, 5.03233]},
			"faces": {
				"north": {"uv": [0, 7, 16, 8], "rotation": 180, "texture": "#2"},
				"east": {"uv": [0, 7, 1, 14], "rotation": 270, "texture": "#2"},
				"south": {"uv": [0, 7, 16, 8], "texture": "#2"},
				"west": {"uv": [0, 7, 1, 14], "rotation": 90, "texture": "#2"},
				"up": {"uv": [0, 7, 16, 14], "rotation": 180, "texture": "#2"},
				"down": {"uv": [0, 7, 16, 14], "texture": "#2"}
			}
		},
		{
			"from": [7, 12.1646, 7.53233],
			"to": [9, 13.1646, 9.53233],
			"rotation": {"angle": -45, "axis": "x", "origin": [8, 12.1646, 5.03233]},
			"faces": {
				"north": {"uv": [0, 7, 16, 8], "rotation": 180, "texture": "#3"},
				"east": {"uv": [0, 7, 1, 14], "rotation": 270, "texture": "#3"},
				"south": {"uv": [0, 7, 16, 8], "texture": "#3"},
				"west": {"uv": [0, 7, 1, 14], "rotation": 90, "texture": "#3"},
				"up": {"uv": [0, 7, 16, 14], "rotation": 180, "texture": "#3"},
				"down": {"uv": [0, 7, 16, 14], "texture": "#3"}
			}
		},
		{
			"from": [-0.75, 3.46298, 3.31389],
			"to": [16.75, 10.46298, 4.31389],
			"rotation": {"angle": -22.5, "axis": "x", "origin": [8, 7.46298, 3.81389]},
			"faces": {
				"north": {"uv": [0, 7, 16, 14], "texture": "#2"},
				"east": {"uv": [0, 7, 1, 14], "texture": "#2"},
				"south": {"uv": [0, 7, 16, 14], "texture": "#2"},
				"west": {"uv": [0, 7, 1, 14], "texture": "#2"},
				"up": {"uv": [0, 7, 16, 8], "texture": "#2"},
				"down": {"uv": [0, 7, 16, 8], "texture": "#2"}
			}
		}
	],
	"display": {
		"thirdperson_righthand": {
			"rotation": [11, 180, 0],
			"translation": [0, -1.25, -1.25],
			"scale": [0.25, 0.25, 0.25]
		},
		"thirdperson_lefthand": {
			"rotation": [11, 180, 0],
			"translation": [0, -1.25, -1.25],
			"scale": [0.25, 0.25, 0.25]
		},
		"firstperson_righthand": {
			"rotation": [0, -90, 0],
			"translation": [0, 2.5, 0],
			"scale": [0.5, 0.5, 0.5]
		},
		"firstperson_lefthand": {
			"rotation": [0, -90, 0],
			"translation": [0, 2.5, 0],
			"scale": [0.5, 0.5, 0.5]
		},
		"ground": {
			"translation": [0, 4.75, 0],
			"scale": [0.5, 0.5, 0.5]
		},
		"gui": {
			"rotation": [30, -50, 0],
			"translation": [0, 1.25, 0],
			"scale": [0.625, 0.625, 0.625]
		},
		"head": {
			"rotation": [20, 0, 20],
			"translation": [0, -23.5, 6],
			"scale": [0.5, 0.5, 0.5]
		},
		"fixed": {
			"rotation": [0, 180, 0],
			"translation": [0, 1.25, -4]
		}
	},
	"groups": [
		{
			"name": "bullets",
			"origin": [8, 8, 8],
			"color": 0,
			"children": [
				{
					"name": "casings",
					"origin": [0, 0, 0],
					"color": 0,
					"children": [
						0,
						1,
						2,
						3,
						4,
						5,
						6,
						7,
						8,
						9,
						10,
						11,
						12,
						13,
						14,
						15,
						16,
						17,
						18,
						19,
						20,
						21,
						22,
						23,
						24,
						25,
						26,
						27,
						28,
						29,
						30,
						31,
						32,
						33,
						34,
						35,
						36,
						37,
						38,
						39,
						40,
						41,
						42,
						43,
						44,
						45,
						46,
						47,
						48,
						49,
						50,
						51,
						52,
						53,
						54,
						55,
						56
					]
				},
				{
					"name": "tips",
					"origin": [0, 0, 0],
					"color": 0,
					"children": [57, 58, 59, 60, 61, 62, 63, 64, 65, 66, 67, 68, 69, 70, 71, 72, 73, 74]
				}
			]
		},
		{
			"name": "pouch",
			"origin": [8, 7.46298, 3.81389],
			"color": 0,
			"children": [75, 76, 77, 78, 79, 80, 81, 82]
		}
	]
}