{
    "parent":"item/handheld",
    "textures":{
        "layer0":"item/iron_shovel"
    },
    "overrides":[
        {"predicate":{"custom_model_data":1},"model":"item/amethyst_crystal"},
        {"predicate":{"custom_model_data":2},"model":"item/red_chain"},
        {"predicate":{"custom_model_data":3},"model":"item/dark_rune"},
        {"predicate":{"custom_model_data":4},"model":"item/light_rune"},
        {"predicate":{"custom_model_data":5},"model":"item/water_rune"},
        {"predicate":{"custom_model_data":6},"model":"item/fire_rune"},
        {"predicate":{"custom_model_data":7},"model":"item/air_rune"},
        {"predicate":{"custom_model_data":8},"model":"item/geologist_rune"},
        {"predicate":{"custom_model_data":9},"model":"item/earth_rune"},
        {"predicate":{"custom_model_data":10},"model":"item/rock_barrier"},
        {"predicate":{"custom_model_data":11},"model":"item/shimmerrock"},
        {"predicate":{"custom_model_data":12},"model":"item/jester_rune"},
        {"predicate":{"custom_model_data":13},"model":"item/runner_rune"},
        {"predicate":{"custom_model_data":14},"model":"item/healer_rune"},
        {"predicate":{"custom_model_data":15},"model":"item/scholar_rune"},
        {"predicate":{"custom_model_data":16},"model":"item/shattered_shimmering_rock"},
        {"predicate":{"custom_model_data":17},"model":"item/infinite_bullets"}
    ]
}