{
	"credit": "Made with Blockbench",
	"textures": {
		"0": "wood",
		"1": "blade",
		"3": "spinny_thing",
		"4": "admin_core",
		"5": "core",
		"6": "lesbian_flag",
		"8": "dark_stone",
		"particle": "wood"
	},
	"elements": [
		{
			"from": [7.5, -0.5, 5.5],
			"to": [8.5, 5, 10.5],
			"faces": {
				"north": {"uv": [4, 5, 5, 6.5], "texture": "#1"},
				"east": {"uv": [7, 1, 10, 7.5], "texture": "#1"},
				"south": {"uv": [4, 5, 5, 6.5], "texture": "#1"},
				"west": {"uv": [8, 7, 11, 13.5], "texture": "#1"},
				"up": {"uv": [7, 6, 8, 9], "texture": "#1"},
				"down": {"uv": [2, 7, 3, 10], "texture": "#1"}
			}
		},
		{
			"from": [7.5, -2.25, 5.75],
			"to": [8.5, -0.5, 10.25],
			"faces": {
				"north": {"uv": [4, 5, 5, 6.5], "texture": "#1"},
				"east": {"uv": [7, 1, 10, 7.5], "texture": "#1"},
				"south": {"uv": [4, 5, 5, 6.5], "texture": "#1"},
				"west": {"uv": [8, 7, 11, 13.5], "texture": "#1"},
				"up": {"uv": [7, 6, 8, 9], "texture": "#1"},
				"down": {"uv": [2, 7, 3, 10], "texture": "#1"}
			}
		},
		{
			"from": [7.75, 5, 5.5],
			"to": [8.25, 12.5, 6],
			"faces": {
				"north": {"uv": [4, 5, 5, 6.5], "texture": "#1"},
				"east": {"uv": [7, 1, 8, 7.5], "texture": "#1"},
				"south": {"uv": [4, 5, 5, 6.5], "texture": "#1"},
				"west": {"uv": [8, 7, 9, 13.5], "texture": "#1"},
				"up": {"uv": [7, 6, 8, 9], "texture": "#1"},
				"down": {"uv": [2, 7, 3, 10], "texture": "#1"}
			}
		},
		{
			"from": [7.75, 5, 10],
			"to": [8.25, 12.5, 10.5],
			"faces": {
				"north": {"uv": [4, 5, 5, 6.5], "texture": "#1"},
				"east": {"uv": [7, 1, 8, 7.5], "texture": "#1"},
				"south": {"uv": [4, 5, 5, 6.5], "texture": "#1"},
				"west": {"uv": [8, 7, 9, 13.5], "texture": "#1"},
				"up": {"uv": [7, 6, 8, 9], "texture": "#1"},
				"down": {"uv": [2, 7, 3, 10], "texture": "#1"}
			}
		},
		{
			"from": [7.75, 12.5, 9.5],
			"to": [8.25, 20, 10],
			"faces": {
				"north": {"uv": [4, 5, 5, 6.5], "texture": "#1"},
				"east": {"uv": [7, 1, 8, 7.5], "texture": "#1"},
				"south": {"uv": [4, 5, 5, 6.5], "texture": "#1"},
				"west": {"uv": [8, 7, 9, 13.5], "texture": "#1"},
				"up": {"uv": [7, 6, 8, 9], "texture": "#1"},
				"down": {"uv": [2, 7, 3, 10], "texture": "#1"}
			}
		},
		{
			"from": [7.75, 12.5, 6],
			"to": [8.25, 20, 6.5],
			"faces": {
				"north": {"uv": [4, 5, 5, 6.5], "texture": "#1"},
				"east": {"uv": [7, 1, 8, 7.5], "texture": "#1"},
				"south": {"uv": [4, 5, 5, 6.5], "texture": "#1"},
				"west": {"uv": [8, 7, 9, 13.5], "texture": "#1"},
				"up": {"uv": [7, 6, 8, 9], "texture": "#1"},
				"down": {"uv": [2, 7, 3, 10], "texture": "#1"}
			}
		},
		{
			"from": [7.75, 20, 6.5],
			"to": [8.25, 23.5, 7],
			"faces": {
				"north": {"uv": [4, 5, 5, 6.5], "texture": "#1"},
				"east": {"uv": [7, 1, 8, 7.5], "texture": "#1"},
				"south": {"uv": [4, 5, 5, 6.5], "texture": "#1"},
				"west": {"uv": [8, 7, 9, 13.5], "texture": "#1"},
				"up": {"uv": [7, 6, 8, 9], "texture": "#1"},
				"down": {"uv": [2, 7, 3, 10], "texture": "#1"}
			}
		},
		{
			"from": [7.75, 20, 9],
			"to": [8.25, 23.5, 9.5],
			"faces": {
				"north": {"uv": [4, 5, 5, 6.5], "texture": "#1"},
				"east": {"uv": [7, 1, 8, 7.5], "texture": "#1"},
				"south": {"uv": [4, 5, 5, 6.5], "texture": "#1"},
				"west": {"uv": [8, 7, 9, 13.5], "texture": "#1"},
				"up": {"uv": [7, 6, 8, 9], "texture": "#1"},
				"down": {"uv": [2, 7, 3, 10], "texture": "#1"}
			}
		},
		{
			"from": [7.75, 23.5, 7],
			"to": [8.25, 27, 7.5],
			"faces": {
				"north": {"uv": [4, 5, 5, 6.5], "texture": "#1"},
				"east": {"uv": [7, 1, 8, 7.5], "texture": "#1"},
				"south": {"uv": [4, 5, 5, 6.5], "texture": "#1"},
				"west": {"uv": [8, 7, 9, 13.5], "texture": "#1"},
				"up": {"uv": [7, 6, 8, 9], "texture": "#1"},
				"down": {"uv": [2, 7, 3, 10], "texture": "#1"}
			}
		},
		{
			"from": [7.75, 23.5, 8.5],
			"to": [8.25, 27, 9],
			"faces": {
				"north": {"uv": [4, 5, 5, 6.5], "texture": "#1"},
				"east": {"uv": [7, 1, 8, 7.5], "texture": "#1"},
				"south": {"uv": [4, 5, 5, 6.5], "texture": "#1"},
				"west": {"uv": [8, 7, 9, 13.5], "texture": "#1"},
				"up": {"uv": [7, 6, 8, 9], "texture": "#1"},
				"down": {"uv": [2, 7, 3, 10], "texture": "#1"}
			}
		},
		{
			"from": [7.75, 27, 8.25],
			"to": [8.25, 30, 8.75],
			"faces": {
				"north": {"uv": [4, 5, 5, 6.5], "texture": "#1"},
				"east": {"uv": [7, 1, 8, 7.5], "texture": "#1"},
				"south": {"uv": [4, 5, 5, 6.5], "texture": "#1"},
				"west": {"uv": [8, 7, 9, 13.5], "texture": "#1"},
				"up": {"uv": [7, 6, 8, 9], "texture": "#1"},
				"down": {"uv": [2, 7, 3, 10], "texture": "#1"}
			}
		},
		{
			"from": [7.75, 30, 7.75],
			"to": [8.25, 31, 8.25],
			"faces": {
				"north": {"uv": [4, 5, 5, 6.5], "texture": "#1"},
				"east": {"uv": [7, 1, 8, 7.5], "texture": "#1"},
				"south": {"uv": [4, 5, 5, 6.5], "texture": "#1"},
				"west": {"uv": [8, 7, 9, 13.5], "texture": "#1"},
				"up": {"uv": [7, 6, 8, 9], "texture": "#1"},
				"down": {"uv": [2, 7, 3, 10], "texture": "#1"}
			}
		},
		{
			"from": [7.75, 27, 7.25],
			"to": [8.25, 30, 7.75],
			"faces": {
				"north": {"uv": [4, 5, 5, 6.5], "texture": "#1"},
				"east": {"uv": [7, 1, 8, 7.5], "texture": "#1"},
				"south": {"uv": [4, 5, 5, 6.5], "texture": "#1"},
				"west": {"uv": [8, 7, 9, 13.5], "texture": "#1"},
				"up": {"uv": [7, 6, 8, 9], "texture": "#1"},
				"down": {"uv": [2, 7, 3, 10], "texture": "#1"}
			}
		},
		{
			"from": [8, 5, 5],
			"to": [8, 12.5, 5.5],
			"faces": {
				"north": {"uv": [4, 5, 5, 6.5], "texture": "#1"},
				"east": {"uv": [7, 1, 8, 7.5], "texture": "#1"},
				"south": {"uv": [4, 5, 5, 6.5], "texture": "#1"},
				"west": {"uv": [8, 7, 9, 13.5], "texture": "#1"},
				"up": {"uv": [7, 6, 8, 9], "texture": "#1"},
				"down": {"uv": [2, 7, 3, 10], "texture": "#1"}
			}
		},
		{
			"from": [8, 5, 10.5],
			"to": [8, 12.5, 11],
			"faces": {
				"north": {"uv": [4, 5, 5, 6.5], "texture": "#1"},
				"east": {"uv": [7, 1, 8, 7.5], "texture": "#1"},
				"south": {"uv": [4, 5, 5, 6.5], "texture": "#1"},
				"west": {"uv": [8, 7, 9, 13.5], "texture": "#1"},
				"up": {"uv": [7, 6, 8, 9], "texture": "#1"},
				"down": {"uv": [2, 7, 3, 10], "texture": "#1"}
			}
		},
		{
			"from": [8, 12.5, 5.5],
			"to": [8, 20, 6],
			"faces": {
				"north": {"uv": [4, 5, 5, 6.5], "texture": "#1"},
				"east": {"uv": [7, 1, 8, 7.5], "texture": "#1"},
				"south": {"uv": [4, 5, 5, 6.5], "texture": "#1"},
				"west": {"uv": [8, 7, 9, 13.5], "texture": "#1"},
				"up": {"uv": [7, 6, 8, 9], "texture": "#1"},
				"down": {"uv": [2, 7, 3, 10], "texture": "#1"}
			}
		},
		{
			"from": [8, 12.5, 10],
			"to": [8, 20, 10.5],
			"faces": {
				"north": {"uv": [4, 5, 5, 6.5], "texture": "#1"},
				"east": {"uv": [7, 1, 8, 7.5], "texture": "#1"},
				"south": {"uv": [4, 5, 5, 6.5], "texture": "#1"},
				"west": {"uv": [8, 7, 9, 13.5], "texture": "#1"},
				"up": {"uv": [7, 6, 8, 9], "texture": "#1"},
				"down": {"uv": [2, 7, 3, 10], "texture": "#1"}
			}
		},
		{
			"from": [8, 20, 9.5],
			"to": [8, 23.5, 10],
			"faces": {
				"north": {"uv": [4, 5, 5, 6.5], "texture": "#1"},
				"east": {"uv": [7, 1, 8, 7.5], "texture": "#1"},
				"south": {"uv": [4, 5, 5, 6.5], "texture": "#1"},
				"west": {"uv": [8, 7, 9, 13.5], "texture": "#1"},
				"up": {"uv": [7, 6, 8, 9], "texture": "#1"},
				"down": {"uv": [2, 7, 3, 10], "texture": "#1"}
			}
		},
		{
			"from": [8, 20, 6],
			"to": [8, 23.5, 6.5],
			"faces": {
				"north": {"uv": [4, 5, 5, 6.5], "texture": "#1"},
				"east": {"uv": [7, 1, 8, 7.5], "texture": "#1"},
				"south": {"uv": [4, 5, 5, 6.5], "texture": "#1"},
				"west": {"uv": [8, 7, 9, 13.5], "texture": "#1"},
				"up": {"uv": [7, 6, 8, 9], "texture": "#1"},
				"down": {"uv": [2, 7, 3, 10], "texture": "#1"}
			}
		},
		{
			"from": [8, 23.5, 9],
			"to": [8, 27, 9.5],
			"faces": {
				"north": {"uv": [4, 5, 5, 6.5], "texture": "#1"},
				"east": {"uv": [7, 1, 8, 7.5], "texture": "#1"},
				"south": {"uv": [4, 5, 5, 6.5], "texture": "#1"},
				"west": {"uv": [8, 7, 9, 13.5], "texture": "#1"},
				"up": {"uv": [7, 6, 8, 9], "texture": "#1"},
				"down": {"uv": [2, 7, 3, 10], "texture": "#1"}
			}
		},
		{
			"from": [8, 23.5, 6.5],
			"to": [8, 27, 7],
			"faces": {
				"north": {"uv": [4, 5, 5, 6.5], "texture": "#1"},
				"east": {"uv": [7, 1, 8, 7.5], "texture": "#1"},
				"south": {"uv": [4, 5, 5, 6.5], "texture": "#1"},
				"west": {"uv": [8, 7, 9, 13.5], "texture": "#1"},
				"up": {"uv": [7, 6, 8, 9], "texture": "#1"},
				"down": {"uv": [2, 7, 3, 10], "texture": "#1"}
			}
		},
		{
			"from": [8, 27, 8.75],
			"to": [8, 30, 9.25],
			"faces": {
				"north": {"uv": [4, 5, 5, 6.5], "texture": "#1"},
				"east": {"uv": [7, 1, 8, 7.5], "texture": "#1"},
				"south": {"uv": [4, 5, 5, 6.5], "texture": "#1"},
				"west": {"uv": [8, 7, 9, 13.5], "texture": "#1"},
				"up": {"uv": [7, 6, 8, 9], "texture": "#1"},
				"down": {"uv": [2, 7, 3, 10], "texture": "#1"}
			}
		},
		{
			"from": [8, 30, 8.25],
			"to": [8, 31, 8.75],
			"faces": {
				"north": {"uv": [4, 5, 5, 6.5], "texture": "#1"},
				"east": {"uv": [7, 1, 8, 7.5], "texture": "#1"},
				"south": {"uv": [4, 5, 5, 6.5], "texture": "#1"},
				"west": {"uv": [8, 7, 9, 13.5], "texture": "#1"},
				"up": {"uv": [7, 6, 8, 9], "texture": "#1"},
				"down": {"uv": [2, 7, 3, 10], "texture": "#1"}
			}
		},
		{
			"from": [8, 30, 7.25],
			"to": [8, 31, 7.75],
			"faces": {
				"north": {"uv": [4, 5, 5, 6.5], "texture": "#1"},
				"east": {"uv": [7, 1, 8, 7.5], "texture": "#1"},
				"south": {"uv": [4, 5, 5, 6.5], "texture": "#1"},
				"west": {"uv": [8, 7, 9, 13.5], "texture": "#1"},
				"up": {"uv": [7, 6, 8, 9], "texture": "#1"},
				"down": {"uv": [2, 7, 3, 10], "texture": "#1"}
			}
		},
		{
			"from": [8, 31, 7.75],
			"to": [8, 32, 8.25],
			"faces": {
				"north": {"uv": [4, 5, 5, 6.5], "texture": "#1"},
				"east": {"uv": [7, 1, 8, 7.5], "texture": "#1"},
				"south": {"uv": [4, 5, 5, 6.5], "texture": "#1"},
				"west": {"uv": [8, 7, 9, 13.5], "texture": "#1"},
				"up": {"uv": [7, 6, 8, 9], "texture": "#1"},
				"down": {"uv": [2, 7, 3, 10], "texture": "#1"}
			}
		},
		{
			"from": [8, 27, 6.75],
			"to": [8, 30, 7.25],
			"faces": {
				"north": {"uv": [4, 5, 5, 6.5], "texture": "#1"},
				"east": {"uv": [7, 1, 8, 7.5], "texture": "#1"},
				"south": {"uv": [4, 5, 5, 6.5], "texture": "#1"},
				"west": {"uv": [8, 7, 9, 13.5], "texture": "#1"},
				"up": {"uv": [7, 6, 8, 9], "texture": "#1"},
				"down": {"uv": [2, 7, 3, 10], "texture": "#1"}
			}
		},
		{
			"from": [7.5, 5, 6],
			"to": [8.5, 12.5, 10],
			"faces": {
				"north": {"uv": [4, 5, 5, 6.5], "texture": "#1"},
				"east": {"uv": [7, 1, 10, 7.5], "texture": "#1"},
				"south": {"uv": [4, 5, 5, 6.5], "texture": "#1"},
				"west": {"uv": [8, 7, 11, 13.5], "texture": "#1"},
				"up": {"uv": [7, 6, 8, 9], "texture": "#1"},
				"down": {"uv": [2, 7, 3, 10], "texture": "#1"}
			}
		},
		{
			"from": [7.5, 12.5, 6.5],
			"to": [8.5, 20, 9.5],
			"faces": {
				"north": {"uv": [4, 5, 5, 6.5], "texture": "#1"},
				"east": {"uv": [7, 1, 10, 7.5], "texture": "#1"},
				"south": {"uv": [4, 5, 5, 6.5], "texture": "#1"},
				"west": {"uv": [8, 7, 11, 13.5], "texture": "#1"},
				"up": {"uv": [7, 6, 8, 9], "texture": "#1"},
				"down": {"uv": [2, 7, 3, 10], "texture": "#1"}
			}
		},
		{
			"from": [7.5, 23.5, 7.5],
			"to": [8.5, 27, 8.5],
			"faces": {
				"north": {"uv": [4, 5, 5, 6.5], "texture": "#1"},
				"east": {"uv": [7, 1, 10, 7.5], "texture": "#1"},
				"south": {"uv": [4, 5, 5, 6.5], "texture": "#1"},
				"west": {"uv": [8, 7, 11, 13.5], "texture": "#1"},
				"up": {"uv": [7, 6, 8, 9], "texture": "#1"},
				"down": {"uv": [2, 7, 3, 10], "texture": "#1"}
			}
		},
		{
			"from": [7.5, 27, 7.75],
			"to": [8.5, 30, 8.25],
			"faces": {
				"north": {"uv": [4, 5, 5, 6.5], "texture": "#1"},
				"east": {"uv": [7, 1, 10, 7.5], "texture": "#1"},
				"south": {"uv": [4, 5, 5, 6.5], "texture": "#1"},
				"west": {"uv": [8, 7, 11, 13.5], "texture": "#1"},
				"up": {"uv": [7, 6, 8, 9], "texture": "#1"},
				"down": {"uv": [2, 7, 3, 10], "texture": "#1"}
			}
		},
		{
			"from": [7.5, 20, 7],
			"to": [8.5, 23.5, 9],
			"faces": {
				"north": {"uv": [4, 5, 5, 6.5], "texture": "#1"},
				"east": {"uv": [7, 1, 10, 7.5], "texture": "#1"},
				"south": {"uv": [4, 5, 5, 6.5], "texture": "#1"},
				"west": {"uv": [8, 7, 11, 13.5], "texture": "#1"},
				"up": {"uv": [7, 6, 8, 9], "texture": "#1"},
				"down": {"uv": [2, 7, 3, 10], "texture": "#1"}
			}
		},
		{
			"from": [7.5, -4.5, 10],
			"to": [8.5, -3, 13],
			"faces": {
				"north": {"uv": [4, 5, 5, 6.5], "texture": "#1"},
				"east": {"uv": [7, 3, 10, 4.5], "texture": "#1"},
				"south": {"uv": [4, 5, 5, 6.5], "texture": "#1"},
				"west": {"uv": [8, 9, 11, 10.5], "texture": "#1"},
				"up": {"uv": [7, 6, 8, 9], "texture": "#1"},
				"down": {"uv": [2, 7, 3, 10], "texture": "#1"}
			}
		},
		{
			"from": [7.5, -3, 11],
			"to": [8.5, -1.5, 14],
			"faces": {
				"north": {"uv": [4, 5, 5, 6.5], "texture": "#1"},
				"east": {"uv": [7, 3, 10, 4.5], "texture": "#1"},
				"south": {"uv": [4, 5, 5, 6.5], "texture": "#1"},
				"west": {"uv": [8, 9, 11, 10.5], "texture": "#1"},
				"up": {"uv": [7, 6, 8, 9], "texture": "#1"},
				"down": {"uv": [2, 7, 3, 10], "texture": "#1"}
			}
		},
		{
			"from": [7.5, -1.5, 11.5],
			"to": [8.5, 0, 14.5],
			"faces": {
				"north": {"uv": [4, 5, 5, 6.5], "texture": "#1"},
				"east": {"uv": [7, 3, 10, 4.5], "texture": "#1"},
				"south": {"uv": [4, 5, 5, 6.5], "texture": "#1"},
				"west": {"uv": [8, 9, 11, 10.5], "texture": "#1"},
				"up": {"uv": [7, 6, 8, 9], "texture": "#1"},
				"down": {"uv": [2, 7, 3, 10], "texture": "#1"}
			}
		},
		{
			"from": [7.75, -1.5, 14.5],
			"to": [8.25, 0, 15],
			"faces": {
				"north": {"uv": [4, 5, 5, 6.5], "texture": "#1"},
				"east": {"uv": [7, 3, 10, 4.5], "texture": "#1"},
				"south": {"uv": [4, 5, 5, 6.5], "texture": "#1"},
				"west": {"uv": [8, 9, 11, 10.5], "texture": "#1"},
				"up": {"uv": [7, 6, 8, 9], "texture": "#1"},
				"down": {"uv": [2, 7, 3, 10], "texture": "#1"}
			}
		},
		{
			"from": [7.75, -3, 14],
			"to": [8.25, -1.5, 14.5],
			"faces": {
				"north": {"uv": [4, 5, 5, 6.5], "texture": "#1"},
				"east": {"uv": [7, 3, 10, 4.5], "texture": "#1"},
				"south": {"uv": [4, 5, 5, 6.5], "texture": "#1"},
				"west": {"uv": [8, 9, 11, 10.5], "texture": "#1"},
				"up": {"uv": [7, 6, 8, 9], "texture": "#1"},
				"down": {"uv": [2, 7, 3, 10], "texture": "#1"}
			}
		},
		{
			"from": [7.75, -3, 10.5],
			"to": [8.25, -1.5, 11],
			"faces": {
				"north": {"uv": [4, 5, 5, 6.5], "texture": "#1"},
				"east": {"uv": [7, 3, 10, 4.5], "texture": "#1"},
				"south": {"uv": [4, 5, 5, 6.5], "texture": "#1"},
				"west": {"uv": [8, 9, 11, 10.5], "texture": "#1"},
				"up": {"uv": [7, 6, 8, 9], "texture": "#1"},
				"down": {"uv": [2, 7, 3, 10], "texture": "#1"}
			}
		},
		{
			"from": [7.75, -1.5, 11],
			"to": [8.25, 0, 11.5],
			"faces": {
				"north": {"uv": [4, 5, 5, 6.5], "texture": "#1"},
				"east": {"uv": [7, 3, 10, 4.5], "texture": "#1"},
				"south": {"uv": [4, 5, 5, 6.5], "texture": "#1"},
				"west": {"uv": [8, 9, 11, 10.5], "texture": "#1"},
				"up": {"uv": [7, 6, 8, 9], "texture": "#1"},
				"down": {"uv": [2, 7, 3, 10], "texture": "#1"}
			}
		},
		{
			"from": [7.75, -4.5, 13],
			"to": [8.25, -3, 13.5],
			"faces": {
				"north": {"uv": [4, 5, 5, 6.5], "texture": "#1"},
				"east": {"uv": [7, 3, 10, 4.5], "texture": "#1"},
				"south": {"uv": [4, 5, 5, 6.5], "texture": "#1"},
				"west": {"uv": [8, 9, 11, 10.5], "texture": "#1"},
				"up": {"uv": [7, 6, 8, 9], "texture": "#1"},
				"down": {"uv": [2, 7, 3, 10], "texture": "#1"}
			}
		},
		{
			"from": [7.5, -3, 2],
			"to": [8.5, -1.5, 5],
			"faces": {
				"north": {"uv": [4, 5, 5, 6.5], "texture": "#1"},
				"east": {"uv": [7, 3, 10, 4.5], "texture": "#1"},
				"south": {"uv": [4, 5, 5, 6.5], "texture": "#1"},
				"west": {"uv": [8, 9, 11, 10.5], "texture": "#1"},
				"up": {"uv": [7, 6, 8, 9], "texture": "#1"},
				"down": {"uv": [2, 7, 3, 10], "texture": "#1"}
			}
		},
		{
			"from": [7.5, -4.5, 3],
			"to": [8.5, -3, 6],
			"faces": {
				"north": {"uv": [4, 5, 5, 6.5], "texture": "#1"},
				"east": {"uv": [7, 3, 10, 4.5], "texture": "#1"},
				"south": {"uv": [4, 5, 5, 6.5], "texture": "#1"},
				"west": {"uv": [8, 9, 11, 10.5], "texture": "#1"},
				"up": {"uv": [7, 6, 8, 9], "texture": "#1"},
				"down": {"uv": [2, 7, 3, 10], "texture": "#1"}
			}
		},
		{
			"from": [7.5, -1.5, 1.5],
			"to": [8.5, 0, 4.5],
			"faces": {
				"north": {"uv": [4, 5, 5, 6.5], "texture": "#1"},
				"east": {"uv": [7, 3, 10, 4.5], "texture": "#1"},
				"south": {"uv": [4, 5, 5, 6.5], "texture": "#1"},
				"west": {"uv": [8, 9, 11, 10.5], "texture": "#1"},
				"up": {"uv": [7, 6, 8, 9], "texture": "#1"},
				"down": {"uv": [2, 7, 3, 10], "texture": "#1"}
			}
		},
		{
			"from": [7.75, -4.5, 2.5],
			"to": [8.25, -3, 3],
			"faces": {
				"north": {"uv": [4, 5, 5, 6.5], "texture": "#1"},
				"east": {"uv": [7, 3, 10, 4.5], "texture": "#1"},
				"south": {"uv": [4, 5, 5, 6.5], "texture": "#1"},
				"west": {"uv": [8, 9, 11, 10.5], "texture": "#1"},
				"up": {"uv": [7, 6, 8, 9], "texture": "#1"},
				"down": {"uv": [2, 7, 3, 10], "texture": "#1"}
			}
		},
		{
			"from": [7.75, -3, 1.5],
			"to": [8.25, -1.5, 2],
			"faces": {
				"north": {"uv": [4, 5, 5, 6.5], "texture": "#1"},
				"east": {"uv": [7, 3, 10, 4.5], "texture": "#1"},
				"south": {"uv": [4, 5, 5, 6.5], "texture": "#1"},
				"west": {"uv": [8, 9, 11, 10.5], "texture": "#1"},
				"up": {"uv": [7, 6, 8, 9], "texture": "#1"},
				"down": {"uv": [2, 7, 3, 10], "texture": "#1"}
			}
		},
		{
			"from": [7.75, -1.5, 1],
			"to": [8.25, 0, 1.5],
			"faces": {
				"north": {"uv": [4, 5, 5, 6.5], "texture": "#1"},
				"east": {"uv": [7, 3, 10, 4.5], "texture": "#1"},
				"south": {"uv": [4, 5, 5, 6.5], "texture": "#1"},
				"west": {"uv": [8, 9, 11, 10.5], "texture": "#1"},
				"up": {"uv": [7, 6, 8, 9], "texture": "#1"},
				"down": {"uv": [2, 7, 3, 10], "texture": "#1"}
			}
		},
		{
			"from": [7.75, -1.5, 4.5],
			"to": [8.25, 0, 5],
			"faces": {
				"north": {"uv": [4, 5, 5, 6.5], "texture": "#1"},
				"east": {"uv": [7, 3, 10, 4.5], "texture": "#1"},
				"south": {"uv": [4, 5, 5, 6.5], "texture": "#1"},
				"west": {"uv": [8, 9, 11, 10.5], "texture": "#1"},
				"up": {"uv": [7, 6, 8, 9], "texture": "#1"},
				"down": {"uv": [2, 7, 3, 10], "texture": "#1"}
			}
		},
		{
			"from": [7.75, -3, 5],
			"to": [8.25, -1.5, 5.5],
			"faces": {
				"north": {"uv": [4, 5, 5, 6.5], "texture": "#1"},
				"east": {"uv": [7, 3, 10, 4.5], "texture": "#1"},
				"south": {"uv": [4, 5, 5, 6.5], "texture": "#1"},
				"west": {"uv": [8, 9, 11, 10.5], "texture": "#1"},
				"up": {"uv": [7, 6, 8, 9], "texture": "#1"},
				"down": {"uv": [2, 7, 3, 10], "texture": "#1"}
			}
		},
		{
			"from": [6, -6, 7],
			"to": [7, -2, 9],
			"rotation": {"angle": 0, "axis": "y", "origin": [8, 14, 8]},
			"faces": {
				"north": {"uv": [0, 0, 1, 4], "texture": "#0"},
				"east": {"uv": [0, 0, 2, 4], "texture": "#0"},
				"south": {"uv": [0, 0, 1, 4], "texture": "#0"},
				"west": {"uv": [0, 0, 2, 4], "texture": "#0"},
				"up": {"uv": [0, 0, 2, 1], "rotation": 270, "texture": "#0"},
				"down": {"uv": [0, 0, 2, 1], "rotation": 90, "texture": "#0"}
			}
		},
		{
			"from": [7, -16, 7],
			"to": [9, -10, 9],
			"faces": {
				"north": {"uv": [0, 0, 2, 6], "texture": "#0"},
				"east": {"uv": [0, 0, 2, 6], "texture": "#0"},
				"south": {"uv": [0, 0, 2, 6], "texture": "#0"},
				"west": {"uv": [0, 0, 2, 6], "texture": "#0"},
				"up": {"uv": [0, 0, 2, 2], "texture": "#0"},
				"down": {"uv": [0, 0, 2, 2], "texture": "#0"}
			}
		},
		{
			"from": [7, -7, 7],
			"to": [9, -1, 9],
			"faces": {
				"north": {"uv": [0, 0, 2, 6], "texture": "#0"},
				"east": {"uv": [0, 0, 2, 6], "texture": "#0"},
				"south": {"uv": [0, 0, 2, 6], "texture": "#0"},
				"west": {"uv": [0, 0, 2, 6], "texture": "#0"},
				"up": {"uv": [0, 0, 2, 2], "texture": "#0"},
				"down": {"uv": [0, 0, 2, 2], "texture": "#0"}
			}
		},
		{
			"from": [6.75, -10.25, 6.75],
			"to": [7.25, -9.25, 7.25],
			"faces": {
				"north": {"uv": [0, 0, 0.5, 1], "texture": "#0"},
				"east": {"uv": [0, 0, 0.5, 1], "texture": "#0"},
				"south": {"uv": [0, 0, 0.5, 1], "texture": "#0"},
				"west": {"uv": [0, 0, 0.5, 1], "texture": "#0"},
				"up": {"uv": [0, 0, 0.5, 0.5], "texture": "#0"},
				"down": {"uv": [0, 0, 0.5, 0.5], "texture": "#0"}
			}
		},
		{
			"from": [8.75, -10.25, 6.75],
			"to": [9.25, -9.25, 7.25],
			"faces": {
				"north": {"uv": [0, 0, 0.5, 1], "texture": "#0"},
				"east": {"uv": [0, 0, 0.5, 1], "texture": "#0"},
				"south": {"uv": [0, 0, 0.5, 1], "texture": "#0"},
				"west": {"uv": [0, 0, 0.5, 1], "texture": "#0"},
				"up": {"uv": [0, 0, 0.5, 0.5], "texture": "#0"},
				"down": {"uv": [0, 0, 0.5, 0.5], "texture": "#0"}
			}
		},
		{
			"from": [8.75, -10.25, 8.75],
			"to": [9.25, -9.25, 9.25],
			"faces": {
				"north": {"uv": [0, 0, 0.5, 1], "texture": "#0"},
				"east": {"uv": [0, 0, 0.5, 1], "texture": "#0"},
				"south": {"uv": [0, 0, 0.5, 1], "texture": "#0"},
				"west": {"uv": [0, 0, 0.5, 1], "texture": "#0"},
				"up": {"uv": [0, 0, 0.5, 0.5], "texture": "#0"},
				"down": {"uv": [0, 0, 0.5, 0.5], "texture": "#0"}
			}
		},
		{
			"from": [6.75, -10.25, 8.75],
			"to": [7.25, -9.25, 9.25],
			"faces": {
				"north": {"uv": [0, 0, 0.5, 1], "texture": "#0"},
				"east": {"uv": [0, 0, 0.5, 1], "texture": "#0"},
				"south": {"uv": [0, 0, 0.5, 1], "texture": "#0"},
				"west": {"uv": [0, 0, 0.5, 1], "texture": "#0"},
				"up": {"uv": [0, 0, 0.5, 0.5], "texture": "#0"},
				"down": {"uv": [0, 0, 0.5, 0.5], "texture": "#0"}
			}
		},
		{
			"from": [6.5, -9.25, 6.5],
			"to": [7, -7.75, 7],
			"faces": {
				"north": {"uv": [0, 0, 0.5, 1.5], "texture": "#0"},
				"east": {"uv": [0, 0, 0.5, 1.5], "texture": "#0"},
				"south": {"uv": [0, 0, 0.5, 1.5], "texture": "#0"},
				"west": {"uv": [0, 0, 0.5, 1.5], "texture": "#0"},
				"up": {"uv": [0, 0, 0.5, 0.5], "texture": "#0"},
				"down": {"uv": [0, 0, 0.5, 0.5], "texture": "#0"}
			}
		},
		{
			"from": [6.5, -9.25, 9],
			"to": [7, -7.75, 9.5],
			"faces": {
				"north": {"uv": [0, 0, 0.5, 1.5], "texture": "#0"},
				"east": {"uv": [0, 0, 0.5, 1.5], "texture": "#0"},
				"south": {"uv": [0, 0, 0.5, 1.5], "texture": "#0"},
				"west": {"uv": [0, 0, 0.5, 1.5], "texture": "#0"},
				"up": {"uv": [0, 0, 0.5, 0.5], "texture": "#0"},
				"down": {"uv": [0, 0, 0.5, 0.5], "texture": "#0"}
			}
		},
		{
			"from": [9, -9.25, 9],
			"to": [9.5, -7.75, 9.5],
			"faces": {
				"north": {"uv": [0, 0, 0.5, 1.5], "texture": "#0"},
				"east": {"uv": [0, 0, 0.5, 1.5], "texture": "#0"},
				"south": {"uv": [0, 0, 0.5, 1.5], "texture": "#0"},
				"west": {"uv": [0, 0, 0.5, 1.5], "texture": "#0"},
				"up": {"uv": [0, 0, 0.5, 0.5], "texture": "#0"},
				"down": {"uv": [0, 0, 0.5, 0.5], "texture": "#0"}
			}
		},
		{
			"from": [9, -9.25, 6.5],
			"to": [9.5, -7.75, 7],
			"faces": {
				"north": {"uv": [0, 0, 0.5, 1.5], "texture": "#0"},
				"east": {"uv": [0, 0, 0.5, 1.5], "texture": "#0"},
				"south": {"uv": [0, 0, 0.5, 1.5], "texture": "#0"},
				"west": {"uv": [0, 0, 0.5, 1.5], "texture": "#0"},
				"up": {"uv": [0, 0, 0.5, 0.5], "texture": "#0"},
				"down": {"uv": [0, 0, 0.5, 0.5], "texture": "#0"}
			}
		},
		{
			"from": [8.75, -7.75, 8.75],
			"to": [9.25, -6.75, 9.25],
			"faces": {
				"north": {"uv": [0, 0, 0.5, 1], "texture": "#0"},
				"east": {"uv": [0, 0, 0.5, 1], "texture": "#0"},
				"south": {"uv": [0, 0, 0.5, 1], "texture": "#0"},
				"west": {"uv": [0, 0, 0.5, 1], "texture": "#0"},
				"up": {"uv": [0, 0, 0.5, 0.5], "texture": "#0"},
				"down": {"uv": [0, 0, 0.5, 0.5], "texture": "#0"}
			}
		},
		{
			"from": [8.75, -7.75, 6.75],
			"to": [9.25, -6.75, 7.25],
			"faces": {
				"north": {"uv": [0, 0, 0.5, 1], "texture": "#0"},
				"east": {"uv": [0, 0, 0.5, 1], "texture": "#0"},
				"south": {"uv": [0, 0, 0.5, 1], "texture": "#0"},
				"west": {"uv": [0, 0, 0.5, 1], "texture": "#0"},
				"up": {"uv": [0, 0, 0.5, 0.5], "texture": "#0"},
				"down": {"uv": [0, 0, 0.5, 0.5], "texture": "#0"}
			}
		},
		{
			"from": [6.75, -7.75, 6.75],
			"to": [7.25, -6.75, 7.25],
			"faces": {
				"north": {"uv": [0, 0, 0.5, 1], "texture": "#0"},
				"east": {"uv": [0, 0, 0.5, 1], "texture": "#0"},
				"south": {"uv": [0, 0, 0.5, 1], "texture": "#0"},
				"west": {"uv": [0, 0, 0.5, 1], "texture": "#0"},
				"up": {"uv": [0, 0, 0.5, 0.5], "texture": "#0"},
				"down": {"uv": [0, 0, 0.5, 0.5], "texture": "#0"}
			}
		},
		{
			"from": [6.75, -7.75, 8.75],
			"to": [7.25, -6.75, 9.25],
			"faces": {
				"north": {"uv": [0, 0, 0.5, 1], "texture": "#0"},
				"east": {"uv": [0, 0, 0.5, 1], "texture": "#0"},
				"south": {"uv": [0, 0, 0.5, 1], "texture": "#0"},
				"west": {"uv": [0, 0, 0.5, 1], "texture": "#0"},
				"up": {"uv": [0, 0, 0.5, 0.5], "texture": "#0"},
				"down": {"uv": [0, 0, 0.5, 0.5], "texture": "#0"}
			}
		},
		{
			"from": [7, -6, 6],
			"to": [9, -2, 7],
			"faces": {
				"north": {"uv": [0, 0, 2, 4], "texture": "#0"},
				"east": {"uv": [0, 0, 1, 4], "texture": "#0"},
				"south": {"uv": [0, 0, 2, 4], "texture": "#0"},
				"west": {"uv": [0, 0, 1, 4], "texture": "#0"},
				"up": {"uv": [0, 0, 2, 1], "texture": "#0"},
				"down": {"uv": [0, 0, 2, 1], "texture": "#0"}
			}
		},
		{
			"from": [7, -6, 9],
			"to": [9, -2, 10],
			"faces": {
				"north": {"uv": [0, 0, 2, 4], "texture": "#0"},
				"east": {"uv": [0, 0, 1, 4], "texture": "#0"},
				"south": {"uv": [0, 0, 2, 4], "texture": "#0"},
				"west": {"uv": [0, 0, 1, 4], "texture": "#0"},
				"up": {"uv": [0, 0, 2, 1], "texture": "#0"},
				"down": {"uv": [0, 0, 2, 1], "texture": "#0"}
			}
		},
		{
			"from": [9, -6, 7],
			"to": [10, -2, 9],
			"rotation": {"angle": 0, "axis": "y", "origin": [8, 14, 8]},
			"faces": {
				"north": {"uv": [0, 0, 1, 4], "texture": "#0"},
				"east": {"uv": [0, 0, 2, 4], "texture": "#0"},
				"south": {"uv": [0, 0, 1, 4], "texture": "#0"},
				"west": {"uv": [0, 0, 2, 4], "texture": "#0"},
				"up": {"uv": [0, 0, 2, 1], "rotation": 270, "texture": "#0"},
				"down": {"uv": [0, 0, 2, 1], "rotation": 90, "texture": "#0"}
			}
		},
		{
			"from": [6, -9, 6],
			"to": [10, -9, 10],
			"faces": {
				"north": {"uv": [0, 0, 4, 0], "texture": "#3"},
				"east": {"uv": [0, 0, 4, 0], "texture": "#3"},
				"south": {"uv": [0, 0, 4, 0], "texture": "#3"},
				"west": {"uv": [0, 0, 4, 0], "texture": "#3"},
				"up": {"uv": [0, 0, 16, 16], "texture": "#3"},
				"down": {"uv": [0, 16, 16, 0], "texture": "#3"}
			}
		},
		{
			"from": [6, -8, 6],
			"to": [10, -8, 10],
			"faces": {
				"north": {"uv": [0, 0, 4, 0], "texture": "#3"},
				"east": {"uv": [0, 0, 4, 0], "texture": "#3"},
				"south": {"uv": [0, 0, 4, 0], "texture": "#3"},
				"west": {"uv": [0, 0, 4, 0], "texture": "#3"},
				"up": {"uv": [16, 16, 0, 0], "texture": "#3"},
				"down": {"uv": [16, 0, 0, 16], "texture": "#3"}
			}
		},
		{
			"from": [7.5, -9, 7.5],
			"to": [8.5, -8, 8.5],
			"faces": {
				"north": {"uv": [8, 8, 9, 9], "texture": "#4"},
				"east": {"uv": [8, 8, 9, 9], "texture": "#4"},
				"south": {"uv": [8, 8, 9, 9], "texture": "#4"},
				"west": {"uv": [8, 8, 9, 9], "texture": "#4"},
				"up": {"uv": [8, 8, 9, 9], "texture": "#4"},
				"down": {"uv": [8, 8, 9, 9], "texture": "#4"}
			}
		},
		{
			"from": [7.25, -0.75, 7.25],
			"to": [8.75, 0.75, 8.75],
			"faces": {
				"north": {"uv": [0, 0, 1.5, 1.5], "texture": "#5"},
				"east": {"uv": [0, 0, 1.5, 1.5], "texture": "#5"},
				"south": {"uv": [0, 0, 1.5, 1.5], "texture": "#5"},
				"west": {"uv": [0, 0, 1.5, 1.5], "texture": "#5"},
				"up": {"uv": [0, 0, 1.5, 1.5], "texture": "#5"},
				"down": {"uv": [0, 0, 1.5, 1.5], "texture": "#5"}
			}
		},
		{
			"from": [7.5, 1.5, 10.5],
			"to": [8.5, 5, 11.5],
			"faces": {
				"north": {"uv": [0, 0, 2, 9.5], "texture": "#8"},
				"east": {"uv": [0, 0, 2, 9.5], "texture": "#8"},
				"south": {"uv": [0, 0, 2, 9.5], "texture": "#8"},
				"west": {"uv": [0, 0, 2, 9.5], "texture": "#8"},
				"up": {"uv": [0, 0, 1, 1], "texture": "#8"},
				"down": {"uv": [0, 0, 1, 1], "texture": "#8"}
			}
		},
		{
			"from": [7.5, 5, 10],
			"to": [8.5, 8.5, 11.5],
			"faces": {
				"north": {"uv": [0, 0, 2, 9.5], "texture": "#8"},
				"east": {"uv": [0, 0, 2.5, 9.5], "texture": "#8"},
				"south": {"uv": [0, 0, 2, 9.5], "texture": "#8"},
				"west": {"uv": [0, 0, 2.5, 9.5], "texture": "#8"},
				"up": {"uv": [0, 0, 1, 1.5], "texture": "#8"},
				"down": {"uv": [0, 0, 1, 1.5], "texture": "#8"}
			}
		},
		{
			"from": [8, 0.5, 11.5],
			"to": [8, 9.5, 20.5],
			"faces": {
				"north": {"uv": [0, 0, 0, 9], "texture": "#6"},
				"east": {"uv": [16, 0, 0, 16], "texture": "#6"},
				"south": {"uv": [0, 0, 0, 9], "texture": "#6"},
				"west": {"uv": [0, 0, 16, 16], "texture": "#6"},
				"up": {"uv": [0, 0, 0, 9], "texture": "#6"},
				"down": {"uv": [0, 0, 0, 9], "texture": "#6"}
			}
		}
	],
	"display": {
		"thirdperson_righthand": {
			"translation": [0, 7.5, 1.5],
			"scale": [0.5, 0.5, 0.5]
		},
		"thirdperson_lefthand": {
			"translation": [0, 7.5, 1.5],
			"scale": [0.5, 0.5, 0.5]
		},
		"firstperson_righthand": {
			"translation": [0, 7.5, 1.5],
			"scale": [0.5, 0.5, 0.5]
		},
		"firstperson_lefthand": {
			"translation": [0, 7.5, 1.5],
			"scale": [0.5, 0.5, 0.5]
		},
		"ground": {
			"translation": [0, 14.5, 0],
			"scale": [0.75, 0.75, 0.75]
		},
		"gui": {
			"rotation": [-90, -45, -90],
			"translation": [0.25, 0.25, 0],
			"scale": [0.45, 0.45, 0.45]
		},
		"head": {
			"rotation": [-90, -30, 90],
			"translation": [0, -22, 4.25],
			"scale": [0.75, 0.75, 0.75]
		},
		"fixed": {
			"rotation": [-90, 45, 90],
			"scale": [0.75, 0.75, 0.75]
		}
	},
	"groups": [
		{
			"name": "tip",
			"origin": [0, 0, 0],
			"color": 0,
			"children": [
				0,
				1,
				2,
				3,
				4,
				5,
				6,
				7,
				8,
				9,
				10,
				11,
				12,
				13,
				14,
				15,
				16,
				17,
				18,
				19,
				20,
				21,
				22,
				23,
				24,
				25,
				{
					"name": "shaft",
					"origin": [0, 0, 0],
					"color": 0,
					"children": [26, 27, 28, 29, 30]
				},
				31,
				32,
				33,
				34,
				35,
				36,
				37,
				38,
				39,
				40,
				41,
				42,
				43,
				44,
				45,
				46
			]
		},
		{
			"name": "pole",
			"origin": [8, 14, 8],
			"color": 0,
			"children": [47, 48, 49, 50, 51, 52, 53, 54, 55, 56, 57, 58, 59, 60, 61, 62, 63, 64]
		},
		{
			"name": "spinny_things",
			"origin": [0, 0, 0],
			"color": 0,
			"children": [65, 66]
		},
		67,
		68,
		69,
		70,
		71
	]
}