{
	"credit": "Made with Blockbench",
	"textures": {
		"0": "dark_stone",
		"1": "shimmering_rock",
		"2": "light_rune",
		"particle": "dark_stone"
	},
	"elements": [
		{
			"from": [6.5, 4, 6.75],
			"to": [9.5, 7, 9.25],
			"rotation": {"angle": -45, "axis": "z", "origin": [8, 5.5, 1]},
			"faces": {
				"north": {"uv": [0, 0, 16, 16], "texture": "#1"},
				"east": {"uv": [0, 0, 16, 1], "texture": "#1"},
				"south": {"uv": [0, 0, 16, 16], "texture": "#1"},
				"west": {"uv": [0, 0, 16, 1], "texture": "#1"},
				"up": {"uv": [0, 0, 16, 1], "texture": "#1"},
				"down": {"uv": [0, 0, 16, 1], "texture": "#1"}
			}
		},
		{
			"from": [9, 1, 7],
			"to": [10, 9, 9],
			"rotation": {"angle": -22.5, "axis": "z", "origin": [8, 4, 8]},
			"faces": {
				"north": {"uv": [0, 0, 3.28571, 15], "texture": "#0"},
				"east": {"uv": [0, 0, 6.57143, 15], "texture": "#0"},
				"south": {"uv": [0, 0, 3.28571, 15], "texture": "#0"},
				"west": {"uv": [0, 0, 6.57143, 15], "texture": "#0"},
				"up": {"uv": [0, 0, 3.28571, 3.75], "texture": "#0"},
				"down": {"uv": [0, 0, 3.28571, 3.75], "texture": "#0"}
			}
		},
		{
			"from": [6, 1, 7],
			"to": [7, 9, 9],
			"rotation": {"angle": 22.5, "axis": "z", "origin": [8, 4, 8]},
			"faces": {
				"north": {"uv": [0, 0, 3.28571, 15], "texture": "#0"},
				"east": {"uv": [0, 0, 6.57143, 15], "texture": "#0"},
				"south": {"uv": [0, 0, 3.28571, 15], "texture": "#0"},
				"west": {"uv": [0, 0, 6.57143, 15], "texture": "#0"},
				"up": {"uv": [0, 0, 3.28571, 3.75], "texture": "#0"},
				"down": {"uv": [0, 0, 3.28571, 3.75], "texture": "#0"}
			}
		},
		{
			"from": [7, 1.25, 7.25],
			"to": [9, 8.5, 8.75],
			"rotation": {"angle": 0, "axis": "z", "origin": [6.69344, 8.5412, 8]},
			"faces": {
				"north": {"uv": [0, 0, 6.57143, 13.59375], "texture": "#0"},
				"east": {"uv": [0, 0, 4.92857, 13.59375], "texture": "#0"},
				"south": {"uv": [0, 0, 6.57143, 13.59375], "texture": "#0"},
				"west": {"uv": [0, 0, 4.92857, 13.59375], "texture": "#0"},
				"up": {"uv": [0, 0, 6.57143, 2.8125], "texture": "#0"},
				"down": {"uv": [0, 0, 6.57143, 2.8125], "texture": "#0"}
			}
		},
		{
			"from": [6.25, 3.5, 7.5],
			"to": [9.75, 7.5, 8.5],
			"rotation": {"angle": 0, "axis": "z", "origin": [6.69344, 4.5412, 8]},
			"faces": {
				"north": {"uv": [0, 0, 11.5, 7.5], "texture": "#0"},
				"east": {"uv": [0, 0, 3.28571, 7.5], "texture": "#0"},
				"south": {"uv": [0, 0, 11.5, 7.5], "texture": "#0"},
				"west": {"uv": [0, 0, 3.28571, 7.5], "texture": "#0"},
				"up": {"uv": [0, 0, 11.5, 1.875], "texture": "#0"},
				"down": {"uv": [0, 0, 11.5, 1.875], "texture": "#0"}
			}
		},
		{
			"from": [9.75, 5.5, 7.5],
			"to": [10.75, 7.5, 8.5],
			"rotation": {"angle": 0, "axis": "z", "origin": [6.69344, 4.5412, 8]},
			"faces": {
				"north": {"uv": [0, 0, 3.28571, 3.75], "texture": "#0"},
				"east": {"uv": [0, 0, 3.28571, 3.75], "texture": "#0"},
				"south": {"uv": [0, 0, 3.28571, 3.75], "texture": "#0"},
				"west": {"uv": [0, 0, 3.28571, 3.75], "texture": "#0"},
				"up": {"uv": [0, 0, 3.28571, 1.875], "texture": "#0"},
				"down": {"uv": [0, 0, 3.28571, 1.875], "texture": "#0"}
			}
		},
		{
			"from": [5.25, 5.5, 7.5],
			"to": [6.25, 7.5, 8.5],
			"rotation": {"angle": 0, "axis": "z", "origin": [6.69344, 4.5412, 8]},
			"faces": {
				"north": {"uv": [0, 0, 3.28571, 3.75], "texture": "#0"},
				"east": {"uv": [0, 0, 3.28571, 3.75], "texture": "#0"},
				"south": {"uv": [0, 0, 3.28571, 3.75], "texture": "#0"},
				"west": {"uv": [0, 0, 3.28571, 3.75], "texture": "#0"},
				"up": {"uv": [0, 0, 3.28571, 1.875], "texture": "#0"},
				"down": {"uv": [0, 0, 3.28571, 1.875], "texture": "#0"}
			}
		},
		{
			"from": [7.25, 4.75, 9.25],
			"to": [8.75, 6.25, 9.5],
			"rotation": {"angle": 0, "axis": "z", "origin": [8, 5.5, 6.625]},
			"faces": {
				"north": {"uv": [0, 0, 16, 16], "texture": "#2"},
				"east": {"uv": [0, 0, 16, 1], "texture": "#2"},
				"south": {"uv": [0, 0, 16, 16], "texture": "#2"},
				"west": {"uv": [0, 0, 16, 1], "texture": "#2"},
				"up": {"uv": [0, 0, 16, 1], "texture": "#2"},
				"down": {"uv": [0, 0, 16, 1], "texture": "#2"}
			}
		},
		{
			"from": [7.25, 4.75, 6.5],
			"to": [8.75, 6.25, 6.75],
			"rotation": {"angle": 0, "axis": "z", "origin": [8, 5.5, 6.625]},
			"faces": {
				"north": {"uv": [0, 0, 16, 16], "texture": "#2"},
				"east": {"uv": [0, 0, 16, 1], "texture": "#2"},
				"south": {"uv": [0, 0, 16, 16], "texture": "#2"},
				"west": {"uv": [0, 0, 16, 1], "texture": "#2"},
				"up": {"uv": [0, 0, 16, 1], "texture": "#2"},
				"down": {"uv": [0, 0, 16, 1], "texture": "#2"}
			}
		}
	],
	"display": {
		"thirdperson_righthand": {
			"scale": [0.25, 0.25, 0.25]
		},
		"thirdperson_lefthand": {
			"scale": [0.25, 0.25, 0.25]
		},
		"firstperson_righthand": {
			"translation": [0, 2.25, 0],
			"scale": [0.25, 0.25, 0.25]
		},
		"firstperson_lefthand": {
			"translation": [0, 2.25, 0],
			"scale": [0.25, 0.25, 0.25]
		},
		"ground": {
			"translation": [0, 2, 0],
			"scale": [0.5, 0.5, 0.5]
		},
		"gui": {
			"rotation": [-30, -1.5, -35],
			"translation": [1.25, 2.25, 0]
		},
		"head": {
			"translation": [0, 6.5, -7.75],
			"scale": [0.5, 0.5, 0.5]
		},
		"fixed": {
			"translation": [0, 2.25, 0]
		}
	},
	"groups": [
		0,
		{
			"name": "backplate",
			"origin": [6.69344, 4.5412, 8],
			"color": 0,
			"children": [1, 2, 3, 4, 5, 6]
		},
		{
			"name": "runes",
			"origin": [8, 5.5, 6.625],
			"color": 0,
			"children": [7, 8]
		}
	]
}