{
	"credit": "Made with Blockbench",
	"textures": {
		"0": "shimmering_rock",
		"2": "dark_stone",
		"4": "adaptation_amulet",
		"particle": "shimmering_rock"
	},
	"elements": [
		{
			"from": [4, 2, 7],
			"to": [12, 4, 9],
			"rotation": {"angle": 0, "axis": "y", "origin": [0, 2, 0]},
			"faces": {
				"north": {"uv": [0, 0, 8, 2], "texture": "#2"},
				"east": {"uv": [0, 0, 2, 2], "texture": "#2"},
				"south": {"uv": [0, 0, 8, 2], "texture": "#2"},
				"west": {"uv": [0, 0, 2, 2], "texture": "#2"},
				"up": {"uv": [0, 0, 8, 2], "texture": "#2"},
				"down": {"uv": [0, 0, 8, 2], "texture": "#2"}
			}
		},
		{
			"from": [8.84149, 2.23044, 7.25],
			"to": [12.84149, 8.23044, 8.75],
			"rotation": {"angle": -22.5, "axis": "z", "origin": [11.84149, 4.23044, 8]},
			"faces": {
				"north": {"uv": [0, 0, 6, 4], "rotation": 90, "texture": "#2"},
				"east": {"uv": [0, 0, 6, 1.5], "rotation": 270, "texture": "#2"},
				"south": {"uv": [0, 0, 6, 4], "rotation": 270, "texture": "#2"},
				"west": {"uv": [0, 0, 6, 1.5], "rotation": 270, "texture": "#2"},
				"up": {"uv": [0, 0, 1.5, 4], "rotation": 270, "texture": "#2"},
				"down": {"uv": [0, 0, 1.5, 4], "rotation": 270, "texture": "#2"}
			}
		},
		{
			"from": [3.15851, 2.23044, 7.25],
			"to": [7.15851, 8.23044, 8.75],
			"rotation": {"angle": 22.5, "axis": "z", "origin": [4.15851, 4.23044, 8]},
			"faces": {
				"north": {"uv": [0, 0, 6, 4], "rotation": 270, "texture": "#2"},
				"east": {"uv": [0, 0, 6, 1.5], "rotation": 90, "texture": "#2"},
				"south": {"uv": [0, 0, 6, 4], "rotation": 90, "texture": "#2"},
				"west": {"uv": [0, 0, 6, 1.5], "rotation": 90, "texture": "#2"},
				"up": {"uv": [0, 0, 1.5, 4], "rotation": 90, "texture": "#2"},
				"down": {"uv": [0, 0, 1.5, 4], "rotation": 90, "texture": "#2"}
			}
		},
		{
			"from": [6, 4, 7.5],
			"to": [10, 6, 8.5],
			"rotation": {"angle": 0, "axis": "y", "origin": [0, 2, 0]},
			"faces": {
				"north": {"uv": [0, 0, 4, 2], "texture": "#2"},
				"east": {"uv": [0, 0, 1, 2], "texture": "#2"},
				"south": {"uv": [0, 0, 4, 2], "texture": "#2"},
				"west": {"uv": [0, 0, 1, 2], "texture": "#2"},
				"up": {"uv": [0, 0, 4, 1], "texture": "#2"},
				"down": {"uv": [0, 0, 4, 1], "texture": "#2"}
			}
		},
		{
			"from": [11, 8.5, 7.25],
			"to": [14, 10.5, 8.75],
			"rotation": {"angle": 0, "axis": "y", "origin": [0, 2, 0]},
			"faces": {
				"north": {"uv": [0, 0, 3, 2], "texture": "#2"},
				"east": {"uv": [0, 0, 1.5, 2], "texture": "#2"},
				"south": {"uv": [0, 0, 3, 2], "texture": "#2"},
				"west": {"uv": [0, 0, 1.5, 2], "texture": "#2"},
				"up": {"uv": [0, 0, 3, 1.5], "texture": "#2"},
				"down": {"uv": [0, 0, 3, 1.5], "texture": "#2"}
			}
		},
		{
			"from": [10, 8, 7],
			"to": [12, 10, 9],
			"rotation": {"angle": 45, "axis": "z", "origin": [11, 9, 8]},
			"faces": {
				"north": {"uv": [5, 4, 7, 6], "texture": "#2"},
				"east": {"uv": [4, 10, 6, 12], "texture": "#2"},
				"south": {"uv": [13, 6, 15, 8], "texture": "#2"},
				"west": {"uv": [9, 8, 11, 10], "texture": "#2"},
				"up": {"uv": [1, 2, 3, 4], "texture": "#2"},
				"down": {"uv": [9, 7, 11, 9], "texture": "#2"}
			}
		},
		{
			"from": [4, 8, 7],
			"to": [6, 10, 9],
			"rotation": {"angle": 45, "axis": "z", "origin": [5, 9, 8]},
			"faces": {
				"north": {"uv": [7, 5, 9, 7], "rotation": 270, "texture": "#2"},
				"east": {"uv": [8, 11, 10, 13], "rotation": 90, "texture": "#2"},
				"south": {"uv": [6, 1, 8, 3], "rotation": 90, "texture": "#2"},
				"west": {"uv": [4, 2, 6, 4], "rotation": 90, "texture": "#2"},
				"up": {"uv": [2, 7, 4, 9], "rotation": 90, "texture": "#2"},
				"down": {"uv": [3, 5, 5, 7], "rotation": 90, "texture": "#2"}
			}
		},
		{
			"from": [2, 8.5, 7.25],
			"to": [5, 10.5, 8.75],
			"rotation": {"angle": 0, "axis": "y", "origin": [0, 2, 0]},
			"faces": {
				"north": {"uv": [0, 0, 3, 2], "texture": "#2"},
				"east": {"uv": [0, 0, 1.5, 2], "texture": "#2"},
				"south": {"uv": [0, 0, 3, 2], "texture": "#2"},
				"west": {"uv": [0, 0, 1.5, 2], "texture": "#2"},
				"up": {"uv": [0, 0, 3, 1.5], "texture": "#2"},
				"down": {"uv": [0, 0, 3, 1.5], "texture": "#2"}
			}
		},
		{
			"from": [4, 7.5, 7.5],
			"to": [7, 13.5, 8.5],
			"rotation": {"angle": -45, "axis": "z", "origin": [3.5, 12, 8]},
			"faces": {
				"north": {"uv": [0, 0, 3, 6], "texture": "#2"},
				"east": {"uv": [0, 0, 1, 6], "texture": "#2"},
				"south": {"uv": [0, 0, 3, 6], "texture": "#2"},
				"west": {"uv": [0, 0, 1, 6], "texture": "#2"},
				"up": {"uv": [0, 0, 3, 1], "texture": "#2"},
				"down": {"uv": [0, 0, 3, 1], "texture": "#2"}
			}
		},
		{
			"from": [9, 7.5, 7.5],
			"to": [12, 13.5, 8.5],
			"rotation": {"angle": 45, "axis": "z", "origin": [12.5, 12, 8]},
			"faces": {
				"north": {"uv": [0, 0, 3, 6], "texture": "#2"},
				"east": {"uv": [0, 0, 1, 6], "texture": "#2"},
				"south": {"uv": [0, 0, 3, 6], "texture": "#2"},
				"west": {"uv": [0, 0, 1, 6], "texture": "#2"},
				"up": {"uv": [0, 0, 3, 1], "texture": "#2"},
				"down": {"uv": [0, 0, 3, 1], "texture": "#2"}
			}
		},
		{
			"from": [8.5, 12, 7],
			"to": [11, 13, 9],
			"rotation": {"angle": 0, "axis": "y", "origin": [0, 2, 0]},
			"faces": {
				"north": {"uv": [0, 0, 2.5, 1], "texture": "#2"},
				"east": {"uv": [0, 0, 2, 1], "texture": "#2"},
				"south": {"uv": [0, 0, 2.5, 1], "texture": "#2"},
				"west": {"uv": [0, 0, 2, 1], "texture": "#2"},
				"up": {"uv": [0, 0, 2.5, 2], "texture": "#2"},
				"down": {"uv": [0, 0, 2.5, 2], "texture": "#2"}
			}
		},
		{
			"from": [5, 12, 7],
			"to": [7.5, 13, 9],
			"rotation": {"angle": 0, "axis": "y", "origin": [0, 2, 0]},
			"faces": {
				"north": {"uv": [0, 0, 2.5, 1], "texture": "#2"},
				"east": {"uv": [0, 0, 2, 1], "texture": "#2"},
				"south": {"uv": [0, 0, 2.5, 1], "texture": "#2"},
				"west": {"uv": [0, 0, 2, 1], "texture": "#2"},
				"up": {"uv": [0, 0, 2.5, 2], "texture": "#2"},
				"down": {"uv": [0, 0, 2.5, 2], "texture": "#2"}
			}
		},
		{
			"from": [4, 10.5, 7.25],
			"to": [12, 12, 8.75],
			"rotation": {"angle": 0, "axis": "y", "origin": [0, 2, 0]},
			"faces": {
				"north": {"uv": [0, 0, 8, 1.5], "texture": "#2"},
				"east": {"uv": [0, 0, 1.5, 1.5], "texture": "#2"},
				"south": {"uv": [0, 0, 8, 1.5], "texture": "#2"},
				"west": {"uv": [0, 0, 1.5, 1.5], "texture": "#2"},
				"up": {"uv": [0, 0, 8, 1.5], "texture": "#2"},
				"down": {"uv": [0, 0, 8, 1.5], "texture": "#2"}
			}
		},
		{
			"from": [7, 6, 6.75],
			"to": [9, 8, 9.25],
			"rotation": {"angle": 45, "axis": "z", "origin": [8, 7, 9]},
			"faces": {
				"north": {"uv": [0, 0, 16, 16], "texture": "#0"},
				"east": {"uv": [0, 0, 16, 16], "texture": "#0"},
				"south": {"uv": [0, 0, 16, 16], "texture": "#0"},
				"west": {"uv": [0, 0, 16, 16], "texture": "#0"},
				"up": {"uv": [0, 0, 16, 16], "texture": "#0"},
				"down": {"uv": [0, 0, 16, 16], "texture": "#0"}
			}
		},
		{
			"from": [7.5, 6.5, 6.5],
			"to": [8.5, 7.5, 6.75],
			"rotation": {"angle": 0, "axis": "y", "origin": [0, 6, 0]},
			"faces": {
				"north": {"uv": [0, 0, 16, 16], "texture": "#4"},
				"east": {"uv": [0, 0, 0.25, 1.5], "texture": "#4"},
				"south": {"uv": [0, 0, 16, 16], "texture": "#4"},
				"west": {"uv": [0, 0, 0.25, 1.5], "texture": "#4"},
				"up": {"uv": [0, 0, 1.5, 0.25], "texture": "#4"},
				"down": {"uv": [0, 0, 1.5, 0.25], "texture": "#4"}
			}
		},
		{
			"from": [7.5, 6.5, 9.25],
			"to": [8.5, 7.5, 9.5],
			"rotation": {"angle": 0, "axis": "y", "origin": [0, 6, 0]},
			"faces": {
				"north": {"uv": [0, 0, 16, 16], "texture": "#4"},
				"east": {"uv": [0, 0, 0.25, 1.5], "texture": "#4"},
				"south": {"uv": [0, 0, 16, 16], "texture": "#4"},
				"west": {"uv": [0, 0, 0.25, 1.5], "texture": "#4"},
				"up": {"uv": [0, 0, 1.5, 0.25], "texture": "#4"},
				"down": {"uv": [0, 0, 1.5, 0.25], "texture": "#4"}
			}
		}
	],
	"display": {
		"thirdperson_righthand": {
			"translation": [0, 0, -0.75],
			"scale": [0.25, 0.25, 0.25]
		},
		"thirdperson_lefthand": {
			"translation": [0, 0, -0.75],
			"scale": [0.25, 0.25, 0.25]
		},
		"firstperson_righthand": {
			"translation": [0, 1.5, -0.75],
			"scale": [0.25, 0.25, 0.25]
		},
		"firstperson_lefthand": {
			"translation": [0, 1.5, -0.75],
			"scale": [0.25, 0.25, 0.25]
		},
		"ground": {
			"translation": [0, 0, -0.75],
			"scale": [0.25, 0.25, 0.25]
		},
		"head": {
			"translation": [0, 5.5, -7.5],
			"scale": [0.25, 0.25, 0.25]
		},
		"fixed": {
			"translation": [0, 0, -0.75]
		}
	},
	"groups": [
		{
			"name": "backplate",
			"origin": [0, 0, 0],
			"color": 0,
			"children": [0, 1, 2, 3, 4, 5, 6, 7, 8, 9, 10, 11, 12]
		},
		{
			"name": "star",
			"origin": [0, 0, 0],
			"color": 0,
			"children": []
		},
		13,
		14,
		15
	]
}