{
	"credit": "Made with Blockbench",
	"textures": {
		"1": "wood",
		"particle": "wood"
	},
	"elements": [
		{
			"from": [7, 0, 7],
			"to": [9, 5, 9],
			"faces": {
				"north": {"uv": [5, 5, 7, 10], "texture": "#1"},
				"east": {"uv": [5, 1, 7, 6], "texture": "#1"},
				"south": {"uv": [1, 6, 3, 11], "texture": "#1"},
				"west": {"uv": [8, 6, 10, 11], "texture": "#1"},
				"up": {"uv": [2, 7, 4, 9], "texture": "#1"},
				"down": {"uv": [2, 2, 4, 4], "texture": "#1"}
			}
		},
		{
			"from": [7, 5, 8],
			"to": [9, 10, 10],
			"faces": {
				"north": {"uv": [5, 5, 7, 10], "texture": "#1"},
				"east": {"uv": [5, 1, 7, 6], "texture": "#1"},
				"south": {"uv": [1, 6, 3, 11], "texture": "#1"},
				"west": {"uv": [8, 6, 10, 11], "texture": "#1"},
				"up": {"uv": [2, 7, 4, 9], "texture": "#1"},
				"down": {"uv": [2, 2, 4, 4], "texture": "#1"}
			}
		},
		{
			"from": [6, 10, 7],
			"to": [8, 15, 9],
			"faces": {
				"north": {"uv": [5, 5, 7, 10], "texture": "#1"},
				"east": {"uv": [5, 1, 7, 6], "texture": "#1"},
				"south": {"uv": [1, 6, 3, 11], "texture": "#1"},
				"west": {"uv": [8, 6, 10, 11], "texture": "#1"},
				"up": {"uv": [2, 7, 4, 9], "texture": "#1"},
				"down": {"uv": [2, 2, 4, 4], "texture": "#1"}
			}
		},
		{
			"from": [5, 15, 8],
			"to": [7, 20, 10],
			"faces": {
				"north": {"uv": [5, 5, 7, 10], "texture": "#1"},
				"east": {"uv": [5, 1, 7, 6], "texture": "#1"},
				"south": {"uv": [1, 6, 3, 11], "texture": "#1"},
				"west": {"uv": [8, 6, 10, 11], "texture": "#1"},
				"up": {"uv": [2, 7, 4, 9], "texture": "#1"},
				"down": {"uv": [2, 2, 4, 4], "texture": "#1"}
			}
		},
		{
			"from": [5, 14, 8],
			"to": [6, 15, 9],
			"rotation": {"angle": 0, "axis": "y", "origin": [5, 14, 1]},
			"faces": {
				"north": {"uv": [5, 5, 6, 6], "texture": "#1"},
				"east": {"uv": [5, 1, 6, 2], "texture": "#1"},
				"south": {"uv": [1, 6, 2, 7], "texture": "#1"},
				"west": {"uv": [8, 6, 9, 7], "texture": "#1"},
				"up": {"uv": [2, 7, 3, 8], "texture": "#1"},
				"down": {"uv": [2, 2, 3, 3], "texture": "#1"}
			}
		},
		{
			"from": [5, 20, 8],
			"to": [6, 21, 10],
			"faces": {
				"north": {"uv": [5, 5, 6, 6], "texture": "#1"},
				"east": {"uv": [5, 1, 7, 2], "texture": "#1"},
				"south": {"uv": [1, 6, 2, 7], "texture": "#1"},
				"west": {"uv": [8, 6, 10, 7], "texture": "#1"},
				"up": {"uv": [2, 7, 3, 9], "texture": "#1"},
				"down": {"uv": [2, 2, 3, 4], "texture": "#1"}
			}
		},
		{
			"from": [8, 9, 7],
			"to": [9, 13, 8],
			"faces": {
				"north": {"uv": [5, 5, 6, 9], "texture": "#1"},
				"east": {"uv": [5, 1, 6, 5], "texture": "#1"},
				"south": {"uv": [1, 6, 2, 10], "texture": "#1"},
				"west": {"uv": [8, 6, 9, 10], "texture": "#1"},
				"up": {"uv": [2, 7, 3, 8], "texture": "#1"},
				"down": {"uv": [2, 2, 3, 3], "texture": "#1"}
			}
		},
		{
			"from": [6, 4, 8],
			"to": [7, 8, 9],
			"rotation": {"angle": 0, "axis": "z", "origin": [6.5, 6, 8.5]},
			"faces": {
				"north": {"uv": [5, 5, 6, 9], "texture": "#1"},
				"east": {"uv": [5, 1, 6, 5], "texture": "#1"},
				"south": {"uv": [1, 6, 2, 10], "texture": "#1"},
				"west": {"uv": [8, 6, 9, 10], "texture": "#1"},
				"up": {"uv": [2, 7, 3, 8], "texture": "#1"},
				"down": {"uv": [2, 2, 3, 3], "texture": "#1"}
			}
		},
		{
			"from": [7, -2, 6],
			"to": [8, 2, 7],
			"faces": {
				"north": {"uv": [5, 5, 6, 9], "texture": "#1"},
				"east": {"uv": [5, 1, 6, 5], "texture": "#1"},
				"south": {"uv": [1, 6, 2, 10], "texture": "#1"},
				"west": {"uv": [8, 6, 9, 10], "texture": "#1"},
				"up": {"uv": [2, 7, 3, 8], "texture": "#1"},
				"down": {"uv": [2, 2, 3, 3], "texture": "#1"}
			}
		},
		{
			"from": [6, 5, 7],
			"to": [8, 6, 8],
			"faces": {
				"north": {"uv": [5, 5, 7, 6], "texture": "#1"},
				"east": {"uv": [5, 1, 6, 2], "texture": "#1"},
				"south": {"uv": [1, 6, 3, 7], "texture": "#1"},
				"west": {"uv": [8, 6, 9, 7], "texture": "#1"},
				"up": {"uv": [2, 7, 4, 8], "texture": "#1"},
				"down": {"uv": [2, 2, 4, 3], "texture": "#1"}
			}
		},
		{
			"from": [6, -10, 6],
			"to": [8, -5, 8],
			"faces": {
				"north": {"uv": [5, 5, 7, 10], "texture": "#1"},
				"east": {"uv": [5, 1, 7, 6], "texture": "#1"},
				"south": {"uv": [1, 6, 3, 11], "texture": "#1"},
				"west": {"uv": [8, 6, 10, 11], "texture": "#1"},
				"up": {"uv": [2, 7, 4, 9], "texture": "#1"},
				"down": {"uv": [2, 2, 4, 4], "texture": "#1"}
			}
		},
		{
			"from": [6, -5, 7],
			"to": [8, 0, 9],
			"faces": {
				"north": {"uv": [5, 5, 7, 10], "texture": "#1"},
				"east": {"uv": [5, 1, 7, 6], "texture": "#1"},
				"south": {"uv": [1, 6, 3, 11], "texture": "#1"},
				"west": {"uv": [8, 6, 10, 11], "texture": "#1"},
				"up": {"uv": [2, 7, 4, 9], "texture": "#1"},
				"down": {"uv": [2, 2, 4, 4], "texture": "#1"}
			}
		},
		{
			"from": [5, -6, 7],
			"to": [6, -2, 8],
			"faces": {
				"north": {"uv": [5, 5, 6, 9], "texture": "#1"},
				"east": {"uv": [5, 1, 6, 5], "texture": "#1"},
				"south": {"uv": [1, 6, 2, 10], "texture": "#1"},
				"west": {"uv": [8, 6, 9, 10], "texture": "#1"},
				"up": {"uv": [2, 7, 3, 8], "texture": "#1"},
				"down": {"uv": [2, 2, 3, 3], "texture": "#1"}
			}
		},
		{
			"from": [5, -5, 6],
			"to": [7, -4, 7],
			"faces": {
				"north": {"uv": [5, 5, 7, 6], "texture": "#1"},
				"east": {"uv": [5, 1, 6, 2], "texture": "#1"},
				"south": {"uv": [1, 6, 3, 7], "texture": "#1"},
				"west": {"uv": [8, 6, 9, 7], "texture": "#1"},
				"up": {"uv": [2, 7, 4, 8], "texture": "#1"},
				"down": {"uv": [2, 2, 4, 3], "texture": "#1"}
			}
		},
		{
			"from": [7, 24, 9],
			"to": [8, 25, 10],
			"faces": {
				"north": {"uv": [5, 5, 6, 6], "texture": "#1"},
				"east": {"uv": [5, 1, 6, 2], "texture": "#1"},
				"south": {"uv": [1, 6, 2, 7], "texture": "#1"},
				"west": {"uv": [8, 6, 9, 7], "texture": "#1"},
				"up": {"uv": [2, 7, 3, 8], "texture": "#1"},
				"down": {"uv": [2, 2, 3, 3], "texture": "#1"}
			}
		},
		{
			"from": [6, 20, 7],
			"to": [8, 25, 9],
			"faces": {
				"north": {"uv": [5, 5, 7, 10], "texture": "#1"},
				"east": {"uv": [5, 1, 7, 6], "texture": "#1"},
				"south": {"uv": [1, 6, 3, 11], "texture": "#1"},
				"west": {"uv": [8, 6, 10, 11], "texture": "#1"},
				"up": {"uv": [2, 7, 4, 9], "texture": "#1"},
				"down": {"uv": [2, 2, 4, 4], "texture": "#1"}
			}
		}
	],
	"display": {
		"thirdperson_righthand": {
			"rotation": [0, 90, 0],
			"translation": [-0.5, -2.5, 0.75]
		},
		"thirdperson_lefthand": {
			"rotation": [0, -90, 0],
			"translation": [-0.5, -2.5, 0.75]
		},
		"firstperson_righthand": {
			"rotation": [-15, 0, 0],
			"translation": [2.5, 1, 0],
			"scale": [0.75, 0.75, 0.75]
		},
		"firstperson_lefthand": {
			"rotation": [-15, 0, 0],
			"translation": [2.5, 1, 0],
			"scale": [0.75, 0.75, 0.75]
		},
		"ground": {
			"translation": [0, 15, 0]
		},
		"gui": {
			"rotation": [45, 0, -45],
			"scale": [0.5, 0.5, 0.5]
		},
		"head": {
			"rotation": [0, 0, -40],
			"translation": [1.25, -18, 5.25],
			"scale": [1.5, 1.5, 1.5]
		},
		"fixed": {
			"rotation": [0, 0, 45.5],
			"translation": [0, 0, -3.25],
			"scale": [0.75, 0.75, 0.75]
		}
	},
	"groups": [
		{
			"name": "staff_main",
			"origin": [0, 0, 0],
			"color": 0,
			"children": [0, 1, 2, 3, 4, 5, 6, 7, 8, 9, 10, 11, 12, 13, 14, 15]
		},
		{
			"name": "core",
			"origin": [7.5, 27, 8],
			"color": 0,
			"children": []
		}
	]
}