{
	"credit": "Made with Blockbench",
	"textures": {
		"0": "wood",
		"1": "dark_stone",
		"2": "musket_detail",
		"3": "iron",
		"4": "fire",
		"particle": "wood"
	},
	"elements": [
		{
			"name": "trigger",
			"from": [8, 8.90564, 10.32272],
			"to": [8.5, 10.65564, 11.32272],
			"rotation": {"angle": -22.5, "axis": "x", "origin": [8.25, 10.89586, 10.90197]},
			"faces": {
				"north": {"uv": [0, 0, 5.5, 10.75], "texture": "#3"},
				"east": {"uv": [0, 0, 6, 10.75], "texture": "#3"},
				"south": {"uv": [0, 0, 5.5, 10.75], "texture": "#3"},
				"west": {"uv": [0, 0, 6, 10.75], "texture": "#3"},
				"up": {"uv": [0, 0, 5.5, 10], "texture": "#3"},
				"down": {"uv": [0, 0, 5.5, 10], "texture": "#3"}
			}
		},
		{
			"from": [7.25, 11.25, -2.75],
			"to": [8.75, 12.75, -1.25],
			"faces": {
				"north": {"uv": [14.5, 14.5, 16, 16], "texture": "#2"},
				"east": {"uv": [14.5, 14.5, 16, 16], "texture": "#2"},
				"south": {"uv": [14.5, 14.5, 16, 16], "texture": "#2"},
				"west": {"uv": [14.5, 14.5, 16, 16], "texture": "#2"},
				"up": {"uv": [14.5, 14.5, 16, 16], "texture": "#2"},
				"down": {"uv": [14.5, 14.5, 16, 16], "texture": "#2"}
			}
		},
		{
			"from": [8.5, 11, -3],
			"to": [9, 12.5, -2],
			"rotation": {"angle": 0, "axis": "z", "origin": [8, 12, 0.75]},
			"faces": {
				"north": {"uv": [3, 3, 4.5, 3.5], "rotation": 270, "texture": "#1"},
				"east": {"uv": [1, 4, 2.5, 5], "rotation": 90, "texture": "#1"},
				"south": {"uv": [5, 2, 6.5, 2.5], "rotation": 90, "texture": "#1"},
				"west": {"uv": [1, 4, 2.5, 5], "rotation": 90, "texture": "#1"},
				"up": {"uv": [1, 4, 2, 4.5], "rotation": 90, "texture": "#1"},
				"down": {"uv": [6, 5, 7, 5.5], "rotation": 90, "texture": "#1"}
			}
		},
		{
			"from": [7, 11.5, -3],
			"to": [7.5, 13, -2],
			"rotation": {"angle": 0, "axis": "z", "origin": [8, 12, 0.75]},
			"faces": {
				"north": {"uv": [3, 3, 4.5, 3.5], "rotation": 270, "texture": "#1"},
				"east": {"uv": [1, 4, 2.5, 5], "rotation": 90, "texture": "#1"},
				"south": {"uv": [5, 2, 6.5, 2.5], "rotation": 90, "texture": "#1"},
				"west": {"uv": [1, 4, 2.5, 5], "rotation": 90, "texture": "#1"},
				"up": {"uv": [1, 4, 2, 4.5], "rotation": 90, "texture": "#1"},
				"down": {"uv": [6, 5, 7, 5.5], "rotation": 90, "texture": "#1"}
			}
		},
		{
			"from": [7.5, 12.5, -3],
			"to": [9, 13, -2],
			"faces": {
				"north": {"uv": [3, 3, 4.5, 3.5], "texture": "#1"},
				"east": {"uv": [1, 4, 2, 4.5], "texture": "#1"},
				"south": {"uv": [5, 2, 6.5, 2.5], "texture": "#1"},
				"west": {"uv": [1, 4, 2, 4.5], "texture": "#1"},
				"up": {"uv": [1, 4, 2.5, 5], "texture": "#1"},
				"down": {"uv": [6, 5, 7.5, 6], "texture": "#1"}
			}
		},
		{
			"from": [7, 11, -3],
			"to": [8.5, 11.5, -2],
			"faces": {
				"north": {"uv": [3, 3, 4.5, 3.5], "texture": "#1"},
				"east": {"uv": [1, 4, 2, 4.5], "texture": "#1"},
				"south": {"uv": [5, 2, 6.5, 2.5], "texture": "#1"},
				"west": {"uv": [1, 4, 2, 4.5], "texture": "#1"},
				"up": {"uv": [1, 4, 2.5, 5], "texture": "#1"},
				"down": {"uv": [6, 5, 7.5, 6], "texture": "#1"}
			}
		},
		{
			"from": [7, 11, -2],
			"to": [9, 13, 8],
			"faces": {
				"north": {"uv": [0, 0, 2, 2], "texture": "#1"},
				"east": {"uv": [0, 0, 10, 2], "texture": "#1"},
				"south": {"uv": [0, 0, 2, 2], "texture": "#1"},
				"west": {"uv": [0, 0, 10, 2], "texture": "#1"},
				"up": {"uv": [0, 0, 2, 10], "texture": "#1"},
				"down": {"uv": [0, 0, 2, 10], "texture": "#1"}
			}
		},
		{
			"from": [7, 9.52513, 9.56066],
			"to": [9, 11.52513, 13.56066],
			"rotation": {"angle": 45, "axis": "x", "origin": [8, 10.52513, 12.06066]},
			"faces": {
				"north": {"uv": [0, 0, 2, 2], "texture": "#1"},
				"east": {"uv": [0, 0, 4, 2], "texture": "#1"},
				"south": {"uv": [0, 0, 2, 2], "texture": "#1"},
				"west": {"uv": [0, 0, 4, 2], "texture": "#1"},
				"up": {"uv": [0, 0, 2, 4], "texture": "#1"},
				"down": {"uv": [0, 0, 2, 4], "texture": "#1"}
			}
		},
		{
			"from": [7, 8.75736, 12.41421],
			"to": [9, 10.75736, 17.41421],
			"rotation": {"angle": 0, "axis": "x", "origin": [8, 9.75736, 15.91421]},
			"faces": {
				"north": {"uv": [0, 0, 2, 2], "texture": "#1"},
				"east": {"uv": [0, 0, 5, 2], "texture": "#1"},
				"south": {"uv": [0, 0, 2, 2], "texture": "#1"},
				"west": {"uv": [0, 0, 5, 2], "texture": "#1"},
				"up": {"uv": [0, 0, 2, 5], "texture": "#1"},
				"down": {"uv": [0, 0, 2, 5], "texture": "#1"}
			}
		},
		{
			"from": [7.25, 8.5, 15.41421],
			"to": [8.75, 10.5, 18.41421],
			"rotation": {"angle": 0, "axis": "x", "origin": [8, 9.75736, 15.91421]},
			"faces": {
				"north": {"uv": [0, 0, 1.5, 2], "texture": "#0"},
				"east": {"uv": [3, 7, 6, 9], "texture": "#0"},
				"south": {"uv": [5, 2, 6.5, 4], "texture": "#0"},
				"west": {"uv": [1, 3, 4, 5], "texture": "#0"},
				"up": {"uv": [0, 6, 1.5, 9], "texture": "#0"},
				"down": {"uv": [7, 7, 8.5, 10], "texture": "#0"}
			}
		},
		{
			"from": [7.25, 8.91421, 14.41421],
			"to": [8.75, 10.91421, 15.41421],
			"rotation": {"angle": -45, "axis": "x", "origin": [8, 9.91421, 15.41421]},
			"faces": {
				"north": {"uv": [0, 0, 1.5, 2], "texture": "#0"},
				"east": {"uv": [3, 7, 4, 9], "texture": "#0"},
				"south": {"uv": [5, 2, 6.5, 4], "texture": "#0"},
				"west": {"uv": [1, 3, 2, 5], "texture": "#0"},
				"up": {"uv": [0, 6, 1.5, 7], "texture": "#0"},
				"down": {"uv": [7, 7, 8.5, 8], "texture": "#0"}
			}
		},
		{
			"from": [6.5, 10.5, 6],
			"to": [9.5, 12.5, 11],
			"faces": {
				"north": {"uv": [0, 6, 9, 12], "texture": "#2"},
				"east": {"uv": [15, 0, 0, 6], "texture": "#2"},
				"south": {"uv": [0, 0, 9, 6], "texture": "#2"},
				"west": {"uv": [0, 0, 15, 6], "texture": "#2"},
				"up": {"uv": [0, 6, 9, 15], "texture": "#2"},
				"down": {"uv": [0, 6, 9, 15], "texture": "#2"}
			}
		},
		{
			"from": [6.5, 8.96447, 11.70711],
			"to": [9.5, 10.96447, 14.70711],
			"rotation": {"angle": 0, "axis": "y", "origin": [0, 0.46447, 0.70711]},
			"faces": {
				"north": {"uv": [0, 0, 9, 6], "texture": "#2"},
				"east": {"uv": [9, 0, 0, 6], "texture": "#2"},
				"south": {"uv": [0, 6, 9, 12], "texture": "#2"},
				"west": {"uv": [0, 0, 9, 6], "texture": "#2"},
				"up": {"uv": [0, 6, 9, 15], "texture": "#2"},
				"down": {"uv": [0, 6, 9, 15], "texture": "#2"}
			}
		},
		{
			"from": [6.75, 8.4948, 9.34099],
			"to": [9.25, 10.4948, 12.34099],
			"rotation": {"angle": 45, "axis": "x", "origin": [8, 9.4948, 12.59099]},
			"faces": {
				"north": {"uv": [0, 0, 7.5, 6], "texture": "#2"},
				"east": {"uv": [9, 0, 0, 6], "texture": "#2"},
				"south": {"uv": [0, 0, 7.5, 6], "texture": "#2"},
				"west": {"uv": [0, 0, 9, 6], "texture": "#2"},
				"up": {"uv": [0, 6, 7.5, 15], "texture": "#2"},
				"down": {"uv": [0, 6, 7.5, 15], "texture": "#2"}
			}
		},
		{
			"from": [7.75, 12.15144, 13.13004],
			"to": [8.25, 13.40144, 13.63004],
			"rotation": {"angle": -22.5, "axis": "x", "origin": [8, 12.14001, 11.91757]},
			"faces": {
				"north": {"uv": [0, 0, 3.3, 8.25], "rotation": 180, "texture": "#3"},
				"east": {"uv": [0, 0, 8.25, 3.3], "rotation": 270, "texture": "#3"},
				"south": {"uv": [0, 0, 3.3, 8.25], "texture": "#3"},
				"west": {"uv": [0, 0, 8.25, 3.3], "rotation": 90, "texture": "#3"},
				"up": {"uv": [0, 0, 3.3, 3.3], "rotation": 180, "texture": "#3"},
				"down": {"uv": [0, 0, 3.3, 3.3], "texture": "#3"}
			}
		},
		{
			"name": "fire",
			"from": [7.8125, 13.15144, 13.19254],
			"to": [8.1875, 13.52644, 13.56754],
			"rotation": {"angle": -22.5, "axis": "x", "origin": [8, 12.14001, 11.91757]},
			"faces": {
				"north": {"uv": [0, 0, 16, 16], "rotation": 180, "texture": "#4"},
				"east": {"uv": [0, 0, 16, 16], "rotation": 270, "texture": "#4"},
				"south": {"uv": [0, 0, 16, 16], "texture": "#4"},
				"west": {"uv": [0, 0, 16, 16], "rotation": 90, "texture": "#4"},
				"up": {"uv": [0, 0, 16, 16], "rotation": 180, "texture": "#4"},
				"down": {"uv": [0, 0, 16, 16], "texture": "#4"}
			}
		},
		{
			"from": [7.75, 12.40144, 12.63004],
			"to": [8.25, 12.90144, 13.13004],
			"rotation": {"angle": -22.5, "axis": "x", "origin": [8, 12.14001, 11.91757]},
			"faces": {
				"north": {"uv": [6, 8, 9.3, 11.3], "rotation": 180, "texture": "#3"},
				"east": {"uv": [6, 8, 9.3, 11.3], "rotation": 270, "texture": "#3"},
				"south": {"uv": [6, 8, 9.3, 11.3], "texture": "#3"},
				"west": {"uv": [6, 8, 9.3, 11.3], "rotation": 90, "texture": "#3"},
				"up": {"uv": [6, 8, 9.3, 11.3], "rotation": 180, "texture": "#3"},
				"down": {"uv": [6, 8, 9.3, 11.3], "texture": "#3"}
			}
		},
		{
			"from": [7.75, 12.08963, 11.48675],
			"to": [8.25, 13.08963, 11.98675],
			"rotation": {"angle": 45, "axis": "x", "origin": [8, 12.14001, 11.91757]},
			"faces": {
				"north": {"uv": [0, 0, 3.3, 6.6], "texture": "#3"},
				"east": {"uv": [0, 0, 3.3, 6.6], "texture": "#3"},
				"south": {"uv": [0, 0, 3.3, 6.6], "texture": "#3"},
				"west": {"uv": [0, 0, 3.3, 6.6], "texture": "#3"},
				"up": {"uv": [0, 0, 3.3, 3.3], "texture": "#3"},
				"down": {"uv": [0, 0, 3.3, 3.3], "texture": "#3"}
			}
		},
		{
			"from": [7.25, 12.5, -2.25],
			"to": [7.5, 13.5, -1],
			"faces": {
				"north": {"uv": [0, 0, 0.25, 1], "texture": "#3"},
				"east": {"uv": [0, 0, 1.25, 1], "texture": "#3"},
				"south": {"uv": [0, 0, 0.25, 1], "texture": "#3"},
				"west": {"uv": [0, 0, 1.25, 1], "texture": "#3"},
				"up": {"uv": [0, 0, 0.25, 1.25], "texture": "#3"},
				"down": {"uv": [0, 0, 0.25, 1.25], "texture": "#3"}
			}
		},
		{
			"from": [8.5, 12.5, -2.25],
			"to": [8.75, 13.5, -1],
			"faces": {
				"north": {"uv": [0, 0, 0.25, 1], "texture": "#3"},
				"east": {"uv": [0, 0, 1.25, 1], "texture": "#3"},
				"south": {"uv": [0, 0, 0.25, 1], "texture": "#3"},
				"west": {"uv": [0, 0, 1.25, 1], "texture": "#3"},
				"up": {"uv": [0, 0, 0.25, 1.25], "texture": "#3"},
				"down": {"uv": [0, 0, 0.25, 1.25], "texture": "#3"}
			}
		},
		{
			"from": [7.75, 12.5, 5],
			"to": [8.25, 13.5, 7],
			"faces": {
				"north": {"uv": [0, 0, 0.5, 1], "texture": "#3"},
				"east": {"uv": [0, 0, 2, 1], "texture": "#3"},
				"south": {"uv": [0, 0, 0.5, 1], "texture": "#3"},
				"west": {"uv": [0, 0, 2, 1], "texture": "#3"},
				"up": {"uv": [0, 0, 0.5, 2], "texture": "#3"},
				"down": {"uv": [0, 0, 0.5, 2], "texture": "#3"}
			}
		},
		{
			"from": [7, 12.5, 10],
			"to": [9, 12.75, 10.75],
			"rotation": {"angle": 0, "axis": "y", "origin": [5, 13, 8]},
			"faces": {
				"north": {"uv": [0, 0, 2, 0.25], "texture": "#1"},
				"east": {"uv": [0, 0, 0.5, 0.25], "texture": "#1"},
				"south": {"uv": [0, 0, 2, 0.25], "texture": "#1"},
				"west": {"uv": [4, 4, 4.5, 4.25], "texture": "#1"},
				"up": {"uv": [2, 7, 4, 7.5], "texture": "#1"},
				"down": {"uv": [11, 5, 13, 5.5], "texture": "#1"}
			}
		},
		{
			"from": [8.5, 12.5, 8],
			"to": [9, 12.75, 10],
			"rotation": {"angle": 0, "axis": "x", "origin": [5, 13, 8]},
			"faces": {
				"north": {"uv": [0, 0, 0.5, 0.25], "texture": "#1"},
				"east": {"uv": [0, 0, 2, 0.25], "texture": "#1"},
				"south": {"uv": [0, 0, 0.5, 0.25], "texture": "#1"},
				"west": {"uv": [4, 4, 6, 4.25], "texture": "#1"},
				"up": {"uv": [2, 7, 2.5, 9], "texture": "#1"},
				"down": {"uv": [11, 5, 11.5, 7], "texture": "#1"}
			}
		},
		{
			"from": [7, 12.5, 8],
			"to": [7.5, 12.75, 10],
			"rotation": {"angle": 0, "axis": "y", "origin": [5, 13, 8]},
			"faces": {
				"north": {"uv": [0, 0, 0.5, 0.25], "texture": "#1"},
				"east": {"uv": [0, 0, 2, 0.25], "texture": "#1"},
				"south": {"uv": [0, 0, 0.5, 0.25], "texture": "#1"},
				"west": {"uv": [4, 4, 6, 4.25], "texture": "#1"},
				"up": {"uv": [2, 7, 2.5, 9], "texture": "#1"},
				"down": {"uv": [11, 5, 11.5, 7], "texture": "#1"}
			}
		},
		{
			"from": [7.5, 12.5625, 8],
			"to": [8.5, 12.5625, 10],
			"faces": {
				"north": {"uv": [15, 14, 15, 15], "texture": "#2"},
				"east": {"uv": [15, 14, 16, 15], "texture": "#2"},
				"south": {"uv": [15, 14, 15, 15], "texture": "#2"},
				"west": {"uv": [15, 14, 16, 15], "texture": "#2"},
				"up": {"uv": [15, 14, 15, 15], "texture": "#2"},
				"down": {"uv": [15, 14, 15, 15], "texture": "#2"}
			}
		}
	],
	"display": {
		"thirdperson_righthand": {
			"rotation": [30, 0, 0],
			"translation": [0, -1, -5]
		},
		"thirdperson_lefthand": {
			"rotation": [20.25, 0, 0],
			"translation": [0, -3, -7.5],
			"scale": [1.6, 1.6, 1.6]
		},
		"firstperson_righthand": {
			"rotation": [20.25, 0, 0],
			"translation": [0, -4.25, -7.5],
			"scale": [1.6, 1.6, 1.6]
		},
		"firstperson_lefthand": {
			"rotation": [20.25, 0, 0],
			"translation": [0, -4.25, -7.5],
			"scale": [1.6, 1.6, 1.6]
		},
		"gui": {
			"rotation": [90, -45, 90],
			"translation": [2.5, -1, 0],
			"scale": [0.9, 0.9, 0.9]
		},
		"head": {
			"rotation": [-90, -70, -90],
			"translation": [0, -26.75, 5.5],
			"scale": [1.5, 1.5, 1.5]
		},
		"fixed": {
			"rotation": [90, 45, -90],
			"translation": [-2, -2, 0]
		}
	},
	"groups": [
		0,
		1,
		{
			"name": "body",
			"origin": [8, 9.75736, 15.91421],
			"color": 0,
			"children": [2, 3, 4, 5, 6, 7, 8]
		},
		{
			"name": "stock",
			"origin": [8, 9.91421, 15.41421],
			"color": 0,
			"children": [9, 10]
		},
		{
			"name": "details",
			"origin": [8, 9.4948, 12.59099],
			"color": 0,
			"children": [11, 12, 13]
		},
		{
			"name": "dog",
			"origin": [8, 14, 12.25],
			"color": 0,
			"children": [14, 15, 16, 17]
		},
		{
			"name": "scope",
			"origin": [0, 0, 0],
			"color": 0,
			"children": [18, 19, 20]
		},
		{
			"name": "reload_hole_thigies",
			"origin": [5, 13, 8],
			"color": 0,
			"children": [21, 22, 23]
		},
		24
	]
}