{
	"credit": "Made with Blockbench",
	"textures": {
		"0": "red_chain",
		"particle": "red_chain"
	},
	"elements": [
		{
			"from": [0, 0, 0],
			"to": [16, 0, 16],
			"faces": {
				"north": {"uv": [0, 0, 16, 0], "texture": "#0"},
				"east": {"uv": [0, 0, 16, 0], "texture": "#0"},
				"south": {"uv": [0, 0, 16, 0], "texture": "#0"},
				"west": {"uv": [0, 0, 16, 0], "texture": "#0"},
				"up": {"uv": [0, 0, 16, 16], "texture": "#0"},
				"down": {"uv": [0, 0, 16, 16], "texture": "#0"}
			}
		}
	],
	"display": {
		"thirdperson_righthand": {
			"translation": [0, 5.5, 1],
			"scale": [0.5, 0.5, 0.5]
		},
		"thirdperson_lefthand": {
			"translation": [0, 5.5, 1],
			"scale": [0.5, 0.5, 0.5]
		},
		"firstperson_righthand": {
			"rotation": [45, 0, 0],
			"translation": [3, 5.5, 1],
			"scale": [0.5, 0.5, 0.5]
		},
		"firstperson_lefthand": {
			"rotation": [45, 0, 0],
			"translation": [3, 5.5, 1],
			"scale": [0.5, 0.5, 0.5]
		},
		"ground": {
			"translation": [0, 8.75, 0]
		},
		"gui": {
			"rotation": [30, 225, 0],
			"translation": [0, 5, 0],
			"scale": [0.8, 0.8, 0.8]
		},
		"head": {
			"translation": [0, 8.75, 0],
			"scale": [4, 4, 4]
		},
		"fixed": {
			"rotation": [-90, 0, 0],
			"translation": [0, 0, -9.5]
		}
	},
	"groups": [
		{
			"name": "red_chain",
			"origin": [8, 0.5, 8],
			"color": 0,
			"children": []
		},
		0
	]
}