{
	"credit": "Made with Blockbench",
	"textures": {
		"0": "water_rune",
		"1": "adaptation_amulet",
		"2": "air_rune",
		"3": "earth_rune",
		"4": "fire_rune",
		"5": "geologist_rune",
		"6": "jester_rune",
		"7": "light_rune",
		"8": "runner_rune",
		"9": "scholar_rune",
		"10": "dark_stone",
		"11": "star",
		"12": "rituals/curse_of_the_wise-gray",
		"13": "rituals/cursed_crossbow-gray",
		"14": "rituals/endless_pouch-gray",
		"15": "rituals/ghost_tiara-gray",
		"16": "rituals/level_up-gray",
		"17": "rituals/wisdom_shard-gray",
		"18": "help",
		"particle": "water_rune"
	},
	"elements": [
		{
			"from": [5, 2.5, 11.75],
			"to": [11, 8.5, 12],
			"rotation": {"angle": 0, "axis": "z", "origin": [8, 9, 12.1875]},
			"faces": {
				"north": {"uv": [0, 0, 16, 16], "rotation": 270, "texture": "#14"},
				"east": {"uv": [0, 0, 6, 0.25], "rotation": 90, "texture": "#14"},
				"south": {"uv": [0, 0, 16, 16], "rotation": 90, "texture": "#14"},
				"west": {"uv": [0, 0, 6, 0.25], "rotation": 90, "texture": "#14"},
				"up": {"uv": [0, 0, 0.25, 6], "rotation": 90, "texture": "#14"},
				"down": {"uv": [0, 0, 0.25, 6], "rotation": 90, "texture": "#14"}
			}
		},
		{
			"from": [5, 9.5, 11.75],
			"to": [11, 15.5, 12],
			"rotation": {"angle": 0, "axis": "z", "origin": [8, 9, 12.1875]},
			"faces": {
				"north": {"uv": [0, 0, 16, 16], "rotation": 270, "texture": "#15"},
				"east": {"uv": [0, 0, 6, 0.25], "rotation": 90, "texture": "#15"},
				"south": {"uv": [0, 0, 16, 16], "rotation": 90, "texture": "#15"},
				"west": {"uv": [0, 0, 6, 0.25], "rotation": 90, "texture": "#15"},
				"up": {"uv": [0, 0, 0.25, 6], "rotation": 90, "texture": "#15"},
				"down": {"uv": [0, 0, 0.25, 6], "rotation": 90, "texture": "#15"}
			}
		},
		{
			"from": [-4.69115, 2.5, 9.82231],
			"to": [1.30885, 8.5, 10.07231],
			"rotation": {"angle": -22.5, "axis": "y", "origin": [-1.69115, 9, 10.25981]},
			"faces": {
				"north": {"uv": [0, 0, 16, 16], "rotation": 270, "texture": "#12"},
				"east": {"uv": [0, 0, 6, 0.25], "rotation": 90, "texture": "#12"},
				"south": {"uv": [0, 0, 16, 16], "rotation": 90, "texture": "#12"},
				"west": {"uv": [0, 0, 6, 0.25], "rotation": 90, "texture": "#12"},
				"up": {"uv": [0, 0, 0.25, 6], "rotation": 90, "texture": "#12"},
				"down": {"uv": [0, 0, 0.25, 6], "rotation": 90, "texture": "#12"}
			}
		},
		{
			"from": [-4.69115, 9.5, 9.82231],
			"to": [1.30885, 15.5, 10.07231],
			"rotation": {"angle": -22.5, "axis": "y", "origin": [-1.69115, 9, 10.25981]},
			"faces": {
				"north": {"uv": [0, 0, 16, 16], "rotation": 270, "texture": "#13"},
				"east": {"uv": [0, 0, 6, 0.25], "rotation": 90, "texture": "#13"},
				"south": {"uv": [0, 0, 16, 16], "rotation": 90, "texture": "#13"},
				"west": {"uv": [0, 0, 6, 0.25], "rotation": 90, "texture": "#13"},
				"up": {"uv": [0, 0, 0.25, 6], "rotation": 90, "texture": "#13"},
				"down": {"uv": [0, 0, 0.25, 6], "rotation": 90, "texture": "#13"}
			}
		},
		{
			"from": [14.69115, 2.5, 9.82231],
			"to": [20.69115, 8.5, 10.07231],
			"rotation": {"angle": 22.5, "axis": "y", "origin": [17.69115, 9, 10.25981]},
			"faces": {
				"north": {"uv": [0, 0, 16, 16], "rotation": 270, "texture": "#16"},
				"east": {"uv": [0, 0, 6, 0.25], "rotation": 90, "texture": "#16"},
				"south": {"uv": [0, 0, 16, 16], "rotation": 90, "texture": "#16"},
				"west": {"uv": [0, 0, 6, 0.25], "rotation": 90, "texture": "#16"},
				"up": {"uv": [0, 0, 0.25, 6], "rotation": 90, "texture": "#16"},
				"down": {"uv": [0, 0, 0.25, 6], "rotation": 90, "texture": "#16"}
			}
		},
		{
			"from": [14.69115, 9.5, 9.82231],
			"to": [20.69115, 15.5, 10.07231],
			"rotation": {"angle": 22.5, "axis": "y", "origin": [17.69115, 9, 10.25981]},
			"faces": {
				"north": {"uv": [0, 0, 16, 16], "rotation": 270, "texture": "#17"},
				"east": {"uv": [0, 0, 6, 0.25], "rotation": 90, "texture": "#17"},
				"south": {"uv": [0, 0, 16, 16], "rotation": 90, "texture": "#17"},
				"west": {"uv": [0, 0, 6, 0.25], "rotation": 90, "texture": "#17"},
				"up": {"uv": [0, 0, 0.25, 6], "rotation": 90, "texture": "#17"},
				"down": {"uv": [0, 0, 0.25, 6], "rotation": 90, "texture": "#17"}
			}
		},
		{
			"from": [-0.69115, 12.5, 11.07231],
			"to": [2.30885, 15.5, 11.32231],
			"rotation": {"angle": -22.5, "axis": "y", "origin": [-1.69115, 9, 10.25981]},
			"faces": {
				"north": {"uv": [0, 0, 16, 16], "texture": "#0"},
				"east": {"uv": [0, 0, 3, 0.25], "rotation": 90, "texture": "#0"},
				"south": {"uv": [0, 0, 16, 16], "texture": "#0"},
				"west": {"uv": [0, 0, 3, 0.25], "rotation": 90, "texture": "#0"},
				"up": {"uv": [0, 0, 0.25, 3], "rotation": 90, "texture": "#0"},
				"down": {"uv": [0, 0, 0.25, 3], "rotation": 90, "texture": "#0"}
			}
		},
		{
			"from": [-4.69115, 9.5, 11.07231],
			"to": [-1.69115, 12.5, 11.32231],
			"rotation": {"angle": -22.5, "axis": "y", "origin": [-1.69115, 9, 10.25981]},
			"faces": {
				"north": {"uv": [0, 0, 16, 16], "texture": "#1"},
				"east": {"uv": [0, 0, 3, 0.25], "rotation": 90, "texture": "#1"},
				"south": {"uv": [0, 0, 16, 16], "texture": "#1"},
				"west": {"uv": [0, 0, 3, 0.25], "rotation": 90, "texture": "#1"},
				"up": {"uv": [0, 0, 0.25, 3], "rotation": 90, "texture": "#1"},
				"down": {"uv": [0, 0, 0.25, 3], "rotation": 90, "texture": "#1"}
			}
		},
		{
			"from": [-4.14036, 4.5, 10.98296],
			"to": [-1.14036, 7.5, 11.23296],
			"rotation": {"angle": -22.5, "axis": "y", "origin": [-2.64036, 6, 13.85796]},
			"faces": {
				"north": {"uv": [0, 0, 16, 14], "texture": "#2"},
				"east": {"uv": [0, 0, 3, 0.25], "rotation": 90, "texture": "#2"},
				"south": {"uv": [0, 0, 16, 14], "texture": "#2"},
				"west": {"uv": [0, 0, 3, 0.25], "rotation": 90, "texture": "#2"},
				"up": {"uv": [0, 0, 0.25, 3], "rotation": 90, "texture": "#2"},
				"down": {"uv": [0, 0, 0.25, 3], "rotation": 90, "texture": "#2"}
			}
		},
		{
			"from": [4, 4.5, 13],
			"to": [7, 7.5, 13.25],
			"rotation": {"angle": 0, "axis": "z", "origin": [8, 9, 12.1875]},
			"faces": {
				"north": {"uv": [0, 0, 16, 16], "texture": "#3"},
				"east": {"uv": [0, 0, 3, 0.25], "rotation": 90, "texture": "#3"},
				"south": {"uv": [0, 0, 16, 16], "texture": "#3"},
				"west": {"uv": [0, 0, 3, 0.25], "rotation": 90, "texture": "#3"},
				"up": {"uv": [0, 0, 0.25, 3], "rotation": 90, "texture": "#3"},
				"down": {"uv": [0, 0, 0.25, 3], "rotation": 90, "texture": "#3"}
			}
		},
		{
			"from": [8, 8.5, 13],
			"to": [11, 11.5, 13.25],
			"rotation": {"angle": 0, "axis": "z", "origin": [8, 9, 12.1875]},
			"faces": {
				"north": {"uv": [0, 0, 16, 16], "texture": "#5"},
				"east": {"uv": [0, 0, 3, 0.25], "rotation": 90, "texture": "#5"},
				"south": {"uv": [0, 0, 16, 16], "texture": "#5"},
				"west": {"uv": [0, 0, 3, 0.25], "rotation": 90, "texture": "#5"},
				"up": {"uv": [0, 0, 0.25, 3], "rotation": 90, "texture": "#5"},
				"down": {"uv": [0, 0, 0.25, 3], "rotation": 90, "texture": "#5"}
			}
		},
		{
			"from": [5, 12.5, 13],
			"to": [8, 15.5, 13.25],
			"rotation": {"angle": 0, "axis": "z", "origin": [8, 9, 12.1875]},
			"faces": {
				"north": {"uv": [0, 0, 16, 16], "texture": "#4"},
				"east": {"uv": [0, 0, 3, 0.25], "rotation": 90, "texture": "#4"},
				"south": {"uv": [0, 0, 16, 16], "texture": "#4"},
				"west": {"uv": [0, 0, 3, 0.25], "rotation": 90, "texture": "#4"},
				"up": {"uv": [0, 0, 0.25, 3], "rotation": 90, "texture": "#4"},
				"down": {"uv": [0, 0, 0.25, 3], "rotation": 90, "texture": "#4"}
			}
		},
		{
			"from": [9, 2.5, 13],
			"to": [12, 5.5, 13.25],
			"rotation": {"angle": 0, "axis": "z", "origin": [8, 9, 12.1875]},
			"faces": {
				"north": {"uv": [0, 0, 16, 16], "rotation": 270, "texture": "#8"},
				"east": {"uv": [0, 0, 3, 0.25], "rotation": 90, "texture": "#8"},
				"south": {"uv": [0, 0, 16, 16], "texture": "#8"},
				"west": {"uv": [0, 0, 3, 0.25], "rotation": 90, "texture": "#8"},
				"up": {"uv": [0, 0, 0.25, 3], "rotation": 90, "texture": "#8"},
				"down": {"uv": [0, 0, 0.25, 3], "rotation": 90, "texture": "#8"}
			}
		},
		{
			"from": [13.69115, 2.5, 11.07231],
			"to": [16.69115, 5.5, 11.32231],
			"rotation": {"angle": 22.5, "axis": "y", "origin": [17.69115, 9, 10.25981]},
			"faces": {
				"north": {"uv": [0, 0, 16, 16], "texture": "#7"},
				"east": {"uv": [0, 0, 3, 0.25], "rotation": 90, "texture": "#7"},
				"south": {"uv": [0, 0, 16, 16], "texture": "#7"},
				"west": {"uv": [0, 0, 3, 0.25], "rotation": 90, "texture": "#7"},
				"up": {"uv": [0, 0, 0.25, 3], "rotation": 90, "texture": "#7"},
				"down": {"uv": [0, 0, 0.25, 3], "rotation": 90, "texture": "#7"}
			}
		},
		{
			"from": [14.69115, 8.5, 11.07231],
			"to": [17.69115, 11.5, 11.32231],
			"rotation": {"angle": 22.5, "axis": "y", "origin": [17.69115, 9, 10.25981]},
			"faces": {
				"north": {"uv": [0, 0, 16, 16], "texture": "#6"},
				"east": {"uv": [0, 0, 3, 0.25], "rotation": 90, "texture": "#6"},
				"south": {"uv": [0, 0, 16, 16], "texture": "#6"},
				"west": {"uv": [0, 0, 3, 0.25], "rotation": 90, "texture": "#6"},
				"up": {"uv": [0, 0, 0.25, 3], "rotation": 90, "texture": "#6"},
				"down": {"uv": [0, 0, 0.25, 3], "rotation": 90, "texture": "#6"}
			}
		},
		{
			"from": [17.69115, 12.5, 11.07231],
			"to": [20.69115, 15.5, 11.32231],
			"rotation": {"angle": 22.5, "axis": "y", "origin": [17.69115, 9, 10.25981]},
			"faces": {
				"north": {"uv": [0, 0, 16, 16], "texture": "#9"},
				"east": {"uv": [0, 0, 3, 0.25], "rotation": 90, "texture": "#9"},
				"south": {"uv": [0, 0, 16, 16], "texture": "#9"},
				"west": {"uv": [0, 0, 3, 0.25], "rotation": 90, "texture": "#9"},
				"up": {"uv": [0, 0, 0.25, 3], "rotation": 90, "texture": "#9"},
				"down": {"uv": [0, 0, 0.25, 3], "rotation": 90, "texture": "#9"}
			}
		},
		{
			"from": [12.69115, 2, 10.07231],
			"to": [22.69115, 16, 11.07231],
			"rotation": {"angle": 22.5, "axis": "y", "origin": [17.69115, 9, 10.25981]},
			"faces": {
				"north": {"uv": [0, 0, 14, 10], "rotation": 270, "texture": "#10"},
				"east": {"uv": [0, 0, 14, 1], "rotation": 90, "texture": "#10"},
				"south": {"uv": [0, 0, 14, 10], "rotation": 90, "texture": "#10"},
				"west": {"uv": [0, 0, 14, 1], "rotation": 90, "texture": "#10"},
				"up": {"uv": [0, 0, 1, 10], "rotation": 90, "texture": "#10"},
				"down": {"uv": [0, 0, 1, 10], "rotation": 90, "texture": "#10"}
			}
		},
		{
			"from": [3, 2, 12],
			"to": [13, 16, 13],
			"rotation": {"angle": 0, "axis": "z", "origin": [8, 9, 12.1875]},
			"faces": {
				"north": {"uv": [0, 0, 14, 10], "rotation": 270, "texture": "#10"},
				"east": {"uv": [0, 0, 14, 1], "rotation": 90, "texture": "#10"},
				"south": {"uv": [0, 0, 14, 10], "rotation": 90, "texture": "#10"},
				"west": {"uv": [0, 0, 14, 1], "rotation": 90, "texture": "#10"},
				"up": {"uv": [0, 0, 1, 10], "rotation": 90, "texture": "#10"},
				"down": {"uv": [0, 0, 1, 10], "rotation": 90, "texture": "#10"}
			}
		},
		{
			"from": [5, 8, 12.5],
			"to": [11, 14, 12.5],
			"rotation": {"angle": 0, "axis": "z", "origin": [8, 9, 12.1875]},
			"faces": {
				"north": {"uv": [0, 0, 16, 16], "texture": "#18"},
				"east": {"uv": [0, 0, 6, 0], "rotation": 90, "texture": "#18"},
				"south": {"uv": [16, 0, 0, 16], "texture": "#18"},
				"west": {"uv": [0, 0, 6, 0], "rotation": 90, "texture": "#18"},
				"up": {"uv": [0, 0, 0, 6], "rotation": 90, "texture": "#18"},
				"down": {"uv": [0, 0, 0, 6], "rotation": 90, "texture": "#18"}
			}
		},
		{
			"from": [9, 16, 12],
			"to": [12, 17, 13],
			"rotation": {"angle": 0, "axis": "z", "origin": [8, 9, 12.1875]},
			"faces": {
				"north": {"uv": [0, 0, 1, 3], "rotation": 270, "texture": "#10"},
				"east": {"uv": [0, 0, 1, 1], "rotation": 90, "texture": "#10"},
				"south": {"uv": [0, 0, 1, 3], "rotation": 90, "texture": "#10"},
				"west": {"uv": [0, 0, 1, 1], "rotation": 90, "texture": "#10"},
				"up": {"uv": [0, 0, 1, 3], "rotation": 90, "texture": "#10"},
				"down": {"uv": [0, 0, 1, 3], "rotation": 90, "texture": "#10"}
			}
		},
		{
			"from": [4, 16, 12],
			"to": [7, 17, 13],
			"rotation": {"angle": 0, "axis": "z", "origin": [8, 9, 12.1875]},
			"faces": {
				"north": {"uv": [0, 0, 1, 3], "rotation": 270, "texture": "#10"},
				"east": {"uv": [0, 0, 1, 1], "rotation": 90, "texture": "#10"},
				"south": {"uv": [0, 0, 1, 3], "rotation": 90, "texture": "#10"},
				"west": {"uv": [0, 0, 1, 1], "rotation": 90, "texture": "#10"},
				"up": {"uv": [0, 0, 1, 3], "rotation": 90, "texture": "#10"},
				"down": {"uv": [0, 0, 1, 3], "rotation": 90, "texture": "#10"}
			}
		},
		{
			"from": [-6.69115, 2, 10.07231],
			"to": [3.30885, 16, 11.07231],
			"rotation": {"angle": -22.5, "axis": "y", "origin": [-1.69115, 9, 10.25981]},
			"faces": {
				"north": {"uv": [0, 0, 14, 10], "rotation": 270, "texture": "#10"},
				"east": {"uv": [0, 0, 14, 1], "rotation": 90, "texture": "#10"},
				"south": {"uv": [0, 0, 14, 10], "rotation": 90, "texture": "#10"},
				"west": {"uv": [0, 0, 14, 1], "rotation": 90, "texture": "#10"},
				"up": {"uv": [0, 0, 1, 10], "rotation": 90, "texture": "#10"},
				"down": {"uv": [0, 0, 1, 10], "rotation": 90, "texture": "#10"}
			}
		},
		{
			"from": [3.05885, 1.5, 9.82231],
			"to": [4.55885, 16.5, 11.32231],
			"rotation": {"angle": -22.5, "axis": "y", "origin": [-1.69115, 9, 10.25981]},
			"faces": {
				"north": {"uv": [0, 0, 15, 1.5], "rotation": 270, "texture": "#10"},
				"east": {"uv": [0, 0, 15, 1.5], "rotation": 90, "texture": "#10"},
				"south": {"uv": [0, 0, 15, 1.5], "rotation": 90, "texture": "#10"},
				"west": {"uv": [0, 0, 15, 1.5], "rotation": 90, "texture": "#10"},
				"up": {"uv": [0, 0, 1.5, 1.5], "rotation": 90, "texture": "#10"},
				"down": {"uv": [0, 0, 1.5, 1.5], "rotation": 90, "texture": "#10"}
			}
		},
		{
			"from": [11.90276, 1.5, 12.01798],
			"to": [13.40276, 16.5, 13.51798],
			"rotation": {"angle": 22.5, "axis": "y", "origin": [12.40276, 8.5, 12.51798]},
			"faces": {
				"north": {"uv": [0, 0, 15, 1.5], "rotation": 90, "texture": "#10"},
				"east": {"uv": [0, 0, 15, 1.5], "rotation": 270, "texture": "#10"},
				"south": {"uv": [0, 0, 15, 1.5], "rotation": 90, "texture": "#10"},
				"west": {"uv": [0, 0, 15, 1.5], "rotation": 90, "texture": "#10"},
				"up": {"uv": [0, 0, 1.5, 1.5], "rotation": 180, "texture": "#10"},
				"down": {"uv": [0, 0, 1.5, 1.5], "texture": "#10"}
			}
		},
		{
			"from": [7, 16, 12.5],
			"to": [9, 18, 12.5],
			"faces": {
				"north": {"uv": [0, 0, 16, 16], "texture": "#11"},
				"east": {"uv": [0, 0, 16, 16], "texture": "#11"},
				"south": {"uv": [0, 0, 16, 16], "texture": "#11"},
				"west": {"uv": [0, 0, 16, 16], "texture": "#11"},
				"up": {"uv": [0, 0, 16, 16], "texture": "#11"},
				"down": {"uv": [0, 0, 16, 16], "texture": "#11"}
			}
		},
		{
			"from": [7, 17, 11.5],
			"to": [9, 17, 13.5],
			"rotation": {"angle": 0, "axis": "x", "origin": [8, 17, 12.5]},
			"faces": {
				"north": {"uv": [0, 0, 16, 16], "rotation": 180, "texture": "#11"},
				"east": {"uv": [0, 0, 16, 16], "rotation": 270, "texture": "#11"},
				"south": {"uv": [0, 0, 16, 16], "texture": "#11"},
				"west": {"uv": [0, 0, 16, 16], "rotation": 90, "texture": "#11"},
				"up": {"uv": [0, 0, 16, 16], "rotation": 180, "texture": "#11"},
				"down": {"uv": [0, 0, 16, 16], "texture": "#11"}
			}
		},
		{
			"from": [8, 16, 11.5],
			"to": [8, 18, 13.5],
			"rotation": {"angle": 0, "axis": "z", "origin": [8, 17, 12.5]},
			"faces": {
				"north": {"uv": [0, 0, 16, 16], "rotation": 90, "texture": "#11"},
				"east": {"uv": [0, 0, 16, 16], "rotation": 270, "texture": "#11"},
				"south": {"uv": [0, 0, 16, 16], "rotation": 90, "texture": "#11"},
				"west": {"uv": [0, 0, 16, 16], "rotation": 90, "texture": "#11"},
				"up": {"uv": [0, 0, 16, 16], "rotation": 180, "texture": "#11"},
				"down": {"uv": [0, 0, 16, 16], "texture": "#11"}
			}
		}
	],
	"display": {
		"thirdperson_righthand": {
			"rotation": [-25, 180, 0],
			"translation": [0, 3.5, 2],
			"scale": [0.5, 0.5, 0.5]
		},
		"thirdperson_lefthand": {
			"rotation": [-25, 180, 0],
			"translation": [0, 3.5, 2],
			"scale": [0.5, 0.5, 0.5]
		},
		"firstperson_righthand": {
			"rotation": [-50, 180, 0],
			"translation": [-9, 5.75, -0.5],
			"scale": [0.75, 0.75, 0.75]
		},
		"firstperson_lefthand": {
			"rotation": [-50, 180, 0],
			"translation": [-9, 5.75, -0.5],
			"scale": [0.75, 0.75, 0.75]
		},
		"ground": {
			"rotation": [90, 0, 0],
			"translation": [0, 2.5, 0]
		},
		"gui": {
			"rotation": [0, 180, 0],
			"scale": [0.54, 0.54, 0.54]
		},
		"head": {
			"rotation": [-90, 0, 0],
			"translation": [0, 2.75, 0]
		},
		"fixed": {
			"rotation": [-30, 0, 0],
			"translation": [0, -5, -17],
			"scale": [2, 2, 2]
		}
	},
	"groups": [
		0,
		1,
		2,
		3,
		4,
		5,
		{
			"name": "runes",
			"origin": [17.69115, 9, 10.25981],
			"color": 0,
			"children": [6, 7, 8, 9, 10, 11, 12, 13, 14, 15]
		},
		{
			"name": "backplate",
			"origin": [-1.69115, 9, 10.25981],
			"color": 0,
			"children": [
				16,
				17,
				18,
				19,
				20,
				21,
				22,
				23,
				{
					"name": "star",
					"origin": [8, 17, 12.5],
					"color": 0,
					"children": [24, 25, 26]
				}
			]
		}
	]
}