{
	"credit": "Made with Blockbench",
	"textures": {
		"0": "dark_stone",
		"particle": "dark_stone"
	},
	"elements": [
		{
			"from": [3, 0, 0],
			"to": [13, 8, 16],
			"faces": {
				"north": {"uv": [0, 0, 10, 8], "texture": "#0"},
				"east": {"uv": [0, 0, 16, 8], "texture": "#0"},
				"south": {"uv": [0, 0, 10, 8], "texture": "#0"},
				"west": {"uv": [0, 8, 16, 16], "texture": "#0"},
				"up": {"uv": [1, 0, 11, 16], "texture": "#0"},
				"down": {"uv": [4, 0, 14, 16], "texture": "#0"}
			}
		},
		{
			"from": [0, 0, 3],
			"to": [16, 8, 13],
			"rotation": {"angle": 0, "axis": "y", "origin": [8, 1, 8]},
			"faces": {
				"north": {"uv": [0, 0, 16, 8], "texture": "#0"},
				"east": {"uv": [0, 0, 10, 8], "texture": "#0"},
				"south": {"uv": [0, 0, 16, 8], "texture": "#0"},
				"west": {"uv": [0, 8, 10, 16], "texture": "#0"},
				"up": {"uv": [1, 0, 11, 16], "rotation": 270, "texture": "#0"},
				"down": {"uv": [4, 0, 14, 16], "rotation": 90, "texture": "#0"}
			}
		},
		{
			"from": [4, 8, 1],
			"to": [12, 16, 15],
			"faces": {
				"north": {"uv": [0, 0, 8, 8], "texture": "#0"},
				"east": {"uv": [0, 0, 14, 8], "texture": "#0"},
				"south": {"uv": [0, 0, 8, 8], "texture": "#0"},
				"west": {"uv": [0, 8, 14, 16], "texture": "#0"},
				"up": {"uv": [1, 0, 9, 14], "texture": "#0"},
				"down": {"uv": [4, 0, 12, 14], "texture": "#0"}
			}
		},
		{
			"from": [1, 8, 4],
			"to": [15, 16, 12],
			"rotation": {"angle": 0, "axis": "y", "origin": [8, 1, 8]},
			"faces": {
				"north": {"uv": [0, 0, 14, 8], "texture": "#0"},
				"east": {"uv": [0, 0, 8, 8], "texture": "#0"},
				"south": {"uv": [0, 0, 14, 8], "texture": "#0"},
				"west": {"uv": [0, 8, 8, 16], "texture": "#0"},
				"up": {"uv": [1, 0, 9, 14], "rotation": 270, "texture": "#0"},
				"down": {"uv": [4, 0, 12, 14], "rotation": 90, "texture": "#0"}
			}
		},
		{
			"from": [2, 16, 5],
			"to": [14, 21, 11],
			"rotation": {"angle": 0, "axis": "y", "origin": [8, 1, 8]},
			"faces": {
				"north": {"uv": [0, 0, 12, 5], "texture": "#0"},
				"east": {"uv": [0, 0, 6, 5], "texture": "#0"},
				"south": {"uv": [0, 0, 12, 5], "texture": "#0"},
				"west": {"uv": [0, 8, 6, 13], "texture": "#0"},
				"up": {"uv": [1, 0, 7, 12], "rotation": 270, "texture": "#0"},
				"down": {"uv": [4, 0, 10, 12], "rotation": 90, "texture": "#0"}
			}
		},
		{
			"from": [5, 16, 2],
			"to": [11, 21, 14],
			"faces": {
				"north": {"uv": [0, 0, 6, 5], "texture": "#0"},
				"east": {"uv": [0, 0, 12, 5], "texture": "#0"},
				"south": {"uv": [0, 0, 6, 5], "texture": "#0"},
				"west": {"uv": [0, 8, 12, 13], "texture": "#0"},
				"up": {"uv": [1, 0, 7, 12], "texture": "#0"},
				"down": {"uv": [4, 0, 10, 12], "texture": "#0"}
			}
		},
		{
			"from": [6, 21, 3],
			"to": [10, 24, 13],
			"faces": {
				"north": {"uv": [0, 0, 4, 3], "texture": "#0"},
				"east": {"uv": [0, 0, 10, 3], "texture": "#0"},
				"south": {"uv": [0, 0, 4, 3], "texture": "#0"},
				"west": {"uv": [0, 8, 10, 11], "texture": "#0"},
				"up": {"uv": [1, 0, 5, 10], "texture": "#0"},
				"down": {"uv": [4, 0, 8, 10], "texture": "#0"}
			}
		},
		{
			"from": [3, 21, 6],
			"to": [13, 24, 10],
			"rotation": {"angle": 0, "axis": "y", "origin": [8, 1, 8]},
			"faces": {
				"north": {"uv": [0, 0, 10, 3], "texture": "#0"},
				"east": {"uv": [0, 0, 4, 3], "texture": "#0"},
				"south": {"uv": [0, 0, 10, 3], "texture": "#0"},
				"west": {"uv": [0, 8, 4, 11], "texture": "#0"},
				"up": {"uv": [1, 0, 5, 10], "rotation": 270, "texture": "#0"},
				"down": {"uv": [4, 0, 8, 10], "rotation": 90, "texture": "#0"}
			}
		},
		{
			"from": [7, 24, 4],
			"to": [9, 26, 12],
			"faces": {
				"north": {"uv": [0, 0, 2, 2], "texture": "#0"},
				"east": {"uv": [0, 0, 8, 2], "texture": "#0"},
				"south": {"uv": [0, 0, 2, 2], "texture": "#0"},
				"west": {"uv": [0, 8, 8, 10], "texture": "#0"},
				"up": {"uv": [1, 0, 3, 8], "texture": "#0"},
				"down": {"uv": [4, 0, 6, 8], "texture": "#0"}
			}
		},
		{
			"from": [4, 24, 7],
			"to": [12, 26, 9],
			"rotation": {"angle": 0, "axis": "y", "origin": [8, 1, 8]},
			"faces": {
				"north": {"uv": [0, 0, 8, 2], "texture": "#0"},
				"east": {"uv": [0, 0, 2, 2], "texture": "#0"},
				"south": {"uv": [0, 0, 8, 2], "texture": "#0"},
				"west": {"uv": [0, 8, 2, 10], "texture": "#0"},
				"up": {"uv": [1, 0, 3, 8], "rotation": 270, "texture": "#0"},
				"down": {"uv": [4, 0, 6, 8], "rotation": 90, "texture": "#0"}
			}
		},
		{
			"from": [2, 0, 2],
			"to": [3, 8, 3],
			"faces": {
				"north": {"uv": [0, 0, 1, 8], "texture": "#0"},
				"east": {"uv": [0, 0, 1, 8], "texture": "#0"},
				"south": {"uv": [0, 0, 1, 8], "texture": "#0"},
				"west": {"uv": [0, 8, 1, 16], "texture": "#0"},
				"up": {"uv": [1, 0, 2, 1], "texture": "#0"},
				"down": {"uv": [4, 0, 5, 1], "texture": "#0"}
			}
		},
		{
			"from": [3, 8, 3],
			"to": [4, 16, 4],
			"faces": {
				"north": {"uv": [0, 0, 1, 8], "texture": "#0"},
				"east": {"uv": [0, 0, 1, 8], "texture": "#0"},
				"south": {"uv": [0, 0, 1, 8], "texture": "#0"},
				"west": {"uv": [0, 8, 1, 16], "texture": "#0"},
				"up": {"uv": [1, 0, 2, 1], "texture": "#0"},
				"down": {"uv": [4, 0, 5, 1], "texture": "#0"}
			}
		},
		{
			"from": [4, 16, 4],
			"to": [5, 21, 5],
			"faces": {
				"north": {"uv": [0, 0, 1, 5], "texture": "#0"},
				"east": {"uv": [0, 0, 1, 5], "texture": "#0"},
				"south": {"uv": [0, 0, 1, 5], "texture": "#0"},
				"west": {"uv": [0, 8, 1, 13], "texture": "#0"},
				"up": {"uv": [1, 0, 2, 1], "texture": "#0"},
				"down": {"uv": [4, 0, 5, 1], "texture": "#0"}
			}
		},
		{
			"from": [5, 21, 5],
			"to": [6, 24, 6],
			"faces": {
				"north": {"uv": [0, 0, 1, 3], "texture": "#0"},
				"east": {"uv": [0, 0, 1, 3], "texture": "#0"},
				"south": {"uv": [0, 0, 1, 3], "texture": "#0"},
				"west": {"uv": [0, 8, 1, 11], "texture": "#0"},
				"up": {"uv": [1, 0, 2, 1], "texture": "#0"},
				"down": {"uv": [4, 0, 5, 1], "texture": "#0"}
			}
		},
		{
			"from": [6, 24, 6],
			"to": [7, 26, 7],
			"faces": {
				"north": {"uv": [0, 0, 1, 2], "texture": "#0"},
				"east": {"uv": [0, 0, 1, 2], "texture": "#0"},
				"south": {"uv": [0, 0, 1, 2], "texture": "#0"},
				"west": {"uv": [0, 8, 1, 10], "texture": "#0"},
				"up": {"uv": [1, 0, 2, 1], "texture": "#0"},
				"down": {"uv": [4, 0, 5, 1], "texture": "#0"}
			}
		},
		{
			"from": [7, 26, 7],
			"to": [9, 27, 9],
			"faces": {
				"north": {"uv": [0, 0, 2, 1], "texture": "#0"},
				"east": {"uv": [0, 0, 2, 1], "texture": "#0"},
				"south": {"uv": [0, 0, 2, 1], "texture": "#0"},
				"west": {"uv": [0, 8, 2, 9], "texture": "#0"},
				"up": {"uv": [1, 0, 3, 2], "texture": "#0"},
				"down": {"uv": [4, 0, 6, 2], "texture": "#0"}
			}
		},
		{
			"from": [13, 0, 13],
			"to": [14, 8, 14],
			"rotation": {"angle": 0, "axis": "y", "origin": [4.5, 14.5, 4.5]},
			"faces": {
				"north": {"uv": [0, 0, 1, 8], "texture": "#0"},
				"east": {"uv": [0, 0, 1, 8], "texture": "#0"},
				"south": {"uv": [0, 0, 1, 8], "texture": "#0"},
				"west": {"uv": [0, 8, 1, 16], "texture": "#0"},
				"up": {"uv": [1, 0, 2, 1], "rotation": 180, "texture": "#0"},
				"down": {"uv": [4, 0, 5, 1], "rotation": 180, "texture": "#0"}
			}
		},
		{
			"from": [12, 8, 12],
			"to": [13, 16, 13],
			"rotation": {"angle": 0, "axis": "y", "origin": [4.5, 14.5, 4.5]},
			"faces": {
				"north": {"uv": [0, 0, 1, 8], "texture": "#0"},
				"east": {"uv": [0, 0, 1, 8], "texture": "#0"},
				"south": {"uv": [0, 0, 1, 8], "texture": "#0"},
				"west": {"uv": [0, 8, 1, 16], "texture": "#0"},
				"up": {"uv": [1, 0, 2, 1], "rotation": 180, "texture": "#0"},
				"down": {"uv": [4, 0, 5, 1], "rotation": 180, "texture": "#0"}
			}
		},
		{
			"from": [11, 16, 11],
			"to": [12, 21, 12],
			"rotation": {"angle": 0, "axis": "y", "origin": [4.5, 14.5, 4.5]},
			"faces": {
				"north": {"uv": [0, 0, 1, 5], "texture": "#0"},
				"east": {"uv": [0, 0, 1, 5], "texture": "#0"},
				"south": {"uv": [0, 0, 1, 5], "texture": "#0"},
				"west": {"uv": [0, 8, 1, 13], "texture": "#0"},
				"up": {"uv": [1, 0, 2, 1], "rotation": 180, "texture": "#0"},
				"down": {"uv": [4, 0, 5, 1], "rotation": 180, "texture": "#0"}
			}
		},
		{
			"from": [10, 21, 10],
			"to": [11, 24, 11],
			"rotation": {"angle": 0, "axis": "y", "origin": [4.5, 14.5, 4.5]},
			"faces": {
				"north": {"uv": [0, 0, 1, 3], "texture": "#0"},
				"east": {"uv": [0, 0, 1, 3], "texture": "#0"},
				"south": {"uv": [0, 0, 1, 3], "texture": "#0"},
				"west": {"uv": [0, 8, 1, 11], "texture": "#0"},
				"up": {"uv": [1, 0, 2, 1], "rotation": 180, "texture": "#0"},
				"down": {"uv": [4, 0, 5, 1], "rotation": 180, "texture": "#0"}
			}
		},
		{
			"from": [9, 24, 9],
			"to": [10, 26, 10],
			"rotation": {"angle": 0, "axis": "y", "origin": [4.5, 14.5, 4.5]},
			"faces": {
				"north": {"uv": [0, 0, 1, 2], "texture": "#0"},
				"east": {"uv": [0, 0, 1, 2], "texture": "#0"},
				"south": {"uv": [0, 0, 1, 2], "texture": "#0"},
				"west": {"uv": [0, 8, 1, 10], "texture": "#0"},
				"up": {"uv": [1, 0, 2, 1], "rotation": 180, "texture": "#0"},
				"down": {"uv": [4, 0, 5, 1], "rotation": 180, "texture": "#0"}
			}
		},
		{
			"from": [3.75, 16, 11.5],
			"to": [4.75, 21, 12.5],
			"rotation": {"angle": 0, "axis": "y", "origin": [8.5, 14.5, 8]},
			"faces": {
				"north": {"uv": [0, 0, 1, 5], "texture": "#0"},
				"east": {"uv": [0, 0, 1, 5], "texture": "#0"},
				"south": {"uv": [0, 0, 1, 5], "texture": "#0"},
				"west": {"uv": [0, 8, 1, 13], "texture": "#0"},
				"up": {"uv": [1, 0, 2, 1], "rotation": 270, "texture": "#0"},
				"down": {"uv": [4, 0, 5, 1], "rotation": 90, "texture": "#0"}
			}
		},
		{
			"from": [5.75, 24, 9.5],
			"to": [6.75, 26, 10.5],
			"rotation": {"angle": 0, "axis": "y", "origin": [8.5, 14.5, 8]},
			"faces": {
				"north": {"uv": [0, 0, 1, 2], "texture": "#0"},
				"east": {"uv": [0, 0, 1, 2], "texture": "#0"},
				"south": {"uv": [0, 0, 1, 2], "texture": "#0"},
				"west": {"uv": [0, 8, 1, 10], "texture": "#0"},
				"up": {"uv": [1, 0, 2, 1], "rotation": 270, "texture": "#0"},
				"down": {"uv": [4, 0, 5, 1], "rotation": 90, "texture": "#0"}
			}
		},
		{
			"from": [4.75, 21, 10.5],
			"to": [5.75, 24, 11.5],
			"rotation": {"angle": 0, "axis": "y", "origin": [8.5, 14.5, 8]},
			"faces": {
				"north": {"uv": [0, 0, 1, 3], "texture": "#0"},
				"east": {"uv": [0, 0, 1, 3], "texture": "#0"},
				"south": {"uv": [0, 0, 1, 3], "texture": "#0"},
				"west": {"uv": [0, 8, 1, 11], "texture": "#0"},
				"up": {"uv": [1, 0, 2, 1], "rotation": 270, "texture": "#0"},
				"down": {"uv": [4, 0, 5, 1], "rotation": 90, "texture": "#0"}
			}
		},
		{
			"from": [2.75, 8, 12.5],
			"to": [3.75, 16, 13.5],
			"rotation": {"angle": 0, "axis": "y", "origin": [8.5, 14.5, 8]},
			"faces": {
				"north": {"uv": [0, 0, 1, 8], "texture": "#0"},
				"east": {"uv": [0, 0, 1, 8], "texture": "#0"},
				"south": {"uv": [0, 0, 1, 8], "texture": "#0"},
				"west": {"uv": [0, 8, 1, 16], "texture": "#0"},
				"up": {"uv": [1, 0, 2, 1], "rotation": 270, "texture": "#0"},
				"down": {"uv": [4, 0, 5, 1], "rotation": 90, "texture": "#0"}
			}
		},
		{
			"from": [1.75, 0, 13.5],
			"to": [2.75, 8, 14.5],
			"rotation": {"angle": 0, "axis": "y", "origin": [8.5, 14.5, 8]},
			"faces": {
				"north": {"uv": [0, 0, 1, 8], "texture": "#0"},
				"east": {"uv": [0, 0, 1, 8], "texture": "#0"},
				"south": {"uv": [0, 0, 1, 8], "texture": "#0"},
				"west": {"uv": [0, 8, 1, 16], "texture": "#0"},
				"up": {"uv": [1, 0, 2, 1], "rotation": 270, "texture": "#0"},
				"down": {"uv": [4, 0, 5, 1], "rotation": 90, "texture": "#0"}
			}
		},
		{
			"from": [13, 0, 2],
			"to": [14, 8, 3],
			"rotation": {"angle": 0, "axis": "y", "origin": [8.5, 14.5, 8]},
			"faces": {
				"north": {"uv": [0, 0, 1, 8], "texture": "#0"},
				"east": {"uv": [0, 0, 1, 8], "texture": "#0"},
				"south": {"uv": [0, 0, 1, 8], "texture": "#0"},
				"west": {"uv": [0, 8, 1, 16], "texture": "#0"},
				"up": {"uv": [1, 0, 2, 1], "rotation": 90, "texture": "#0"},
				"down": {"uv": [4, 0, 5, 1], "rotation": 270, "texture": "#0"}
			}
		},
		{
			"from": [12, 8, 3],
			"to": [13, 16, 4],
			"rotation": {"angle": 0, "axis": "y", "origin": [8.5, 14.5, 8]},
			"faces": {
				"north": {"uv": [0, 0, 1, 8], "texture": "#0"},
				"east": {"uv": [0, 0, 1, 8], "texture": "#0"},
				"south": {"uv": [0, 0, 1, 8], "texture": "#0"},
				"west": {"uv": [0, 8, 1, 16], "texture": "#0"},
				"up": {"uv": [1, 0, 2, 1], "rotation": 90, "texture": "#0"},
				"down": {"uv": [4, 0, 5, 1], "rotation": 270, "texture": "#0"}
			}
		},
		{
			"from": [11, 16, 4],
			"to": [12, 21, 5],
			"rotation": {"angle": 0, "axis": "y", "origin": [8.5, 14.5, 8]},
			"faces": {
				"north": {"uv": [0, 0, 1, 5], "texture": "#0"},
				"east": {"uv": [0, 0, 1, 5], "texture": "#0"},
				"south": {"uv": [0, 0, 1, 5], "texture": "#0"},
				"west": {"uv": [0, 8, 1, 13], "texture": "#0"},
				"up": {"uv": [1, 0, 2, 1], "rotation": 90, "texture": "#0"},
				"down": {"uv": [4, 0, 5, 1], "rotation": 270, "texture": "#0"}
			}
		},
		{
			"from": [10, 21, 5],
			"to": [11, 24, 6],
			"rotation": {"angle": 0, "axis": "y", "origin": [8.5, 14.5, 8]},
			"faces": {
				"north": {"uv": [0, 0, 1, 3], "texture": "#0"},
				"east": {"uv": [0, 0, 1, 3], "texture": "#0"},
				"south": {"uv": [0, 0, 1, 3], "texture": "#0"},
				"west": {"uv": [0, 8, 1, 11], "texture": "#0"},
				"up": {"uv": [1, 0, 2, 1], "rotation": 90, "texture": "#0"},
				"down": {"uv": [4, 0, 5, 1], "rotation": 270, "texture": "#0"}
			}
		},
		{
			"from": [9, 24, 6],
			"to": [10, 26, 7],
			"rotation": {"angle": 0, "axis": "y", "origin": [8.5, 14.5, 8]},
			"faces": {
				"north": {"uv": [0, 0, 1, 2], "texture": "#0"},
				"east": {"uv": [0, 0, 1, 2], "texture": "#0"},
				"south": {"uv": [0, 0, 1, 2], "texture": "#0"},
				"west": {"uv": [0, 8, 1, 10], "texture": "#0"},
				"up": {"uv": [1, 0, 2, 1], "rotation": 90, "texture": "#0"},
				"down": {"uv": [4, 0, 5, 1], "rotation": 270, "texture": "#0"}
			}
		},
		{
			"from": [14, -8, 1],
			"to": [15, 0, 2],
			"rotation": {"angle": 0, "axis": "y", "origin": [8.5, 14.5, 8]},
			"faces": {
				"north": {"uv": [0, 0, 1, 8], "texture": "#0"},
				"east": {"uv": [0, 0, 1, 8], "texture": "#0"},
				"south": {"uv": [0, 0, 1, 8], "texture": "#0"},
				"west": {"uv": [0, 8, 1, 16], "texture": "#0"},
				"up": {"uv": [1, 0, 2, 1], "rotation": 90, "texture": "#0"},
				"down": {"uv": [4, 0, 5, 1], "rotation": 270, "texture": "#0"}
			}
		},
		{
			"from": [0.75, -8, 14],
			"to": [1.75, 0, 15],
			"rotation": {"angle": 0, "axis": "y", "origin": [8.5, 14.5, 8]},
			"faces": {
				"north": {"uv": [0, 0, 1, 8], "texture": "#0"},
				"east": {"uv": [0, 0, 1, 8], "texture": "#0"},
				"south": {"uv": [0, 0, 1, 8], "texture": "#0"},
				"west": {"uv": [0, 8, 1, 16], "texture": "#0"},
				"up": {"uv": [1, 0, 2, 1], "rotation": 270, "texture": "#0"},
				"down": {"uv": [4, 0, 5, 1], "rotation": 90, "texture": "#0"}
			}
		},
		{
			"from": [14, -8, 14],
			"to": [15, 0, 15],
			"rotation": {"angle": 0, "axis": "y", "origin": [4.5, 14.5, 4.5]},
			"faces": {
				"north": {"uv": [0, 0, 1, 8], "texture": "#0"},
				"east": {"uv": [0, 0, 1, 8], "texture": "#0"},
				"south": {"uv": [0, 0, 1, 8], "texture": "#0"},
				"west": {"uv": [0, 8, 1, 16], "texture": "#0"},
				"up": {"uv": [1, 0, 2, 1], "rotation": 180, "texture": "#0"},
				"down": {"uv": [4, 0, 5, 1], "rotation": 180, "texture": "#0"}
			}
		},
		{
			"from": [1, -8, 1],
			"to": [2, 0, 2],
			"faces": {
				"north": {"uv": [0, 0, 1, 8], "texture": "#0"},
				"east": {"uv": [0, 0, 1, 8], "texture": "#0"},
				"south": {"uv": [0, 0, 1, 8], "texture": "#0"},
				"west": {"uv": [0, 8, 1, 16], "texture": "#0"},
				"up": {"uv": [1, 0, 2, 1], "texture": "#0"},
				"down": {"uv": [4, 0, 5, 1], "texture": "#0"}
			}
		},
		{
			"from": [0, -8, 2],
			"to": [17, 0, 14],
			"rotation": {"angle": 0, "axis": "y", "origin": [8, 1, 8]},
			"faces": {
				"north": {"uv": [0, 0, 16, 8], "texture": "#0"},
				"east": {"uv": [0, 0, 12, 8], "texture": "#0"},
				"south": {"uv": [0, 0, 16, 8], "texture": "#0"},
				"west": {"uv": [0, 8, 12, 16], "texture": "#0"},
				"up": {"uv": [1, 0, 13, 16], "rotation": 270, "texture": "#0"},
				"down": {"uv": [4, 0, 16, 16], "rotation": 90, "texture": "#0"}
			}
		},
		{
			"from": [2, -8, -1],
			"to": [14, 0, 17],
			"faces": {
				"north": {"uv": [0, 0, 12, 8], "texture": "#0"},
				"east": {"uv": [0, 0, 16, 8], "texture": "#0"},
				"south": {"uv": [0, 0, 12, 8], "texture": "#0"},
				"west": {"uv": [0, 8, 16, 16], "texture": "#0"},
				"up": {"uv": [1, 0, 13, 16], "texture": "#0"},
				"down": {"uv": [4, 0, 16, 16], "texture": "#0"}
			}
		}
	],
	"display": {
		"head": {
			"scale": [3, 3, 3]
		}
	},
	"groups": [
		{
			"name": "rock",
			"origin": [0, 0, 0],
			"color": 0,
			"children": [0, 1, 2, 3, 4, 5, 6, 7, 8, 9, 10, 11, 12, 13, 14, 15, 16, 17, 18, 19, 20, 21, 22, 23, 24, 25, 26, 27, 28, 29, 30, 31, 32, 33, 34, 35, 36]
		}
	]
}