{
	"credit": "Made with Blockbench",
	"textures": {
		"0": "blade",
		"1": "core",
		"2": "dark_stone",
		"3": "wood",
		"particle": "blade"
	},
	"elements": [
		{
			"from": [7.25, 10, 5.5],
			"to": [8.75, 18, 10.5],
			"faces": {
				"north": {"uv": [0, 0, 1.5, 8], "texture": "#0"},
				"east": {"uv": [0, 0, 5, 8], "texture": "#0"},
				"south": {"uv": [0, 0, 1.5, 8], "texture": "#0"},
				"west": {"uv": [0, 0, 5, 8], "texture": "#0"},
				"up": {"uv": [0, 0, 1.5, 5], "texture": "#0"},
				"down": {"uv": [0, 0, 1.5, 5], "texture": "#0"}
			}
		},
		{
			"from": [7.5, 18, 6],
			"to": [8.5, 24, 10],
			"faces": {
				"north": {"uv": [0, 0, 1, 6], "texture": "#0"},
				"east": {"uv": [0, 0, 4, 6], "texture": "#0"},
				"south": {"uv": [0, 0, 1, 6], "texture": "#0"},
				"west": {"uv": [0, 0, 4, 6], "texture": "#0"},
				"up": {"uv": [0, 0, 1, 4], "texture": "#0"},
				"down": {"uv": [0, 0, 1, 4], "texture": "#0"}
			}
		},
		{
			"from": [7.75, 24, 6.5],
			"to": [8.25, 26, 9.5],
			"faces": {
				"north": {"uv": [0, 0, 0.5, 2], "texture": "#0"},
				"east": {"uv": [0, 0, 3, 2], "texture": "#0"},
				"south": {"uv": [0, 0, 0.5, 2], "texture": "#0"},
				"west": {"uv": [0, 0, 3, 2], "texture": "#0"},
				"up": {"uv": [0, 0, 0.5, 3], "texture": "#0"},
				"down": {"uv": [0, 0, 0.5, 3], "texture": "#0"}
			}
		},
		{
			"from": [7.75, 26, 7],
			"to": [8.25, 26.75, 9],
			"faces": {
				"north": {"uv": [0, 0, 0.5, 0.75], "texture": "#0"},
				"east": {"uv": [0, 0, 2, 0.75], "texture": "#0"},
				"south": {"uv": [0, 0, 0.5, 0.75], "texture": "#0"},
				"west": {"uv": [0, 0, 2, 0.75], "texture": "#0"},
				"up": {"uv": [0, 0, 0.5, 2], "texture": "#0"},
				"down": {"uv": [0, 0, 0.5, 2], "texture": "#0"}
			}
		},
		{
			"from": [7.75, 18, 5.75],
			"to": [8.25, 23.5, 10.25],
			"faces": {
				"north": {"uv": [0, 0, 0.5, 5.5], "texture": "#0"},
				"east": {"uv": [0, 0, 4.5, 5.5], "texture": "#0"},
				"south": {"uv": [0, 0, 0.5, 5.5], "texture": "#0"},
				"west": {"uv": [0, 0, 4.5, 5.5], "texture": "#0"},
				"up": {"uv": [0, 0, 0.5, 4.5], "texture": "#0"},
				"down": {"uv": [0, 0, 0.5, 4.5], "texture": "#0"}
			}
		},
		{
			"from": [7.5, 10.5, 5.25],
			"to": [8.5, 17.5, 10.75],
			"faces": {
				"north": {"uv": [0, 0, 1, 7], "texture": "#0"},
				"east": {"uv": [0, 0, 5.5, 7], "texture": "#0"},
				"south": {"uv": [0, 0, 1, 7], "texture": "#0"},
				"west": {"uv": [0, 0, 5.5, 7], "texture": "#0"},
				"up": {"uv": [0, 0, 1, 5.5], "texture": "#0"},
				"down": {"uv": [0, 0, 1, 5.5], "texture": "#0"}
			}
		},
		{
			"from": [6.5, 0, 7],
			"to": [9.5, 8, 9],
			"rotation": {"angle": 0, "axis": "y", "origin": [0, -1, 0]},
			"faces": {
				"north": {"uv": [0, 0, 3, 8], "texture": "#3"},
				"east": {"uv": [0, 0, 2, 8], "texture": "#3"},
				"south": {"uv": [0, 0, 3, 8], "texture": "#3"},
				"west": {"uv": [0, 0, 2, 8], "texture": "#3"},
				"up": {"uv": [0, 0, 3, 2], "texture": "#3"},
				"down": {"uv": [0, 0, 3, 2], "texture": "#3"}
			}
		},
		{
			"from": [7, 0, 6.5],
			"to": [8.5, 8, 9.5],
			"rotation": {"angle": -22.5, "axis": "y", "origin": [8, 5, 8]},
			"faces": {
				"north": {"uv": [0, 0, 1.5, 8], "texture": "#3"},
				"east": {"uv": [0, 0, 3, 8], "texture": "#3"},
				"south": {"uv": [0, 0, 1.5, 8], "texture": "#3"},
				"west": {"uv": [0, 0, 3, 8], "texture": "#3"},
				"up": {"uv": [0, 0, 3, 1.5], "rotation": 270, "texture": "#3"},
				"down": {"uv": [0, 0, 3, 1.5], "rotation": 90, "texture": "#3"}
			}
		},
		{
			"from": [7.48307, 0, 6.40119],
			"to": [8.98307, 8, 9.40119],
			"rotation": {"angle": 22.5, "axis": "y", "origin": [8.23307, 5, 7.90119]},
			"faces": {
				"north": {"uv": [0, 0, 1.5, 8], "texture": "#3"},
				"east": {"uv": [0, 0, 3, 8], "texture": "#3"},
				"south": {"uv": [0, 0, 1.5, 8], "texture": "#3"},
				"west": {"uv": [0, 0, 3, 8], "texture": "#3"},
				"up": {"uv": [0, 0, 3, 1.5], "rotation": 270, "texture": "#3"},
				"down": {"uv": [0, 0, 3, 1.5], "rotation": 90, "texture": "#3"}
			}
		},
		{
			"from": [7, 8, 4],
			"to": [9, 10, 12],
			"faces": {
				"north": {"uv": [0, 0, 2, 2], "texture": "#2"},
				"east": {"uv": [0, 0, 8, 2], "texture": "#2"},
				"south": {"uv": [0, 0, 2, 2], "texture": "#2"},
				"west": {"uv": [0, 0, 8, 2], "texture": "#2"},
				"up": {"uv": [0, 0, 2, 8], "texture": "#2"},
				"down": {"uv": [0, 0, 2, 8], "texture": "#2"}
			}
		},
		{
			"from": [6, 8, 5],
			"to": [7, 10, 11],
			"faces": {
				"north": {"uv": [0, 0, 1, 2], "texture": "#2"},
				"east": {"uv": [0, 0, 6, 2], "texture": "#2"},
				"south": {"uv": [0, 0, 1, 2], "texture": "#2"},
				"west": {"uv": [0, 0, 6, 2], "texture": "#2"},
				"up": {"uv": [0, 0, 1, 6], "texture": "#2"},
				"down": {"uv": [0, 0, 1, 6], "texture": "#2"}
			}
		},
		{
			"from": [9, 8, 5],
			"to": [10, 10, 11],
			"faces": {
				"north": {"uv": [0, 0, 1, 2], "texture": "#2"},
				"east": {"uv": [0, 0, 6, 2], "texture": "#2"},
				"south": {"uv": [0, 0, 1, 2], "texture": "#2"},
				"west": {"uv": [0, 0, 6, 2], "texture": "#2"},
				"up": {"uv": [0, 0, 1, 6], "texture": "#2"},
				"down": {"uv": [0, 0, 1, 6], "texture": "#2"}
			}
		},
		{
			"from": [6.25, 8.5, 4.25],
			"to": [9.75, 9.5, 11.75],
			"faces": {
				"north": {"uv": [0, 0, 3.5, 1], "texture": "#2"},
				"east": {"uv": [0, 0, 7.5, 1], "texture": "#2"},
				"south": {"uv": [0, 0, 3.5, 1], "texture": "#2"},
				"west": {"uv": [0, 0, 7.5, 1], "texture": "#2"},
				"up": {"uv": [0, 0, 3.5, 7.5], "texture": "#2"},
				"down": {"uv": [0, 0, 3.5, 7.5], "texture": "#2"}
			}
		},
		{
			"from": [7.25, 7.5, 4.5],
			"to": [8.75, 9.5, 11.5],
			"faces": {
				"north": {"uv": [0, 0, 1.5, 2], "texture": "#2"},
				"east": {"uv": [0, 0, 7, 2], "texture": "#2"},
				"south": {"uv": [0, 0, 1.5, 2], "texture": "#2"},
				"west": {"uv": [0, 0, 7, 2], "texture": "#2"},
				"up": {"uv": [0, 0, 1.5, 7], "texture": "#2"},
				"down": {"uv": [0, 0, 1.5, 7], "texture": "#2"}
			}
		},
		{
			"from": [7.75, 9.5, 5],
			"to": [8.25, 11, 11],
			"faces": {
				"north": {"uv": [0, 0, 0.5, 1.5], "texture": "#2"},
				"east": {"uv": [0, 0, 6, 1.5], "texture": "#2"},
				"south": {"uv": [0, 0, 0.5, 1.5], "texture": "#2"},
				"west": {"uv": [0, 0, 6, 1.5], "texture": "#2"},
				"up": {"uv": [0, 0, 0.5, 6], "texture": "#2"},
				"down": {"uv": [0, 0, 0.5, 6], "texture": "#2"}
			}
		},
		{
			"from": [7, 9.5, 7.75],
			"to": [9, 11, 8.25],
			"rotation": {"angle": 0, "axis": "y", "origin": [8, 10.25, 8]},
			"faces": {
				"north": {"uv": [0, 0, 2, 1.5], "texture": "#2"},
				"east": {"uv": [0, 0, 0.5, 1.5], "texture": "#2"},
				"south": {"uv": [0, 0, 2, 1.5], "texture": "#2"},
				"west": {"uv": [0, 0, 0.5, 1.5], "texture": "#2"},
				"up": {"uv": [0, 0, 0.5, 2], "rotation": 270, "texture": "#2"},
				"down": {"uv": [0, 0, 0.5, 2], "rotation": 90, "texture": "#2"}
			}
		},
		{
			"from": [6, -2, 6],
			"to": [10, 0, 10],
			"faces": {
				"north": {"uv": [0, 0, 4, 2], "texture": "#2"},
				"east": {"uv": [0, 0, 4, 2], "texture": "#2"},
				"south": {"uv": [0, 0, 4, 2], "texture": "#2"},
				"west": {"uv": [0, 0, 4, 2], "texture": "#2"},
				"up": {"uv": [0, 0, 4, 4], "texture": "#2"},
				"down": {"uv": [0, 0, 4, 4], "texture": "#2"}
			}
		},
		{
			"from": [5.75, -2.25, 7],
			"to": [10.25, -0.25, 9],
			"faces": {
				"north": {"uv": [0, 0, 4.5, 2], "texture": "#2"},
				"east": {"uv": [0, 0, 2, 2], "texture": "#2"},
				"south": {"uv": [0, 0, 4.5, 2], "texture": "#2"},
				"west": {"uv": [0, 0, 2, 2], "texture": "#2"},
				"up": {"uv": [0, 0, 4.5, 2], "texture": "#2"},
				"down": {"uv": [0, 0, 4.5, 2], "texture": "#2"}
			}
		},
		{
			"from": [7, -3.25, 5.75],
			"to": [9, -1.25, 10.25],
			"rotation": {"angle": 0, "axis": "y", "origin": [8, -5.25, 8]},
			"faces": {
				"north": {"uv": [0, 0, 2, 2], "texture": "#2"},
				"east": {"uv": [0, 0, 4.5, 2], "texture": "#2"},
				"south": {"uv": [0, 0, 2, 2], "texture": "#2"},
				"west": {"uv": [0, 0, 4.5, 2], "texture": "#2"},
				"up": {"uv": [0, 0, 4.5, 2], "rotation": 270, "texture": "#2"},
				"down": {"uv": [0, 0, 4.5, 2], "rotation": 90, "texture": "#2"}
			}
		},
		{
			"from": [7.9375, 26.25, 6.75],
			"to": [8.0625, 27, 9.25],
			"faces": {
				"north": {"uv": [0, 0, 0.125, 0.75], "texture": "#1"},
				"east": {"uv": [0, 0, 2.5, 0.75], "texture": "#1"},
				"south": {"uv": [0, 0, 0.125, 0.75], "texture": "#1"},
				"west": {"uv": [0, 0, 2.5, 0.75], "texture": "#1"},
				"up": {"uv": [0, 0, 0.125, 2.5], "texture": "#1"},
				"down": {"uv": [0, 0, 0.125, 2.5], "texture": "#1"}
			}
		},
		{
			"from": [7.9375, 24.25, 6.25],
			"to": [8.0625, 26.25, 9.75],
			"faces": {
				"north": {"uv": [0, 0, 0.125, 2], "texture": "#1"},
				"east": {"uv": [0, 0, 3.5, 2], "texture": "#1"},
				"south": {"uv": [0, 0, 0.125, 2], "texture": "#1"},
				"west": {"uv": [0, 0, 3.5, 2], "texture": "#1"},
				"up": {"uv": [0, 0, 0.125, 3.5], "texture": "#1"},
				"down": {"uv": [0, 0, 0.125, 3.5], "texture": "#1"}
			}
		},
		{
			"from": [7.9375, 23.75, 5.75],
			"to": [8.0625, 24.25, 10.25],
			"faces": {
				"north": {"uv": [0, 0, 0.125, 0.5], "texture": "#1"},
				"east": {"uv": [0, 0, 4.5, 0.5], "texture": "#1"},
				"south": {"uv": [0, 0, 0.125, 0.5], "texture": "#1"},
				"west": {"uv": [0, 0, 4.5, 0.5], "texture": "#1"},
				"up": {"uv": [0, 0, 0.125, 4.5], "texture": "#1"},
				"down": {"uv": [0, 0, 0.125, 4.5], "texture": "#1"}
			}
		},
		{
			"from": [7.9375, 18.25, 5.5],
			"to": [8.0625, 23.75, 10.5],
			"faces": {
				"north": {"uv": [0, 0, 0.125, 5.5], "texture": "#1"},
				"east": {"uv": [0, 0, 5, 5.5], "texture": "#1"},
				"south": {"uv": [0, 0, 0.125, 5.5], "texture": "#1"},
				"west": {"uv": [0, 0, 5, 5.5], "texture": "#1"},
				"up": {"uv": [0, 0, 0.125, 5], "texture": "#1"},
				"down": {"uv": [0, 0, 0.125, 5], "texture": "#1"}
			}
		},
		{
			"from": [7.9375, 17.75, 5.25],
			"to": [8.0625, 18.25, 10.75],
			"faces": {
				"north": {"uv": [0, 0, 0.125, 0.5], "texture": "#1"},
				"east": {"uv": [0, 0, 5.5, 0.5], "texture": "#1"},
				"south": {"uv": [0, 0, 0.125, 0.5], "texture": "#1"},
				"west": {"uv": [0, 0, 5.5, 0.5], "texture": "#1"},
				"up": {"uv": [0, 0, 0.125, 5.5], "texture": "#1"},
				"down": {"uv": [0, 0, 0.125, 5.5], "texture": "#1"}
			}
		},
		{
			"from": [7.9375, 11.25, 5],
			"to": [8.0625, 17.75, 11],
			"faces": {
				"north": {"uv": [0, 0, 0.125, 6.5], "texture": "#1"},
				"east": {"uv": [0, 0, 6, 6.5], "texture": "#1"},
				"south": {"uv": [0, 0, 0.125, 6.5], "texture": "#1"},
				"west": {"uv": [0, 0, 6, 6.5], "texture": "#1"},
				"up": {"uv": [0, 0, 0.125, 6], "texture": "#1"},
				"down": {"uv": [0, 0, 0.125, 6], "texture": "#1"}
			}
		},
		{
			"from": [7.9375, 10.25, 4.75],
			"to": [8.0625, 11.25, 11.25],
			"faces": {
				"north": {"uv": [0, 0, 0.125, 1], "texture": "#1"},
				"east": {"uv": [0, 0, 6.5, 1], "texture": "#1"},
				"south": {"uv": [0, 0, 0.125, 1], "texture": "#1"},
				"west": {"uv": [0, 0, 6.5, 1], "texture": "#1"},
				"up": {"uv": [0, 0, 0.125, 6.5], "texture": "#1"},
				"down": {"uv": [0, 0, 0.125, 6.5], "texture": "#1"}
			}
		},
		{
			"from": [7.625, 10, 4.75],
			"to": [8.375, 10.25, 11.25],
			"faces": {
				"north": {"uv": [0, 0, 0.75, 0.25], "texture": "#1"},
				"east": {"uv": [0, 0, 6.5, 0.25], "texture": "#1"},
				"south": {"uv": [0, 0, 0.75, 0.25], "texture": "#1"},
				"west": {"uv": [0, 0, 6.5, 0.25], "texture": "#1"},
				"up": {"uv": [0, 0, 0.75, 6.5], "texture": "#1"},
				"down": {"uv": [0, 0, 0.75, 6.5], "texture": "#1"}
			}
		},
		{
			"from": [8.375, 10, 5.25],
			"to": [8.9375, 10.25, 11.25],
			"faces": {
				"north": {"uv": [0, 0, 0.5625, 0.25], "texture": "#1"},
				"east": {"uv": [0, 0, 6, 0.25], "texture": "#1"},
				"south": {"uv": [0, 0, 0.5625, 0.25], "texture": "#1"},
				"west": {"uv": [0, 0, 6, 0.25], "texture": "#1"},
				"up": {"uv": [0, 0, 0.5625, 6], "texture": "#1"},
				"down": {"uv": [0, 0, 0.5625, 6], "texture": "#1"}
			}
		},
		{
			"from": [7.0625, 10, 5.25],
			"to": [7.625, 10.25, 11.25],
			"faces": {
				"north": {"uv": [0, 0, 0.5625, 0.25], "texture": "#1"},
				"east": {"uv": [0, 0, 6, 0.25], "texture": "#1"},
				"south": {"uv": [0, 0, 0.5625, 0.25], "texture": "#1"},
				"west": {"uv": [0, 0, 6, 0.25], "texture": "#1"},
				"up": {"uv": [0, 0, 0.5625, 6], "texture": "#1"},
				"down": {"uv": [0, 0, 0.5625, 6], "texture": "#1"}
			}
		},
		{
			"from": [7.0625, 10.25, 7.5],
			"to": [8.875, 11.25, 8.5],
			"faces": {
				"north": {"uv": [0, 0, 1.8125, 1], "texture": "#1"},
				"east": {"uv": [0, 0, 1, 1], "texture": "#1"},
				"south": {"uv": [0, 0, 1.8125, 1], "texture": "#1"},
				"west": {"uv": [0, 0, 1, 1], "texture": "#1"},
				"up": {"uv": [0, 0, 1.8125, 1], "texture": "#1"},
				"down": {"uv": [0, 0, 1.8125, 1], "texture": "#1"}
			}
		},
		{
			"from": [7.0625, 11.25, 7.875],
			"to": [8.875, 15.25, 8.125],
			"faces": {
				"north": {"uv": [0, 0, 1.8125, 4], "texture": "#1"},
				"east": {"uv": [0, 0, 0.25, 4], "texture": "#1"},
				"south": {"uv": [0, 0, 1.8125, 4], "texture": "#1"},
				"west": {"uv": [0, 0, 0.25, 4], "texture": "#1"},
				"up": {"uv": [0, 0, 1.8125, 0.25], "texture": "#1"},
				"down": {"uv": [0, 0, 1.8125, 0.25], "texture": "#1"}
			}
		}
	],
	"display": {
		"thirdperson_righthand": {
			"translation": [0, 0, 1.5],
			"scale": [0.5, 0.5, 0.5]
		},
		"thirdperson_lefthand": {
			"translation": [0, 0, 1.5],
			"scale": [0.5, 0.5, 0.5]
		},
		"firstperson_righthand": {
			"translation": [0, 0, 1.5],
			"scale": [0.5, 0.5, 0.5]
		},
		"firstperson_lefthand": {
			"translation": [0, 0, 1.5],
			"scale": [0.5, 0.5, 0.5]
		},
		"ground": {
			"rotation": [180, 0, 0],
			"translation": [0, 7, 0],
			"scale": [0.5, 0.5, 0.5]
		},
		"gui": {
			"rotation": [-90, 45, 90],
			"translation": [0.5, -0.5, 0],
			"scale": [0.5, 0.5, 0.5]
		},
		"head": {
			"rotation": [90, 20, 90],
			"translation": [1.5, -22.75, 4],
			"scale": [0.5, 0.5, 0.5]
		},
		"fixed": {
			"rotation": [-90, 135, 90],
			"translation": [0.5, -0.5, 0],
			"scale": [0.5, 0.5, 0.5]
		}
	},
	"groups": [
		{
			"name": "blade",
			"origin": [0, 0, 0],
			"color": 0,
			"children": [0, 1, 2, 3, 4, 5]
		},
		{
			"name": "handle",
			"origin": [8.23307, 5, 7.90119],
			"color": 0,
			"children": [6, 7, 8]
		},
		{
			"name": "guard",
			"origin": [8, 10.25, 8],
			"color": 0,
			"children": [9, 10, 11, 12, 13, 14, 15]
		},
		{
			"name": "pommel",
			"origin": [8, -5.25, 8],
			"color": 0,
			"children": [16, 17, 18]
		},
		{
			"name": "edge",
			"origin": [0, 0, 0],
			"color": 0,
			"children": [19, 20, 21, 22, 23, 24, 25, 26, 27, 28, 29, 30]
		}
	]
}