{
	"credit": "Made with Blockbench",
	"textures": {
		"0": "base_rune",
		"1": "shimmering_rock",
		"2": "dark_stone",
		"particle": "base_rune"
	},
	"elements": [
		{
			"from": [8, 0, 7],
			"to": [11, 2, 9],
			"faces": {
				"north": {"uv": [8, 3, 11, 5], "texture": "#2"},
				"east": {"uv": [5, 8, 7, 10], "texture": "#2"},
				"south": {"uv": [10, 8, 13, 10], "texture": "#2"},
				"west": {"uv": [2, 8, 4, 10], "texture": "#2"},
				"up": {"uv": [4, 2, 7, 4], "texture": "#2"},
				"down": {"uv": [3, 6, 6, 8], "texture": "#2"}
			}
		},
		{
			"from": [7, 2, 7],
			"to": [9, 6, 9],
			"faces": {
				"north": {"uv": [8, 3, 10, 7], "texture": "#2"},
				"east": {"uv": [5, 8, 7, 12], "texture": "#2"},
				"south": {"uv": [10, 8, 12, 12], "texture": "#2"},
				"west": {"uv": [2, 8, 4, 12], "texture": "#2"},
				"up": {"uv": [4, 2, 6, 4], "texture": "#2"},
				"down": {"uv": [3, 6, 5, 8], "texture": "#2"}
			}
		},
		{
			"from": [9, 3, 7],
			"to": [9.5, 3.5, 9],
			"faces": {
				"north": {"uv": [8, 3, 8.5, 3.5], "texture": "#2"},
				"east": {"uv": [5, 8, 7, 8.5], "texture": "#2"},
				"south": {"uv": [10, 8, 10.5, 8.5], "texture": "#2"},
				"west": {"uv": [2, 8, 4, 8.5], "texture": "#2"},
				"up": {"uv": [4, 2, 4.5, 4], "texture": "#2"},
				"down": {"uv": [3, 6, 3.5, 8], "texture": "#2"}
			}
		},
		{
			"from": [9, 4, 7],
			"to": [9.5, 4.5, 9],
			"faces": {
				"north": {"uv": [8, 3, 8.5, 3.5], "texture": "#2"},
				"east": {"uv": [5, 8, 7, 8.5], "texture": "#2"},
				"south": {"uv": [10, 8, 10.5, 8.5], "texture": "#2"},
				"west": {"uv": [2, 8, 4, 8.5], "texture": "#2"},
				"up": {"uv": [4, 2, 4.5, 4], "texture": "#2"},
				"down": {"uv": [3, 6, 3.5, 8], "texture": "#2"}
			}
		},
		{
			"from": [9, 5, 7],
			"to": [9.5, 5.5, 9],
			"faces": {
				"north": {"uv": [8, 3, 8.5, 3.5], "texture": "#2"},
				"east": {"uv": [5, 8, 7, 8.5], "texture": "#2"},
				"south": {"uv": [10, 8, 10.5, 8.5], "texture": "#2"},
				"west": {"uv": [2, 8, 4, 8.5], "texture": "#2"},
				"up": {"uv": [4, 2, 4.5, 4], "texture": "#2"},
				"down": {"uv": [3, 6, 3.5, 8], "texture": "#2"}
			}
		},
		{
			"from": [6.5, 3, 7],
			"to": [7, 3.5, 9],
			"faces": {
				"north": {"uv": [8, 3, 8.5, 3.5], "texture": "#2"},
				"east": {"uv": [5, 8, 7, 8.5], "texture": "#2"},
				"south": {"uv": [10, 8, 10.5, 8.5], "texture": "#2"},
				"west": {"uv": [2, 8, 4, 8.5], "texture": "#2"},
				"up": {"uv": [4, 2, 4.5, 4], "texture": "#2"},
				"down": {"uv": [3, 6, 3.5, 8], "texture": "#2"}
			}
		},
		{
			"from": [6.5, 4, 7],
			"to": [7, 4.5, 9],
			"faces": {
				"north": {"uv": [8, 3, 8.5, 3.5], "texture": "#2"},
				"east": {"uv": [5, 8, 7, 8.5], "texture": "#2"},
				"south": {"uv": [10, 8, 10.5, 8.5], "texture": "#2"},
				"west": {"uv": [2, 8, 4, 8.5], "texture": "#2"},
				"up": {"uv": [4, 2, 4.5, 4], "texture": "#2"},
				"down": {"uv": [3, 6, 3.5, 8], "texture": "#2"}
			}
		},
		{
			"from": [6.5, 5, 7],
			"to": [7, 5.5, 9],
			"faces": {
				"north": {"uv": [8, 3, 8.5, 3.5], "texture": "#2"},
				"east": {"uv": [5, 8, 7, 8.5], "texture": "#2"},
				"south": {"uv": [10, 8, 10.5, 8.5], "texture": "#2"},
				"west": {"uv": [2, 8, 4, 8.5], "texture": "#2"},
				"up": {"uv": [4, 2, 4.5, 4], "texture": "#2"},
				"down": {"uv": [3, 6, 3.5, 8], "texture": "#2"}
			}
		},
		{
			"from": [7, 4, 6.5],
			"to": [9, 4.5, 7],
			"rotation": {"angle": 0, "axis": "y", "origin": [8, 3.75, 8]},
			"faces": {
				"north": {"uv": [8, 3, 10, 3.5], "texture": "#2"},
				"east": {"uv": [5, 8, 5.5, 8.5], "texture": "#2"},
				"south": {"uv": [10, 8, 12, 8.5], "texture": "#2"},
				"west": {"uv": [2, 8, 2.5, 8.5], "texture": "#2"},
				"up": {"uv": [4, 2, 4.5, 4], "rotation": 270, "texture": "#2"},
				"down": {"uv": [3, 6, 3.5, 8], "rotation": 90, "texture": "#2"}
			}
		},
		{
			"from": [7, 5, 6.5],
			"to": [9, 5.5, 7],
			"rotation": {"angle": 0, "axis": "y", "origin": [8, 3.75, 8]},
			"faces": {
				"north": {"uv": [8, 3, 10, 3.5], "texture": "#2"},
				"east": {"uv": [5, 8, 5.5, 8.5], "texture": "#2"},
				"south": {"uv": [10, 8, 12, 8.5], "texture": "#2"},
				"west": {"uv": [2, 8, 2.5, 8.5], "texture": "#2"},
				"up": {"uv": [4, 2, 4.5, 4], "rotation": 270, "texture": "#2"},
				"down": {"uv": [3, 6, 3.5, 8], "rotation": 90, "texture": "#2"}
			}
		},
		{
			"from": [7, 3, 6.5],
			"to": [9, 3.5, 7],
			"rotation": {"angle": 0, "axis": "y", "origin": [8, 3.75, 8]},
			"faces": {
				"north": {"uv": [8, 3, 10, 3.5], "texture": "#2"},
				"east": {"uv": [5, 8, 5.5, 8.5], "texture": "#2"},
				"south": {"uv": [10, 8, 12, 8.5], "texture": "#2"},
				"west": {"uv": [2, 8, 2.5, 8.5], "texture": "#2"},
				"up": {"uv": [4, 2, 4.5, 4], "rotation": 270, "texture": "#2"},
				"down": {"uv": [3, 6, 3.5, 8], "rotation": 90, "texture": "#2"}
			}
		},
		{
			"from": [7, 3, 9],
			"to": [9, 3.5, 9.5],
			"rotation": {"angle": 0, "axis": "y", "origin": [8, 3.75, 8]},
			"faces": {
				"north": {"uv": [8, 3, 10, 3.5], "texture": "#2"},
				"east": {"uv": [5, 8, 5.5, 8.5], "texture": "#2"},
				"south": {"uv": [10, 8, 12, 8.5], "texture": "#2"},
				"west": {"uv": [2, 8, 2.5, 8.5], "texture": "#2"},
				"up": {"uv": [4, 2, 4.5, 4], "rotation": 270, "texture": "#2"},
				"down": {"uv": [3, 6, 3.5, 8], "rotation": 90, "texture": "#2"}
			}
		},
		{
			"from": [7, 4, 9],
			"to": [9, 4.5, 9.5],
			"rotation": {"angle": 0, "axis": "y", "origin": [8, 3.75, 8]},
			"faces": {
				"north": {"uv": [8, 3, 10, 3.5], "texture": "#2"},
				"east": {"uv": [5, 8, 5.5, 8.5], "texture": "#2"},
				"south": {"uv": [10, 8, 12, 8.5], "texture": "#2"},
				"west": {"uv": [2, 8, 2.5, 8.5], "texture": "#2"},
				"up": {"uv": [4, 2, 4.5, 4], "rotation": 270, "texture": "#2"},
				"down": {"uv": [3, 6, 3.5, 8], "rotation": 90, "texture": "#2"}
			}
		},
		{
			"from": [7, 5, 9],
			"to": [9, 5.5, 9.5],
			"rotation": {"angle": 0, "axis": "y", "origin": [8, 3.75, 8]},
			"faces": {
				"north": {"uv": [8, 3, 10, 3.5], "texture": "#2"},
				"east": {"uv": [5, 8, 5.5, 8.5], "texture": "#2"},
				"south": {"uv": [10, 8, 12, 8.5], "texture": "#2"},
				"west": {"uv": [2, 8, 2.5, 8.5], "texture": "#2"},
				"up": {"uv": [4, 2, 4.5, 4], "rotation": 270, "texture": "#2"},
				"down": {"uv": [3, 6, 3.5, 8], "rotation": 90, "texture": "#2"}
			}
		},
		{
			"from": [11, 0.5, 7],
			"to": [12, 2.5, 9],
			"faces": {
				"north": {"uv": [8, 3, 9, 5], "texture": "#2"},
				"east": {"uv": [5, 8, 7, 10], "texture": "#2"},
				"south": {"uv": [10, 8, 11, 10], "texture": "#2"},
				"west": {"uv": [2, 8, 4, 10], "texture": "#2"},
				"up": {"uv": [4, 2, 5, 4], "texture": "#2"},
				"down": {"uv": [3, 6, 4, 8], "texture": "#2"}
			}
		},
		{
			"from": [7, 0.5, 7],
			"to": [8, 2, 9],
			"faces": {
				"north": {"uv": [8, 3, 9, 4.5], "texture": "#2"},
				"east": {"uv": [5, 8, 7, 9.5], "texture": "#2"},
				"south": {"uv": [10, 8, 11, 9.5], "texture": "#2"},
				"west": {"uv": [2, 8, 4, 9.5], "texture": "#2"},
				"up": {"uv": [4, 2, 5, 4], "texture": "#2"},
				"down": {"uv": [3, 6, 4, 8], "texture": "#2"}
			}
		},
		{
			"name": "shimmering_rock",
			"from": [9.25, 2, 7.25],
			"to": [10.75, 2.25, 8.75],
			"rotation": {"angle": 45, "axis": "y", "origin": [10, 2.125, 8]},
			"faces": {
				"north": {"uv": [0, 0, 1.5, 0.25], "texture": "#1"},
				"east": {"uv": [0, 0, 1.5, 0.25], "texture": "#1"},
				"south": {"uv": [0, 0, 1.5, 0.25], "texture": "#1"},
				"west": {"uv": [0, 0, 1.5, 0.25], "texture": "#1"},
				"up": {"uv": [0, 0, 16, 16], "texture": "#1"},
				"down": {"uv": [0, 0, 16, 16], "texture": "#1"}
			}
		},
		{
			"name": "rune",
			"from": [9.5, 2.25, 7.5],
			"to": [10.5, 2.5, 8.5],
			"rotation": {"angle": 0, "axis": "y", "origin": [10, 2.375, 8]},
			"faces": {
				"north": {"uv": [0, 0, 1, 0.25], "texture": "#0"},
				"east": {"uv": [0, 0, 1, 0.25], "texture": "#0"},
				"south": {"uv": [0, 0, 1, 0.25], "texture": "#0"},
				"west": {"uv": [0, 0, 1, 0.25], "texture": "#0"},
				"up": {"uv": [2, 2, 16, 16], "rotation": 270, "texture": "#0"},
				"down": {"uv": [0, 0, 1, 1], "rotation": 90, "texture": "#0"}
			}
		}
	],
	"display": {
		"thirdperson_righthand": {
			"translation": [0, 0.75, -0.5],
			"scale": [0.5, 0.5, 0.5]
		},
		"thirdperson_lefthand": {
			"translation": [0, 0.75, -0.5],
			"scale": [0.5, 0.5, 0.5]
		},
		"firstperson_righthand": {
			"translation": [0, 5.25, 0],
			"scale": [0.5, 0.5, 0.5]
		},
		"firstperson_lefthand": {
			"translation": [0, 5.25, 0],
			"scale": [0.5, 0.5, 0.5]
		},
		"ground": {
			"translation": [0, 2, 0],
			"scale": [0.5, 0.5, 0.5]
		},
		"gui": {
			"rotation": [45, -1.5, 45],
			"translation": [-6, 3, 0],
			"scale": [1.5, 1.5, 1.5]
		},
		"head": {
			"translation": [0, 6.5, -7.75],
			"scale": [0.5, 0.5, 0.5]
		},
		"fixed": {
			"translation": [0, 8, 0],
			"scale": [1.5, 1.5, 1.5]
		}
	},
	"groups": [
		{
			"name": "backplate",
			"origin": [0, 0, 0],
			"color": 0,
			"children": [0, 1, 2, 3, 4, 5, 6, 7, 8, 9, 10, 11, 12, 13, 14, 15]
		},
		16,
		17
	]
}