{
	"credit": "Made with Blockbench",
	"textures": {
		"0": "dark_stone",
		"1": "scholar_rune",
		"2": "shimmering_rock",
		"particle": "dark_stone"
	},
	"elements": [
		{
			"from": [6.75, 0.5, 6.75],
			"to": [9.25, 2.5, 9.25],
			"rotation": {"angle": 0, "axis": "y", "origin": [8, 3, 8]},
			"faces": {
				"north": {"uv": [0, 0, 2.5, 2], "texture": "#2"},
				"east": {"uv": [0, 0, 2.5, 2], "texture": "#2"},
				"south": {"uv": [0, 0, 2.5, 2], "texture": "#2"},
				"west": {"uv": [0, 0, 2.5, 2], "texture": "#2"},
				"up": {"uv": [0, 0, 16, 16], "rotation": 270, "texture": "#2"},
				"down": {"uv": [0, 0, 16, 16], "rotation": 90, "texture": "#2"}
			}
		},
		{
			"from": [7.25, 2.5, 7.25],
			"to": [8.75, 2.75, 8.75],
			"rotation": {"angle": 0, "axis": "y", "origin": [8, 2.625, 8]},
			"faces": {
				"north": {"uv": [0, 0, 1.5, 0.25], "texture": "#1"},
				"east": {"uv": [0, 0, 1.5, 0.25], "texture": "#1"},
				"south": {"uv": [0, 0, 1.5, 0.25], "texture": "#1"},
				"west": {"uv": [0, 0, 1.5, 0.25], "texture": "#1"},
				"up": {"uv": [0, 0, 16, 16], "rotation": 180, "texture": "#1"},
				"down": {"uv": [0, 0, 16, 16], "rotation": 180, "texture": "#1"}
			}
		},
		{
			"from": [0.57508, 1.87745, 3],
			"to": [7.57508, 2.87745, 13],
			"rotation": {"angle": -22.5, "axis": "z", "origin": [3.57508, 1.87745, 8]},
			"faces": {
				"north": {"uv": [0, 0, 7, 1], "texture": "#0"},
				"east": {"uv": [0, 0, 10, 1], "texture": "#0"},
				"south": {"uv": [0, 0, 7, 1], "texture": "#0"},
				"west": {"uv": [0, 0, 10, 1], "texture": "#0"},
				"up": {"uv": [0, 0, 7, 10], "texture": "#0"},
				"down": {"uv": [0, 0, 7, 10], "texture": "#0"}
			}
		},
		{
			"from": [7, 0, 2.75],
			"to": [9, 2, 13.25],
			"faces": {
				"north": {"uv": [0, 0, 2, 2], "texture": "#0"},
				"east": {"uv": [0, 0, 10.5, 2], "texture": "#0"},
				"south": {"uv": [0, 0, 2, 2], "texture": "#0"},
				"west": {"uv": [0, 0, 10.5, 2], "texture": "#0"},
				"up": {"uv": [0, 0, 2, 10.5], "texture": "#0"},
				"down": {"uv": [0, 0, 2, 10.5], "texture": "#0"}
			}
		},
		{
			"from": [8.42492, 1.87745, 3],
			"to": [15.42492, 2.87745, 13],
			"rotation": {"angle": 22.5, "axis": "z", "origin": [12.42492, 1.87745, 8]},
			"faces": {
				"north": {"uv": [0, 0, 7, 1], "texture": "#0"},
				"east": {"uv": [0, 0, 10, 1], "texture": "#0"},
				"south": {"uv": [0, 0, 7, 1], "texture": "#0"},
				"west": {"uv": [0, 0, 10, 1], "texture": "#0"},
				"up": {"uv": [0, 0, 7, 10], "texture": "#0"},
				"down": {"uv": [0, 0, 7, 10], "texture": "#0"}
			}
		}
	],
	"display": {
		"thirdperson_righthand": {
			"translation": [0, 1.75, 0],
			"scale": [0.25, 0.25, 0.25]
		},
		"thirdperson_lefthand": {
			"translation": [0, 1.75, 0],
			"scale": [0.25, 0.25, 0.25]
		},
		"firstperson_righthand": {
			"translation": [0, 2.25, 0],
			"scale": [0.25, 0.25, 0.25]
		},
		"firstperson_lefthand": {
			"translation": [0, 2.25, 0],
			"scale": [0.25, 0.25, 0.25]
		},
		"ground": {
			"translation": [0, 2, 0],
			"scale": [0.5, 0.5, 0.5]
		},
		"gui": {
			"rotation": [-127.71, -50.78, -169.05],
			"translation": [1.25, 2.25, 0]
		},
		"head": {
			"rotation": [-90, 0, 0],
			"translation": [0, 6.5, -10.75],
			"scale": [0.5, 0.5, 0.5]
		},
		"fixed": {
			"translation": [0, 2.25, 0]
		}
	},
	"groups": [
		0,
		1,
		{
			"name": "backplate",
			"origin": [12.42492, 1.87745, 8],
			"color": 0,
			"children": [2, 3, 4]
		}
	]
}