{
	"credit": "Made with Blockbench",
	"textures": {
		"0": "chain",
		"1": "gold",
		"2": "lens",
		"3": "spinny_thing",
		"particle": "chain"
	},
	"elements": [
		{
			"name": "lens",
			"from": [2.5, 6.5, 8],
			"to": [13.5, 17.5, 8],
			"faces": {
				"north": {"uv": [0, 0, 16, 16], "texture": "#2"},
				"east": {"uv": [0, 0, 0, 8], "texture": "#2"},
				"south": {"uv": [0, 0, 16, 16], "texture": "#2"},
				"west": {"uv": [0, 0, 0, 8], "texture": "#2"},
				"up": {"uv": [0, 0, 8.25, 0], "texture": "#2"},
				"down": {"uv": [0, 0, 8.25, 0], "texture": "#2"}
			}
		},
		{
			"from": [7, 7, 7.5],
			"to": [9, 8, 8.5],
			"faces": {
				"north": {"uv": [6, 0, 16, 5], "texture": "#1"},
				"east": {"uv": [0, 2, 9, 7], "texture": "#1"},
				"south": {"uv": [0, 11, 10, 16], "texture": "#1"},
				"west": {"uv": [6, 4, 15, 9], "texture": "#1"},
				"up": {"uv": [0, 6, 10, 11], "texture": "#1"},
				"down": {"uv": [6, 8, 16, 13], "texture": "#1"}
			}
		},
		{
			"from": [5, 7.5, 7.5],
			"to": [7, 8.75, 8.5],
			"faces": {
				"north": {"uv": [6, 0, 16, 5], "texture": "#1"},
				"east": {"uv": [0, 2, 9, 7], "texture": "#1"},
				"south": {"uv": [0, 11, 10, 16], "texture": "#1"},
				"west": {"uv": [6, 4, 15, 9], "texture": "#1"},
				"up": {"uv": [0, 6, 10, 11], "texture": "#1"},
				"down": {"uv": [6, 8, 16, 13], "texture": "#1"}
			}
		},
		{
			"from": [9, 7.5, 7.5],
			"to": [11, 8.75, 8.5],
			"faces": {
				"north": {"uv": [6, 0, 16, 5], "texture": "#1"},
				"east": {"uv": [0, 2, 9, 7], "texture": "#1"},
				"south": {"uv": [0, 11, 10, 16], "texture": "#1"},
				"west": {"uv": [6, 4, 15, 9], "texture": "#1"},
				"up": {"uv": [0, 6, 10, 11], "texture": "#1"},
				"down": {"uv": [6, 8, 16, 13], "texture": "#1"}
			}
		},
		{
			"from": [4, 8, 7.5],
			"to": [5, 9, 8.5],
			"faces": {
				"north": {"uv": [6, 0, 15, 5], "texture": "#1"},
				"east": {"uv": [0, 2, 9, 7], "texture": "#1"},
				"south": {"uv": [0, 11, 9, 16], "texture": "#1"},
				"west": {"uv": [6, 4, 15, 9], "texture": "#1"},
				"up": {"uv": [0, 6, 9, 11], "texture": "#1"},
				"down": {"uv": [6, 8, 15, 13], "texture": "#1"}
			}
		},
		{
			"from": [11, 8, 7.5],
			"to": [12, 9, 8.5],
			"faces": {
				"north": {"uv": [6, 0, 15, 5], "texture": "#1"},
				"east": {"uv": [0, 2, 9, 7], "texture": "#1"},
				"south": {"uv": [0, 11, 9, 16], "texture": "#1"},
				"west": {"uv": [6, 4, 15, 9], "texture": "#1"},
				"up": {"uv": [0, 6, 9, 11], "texture": "#1"},
				"down": {"uv": [6, 8, 15, 13], "texture": "#1"}
			}
		},
		{
			"from": [11.25, 13, 7.5],
			"to": [12.5, 15, 8.5],
			"rotation": {"angle": 0, "axis": "z", "origin": [13.5, 12.75, 8]},
			"faces": {
				"north": {"uv": [6, 0, 16, 5], "rotation": 90, "texture": "#1"},
				"east": {"uv": [0, 2, 10, 7], "rotation": 270, "texture": "#1"},
				"south": {"uv": [0, 11, 10, 16], "rotation": 270, "texture": "#1"},
				"west": {"uv": [6, 4, 16, 9], "rotation": 270, "texture": "#1"},
				"up": {"uv": [0, 6, 9, 11], "rotation": 270, "texture": "#1"},
				"down": {"uv": [6, 8, 15, 13], "rotation": 270, "texture": "#1"}
			}
		},
		{
			"from": [12, 11, 7.5],
			"to": [13, 13, 8.5],
			"rotation": {"angle": 0, "axis": "z", "origin": [13.5, 12.75, 8]},
			"faces": {
				"north": {"uv": [6, 0, 16, 5], "rotation": 90, "texture": "#1"},
				"east": {"uv": [0, 2, 10, 7], "rotation": 270, "texture": "#1"},
				"south": {"uv": [0, 11, 10, 16], "rotation": 270, "texture": "#1"},
				"west": {"uv": [6, 4, 16, 9], "rotation": 270, "texture": "#1"},
				"up": {"uv": [0, 6, 9, 11], "rotation": 270, "texture": "#1"},
				"down": {"uv": [6, 8, 15, 13], "rotation": 270, "texture": "#1"}
			}
		},
		{
			"from": [11.25, 9, 7.5],
			"to": [12.5, 11, 8.5],
			"rotation": {"angle": 0, "axis": "z", "origin": [13.5, 12.75, 8]},
			"faces": {
				"north": {"uv": [6, 0, 16, 5], "rotation": 90, "texture": "#1"},
				"east": {"uv": [0, 2, 10, 7], "rotation": 270, "texture": "#1"},
				"south": {"uv": [0, 11, 10, 16], "rotation": 270, "texture": "#1"},
				"west": {"uv": [6, 4, 16, 9], "rotation": 270, "texture": "#1"},
				"up": {"uv": [0, 6, 9, 11], "rotation": 270, "texture": "#1"},
				"down": {"uv": [6, 8, 15, 13], "rotation": 270, "texture": "#1"}
			}
		},
		{
			"from": [3.5, 13, 7.5],
			"to": [4.75, 15, 8.5],
			"rotation": {"angle": 0, "axis": "z", "origin": [8.5, 10.75, 8]},
			"faces": {
				"north": {"uv": [6, 0, 16, 5], "rotation": 270, "texture": "#1"},
				"east": {"uv": [0, 2, 10, 7], "rotation": 90, "texture": "#1"},
				"south": {"uv": [0, 11, 10, 16], "rotation": 90, "texture": "#1"},
				"west": {"uv": [6, 4, 16, 9], "rotation": 90, "texture": "#1"},
				"up": {"uv": [0, 6, 9, 11], "rotation": 90, "texture": "#1"},
				"down": {"uv": [6, 8, 15, 13], "rotation": 90, "texture": "#1"}
			}
		},
		{
			"from": [3, 11, 7.5],
			"to": [4, 13, 8.5],
			"rotation": {"angle": 0, "axis": "z", "origin": [8.5, 10.75, 8]},
			"faces": {
				"north": {"uv": [6, 0, 16, 5], "rotation": 270, "texture": "#1"},
				"east": {"uv": [0, 2, 10, 7], "rotation": 90, "texture": "#1"},
				"south": {"uv": [0, 11, 10, 16], "rotation": 90, "texture": "#1"},
				"west": {"uv": [6, 4, 16, 9], "rotation": 90, "texture": "#1"},
				"up": {"uv": [0, 6, 9, 11], "rotation": 90, "texture": "#1"},
				"down": {"uv": [6, 8, 15, 13], "rotation": 90, "texture": "#1"}
			}
		},
		{
			"from": [3.5, 9, 7.5],
			"to": [4.75, 11, 8.5],
			"rotation": {"angle": 0, "axis": "z", "origin": [8.5, 10.75, 8]},
			"faces": {
				"north": {"uv": [6, 0, 16, 5], "rotation": 270, "texture": "#1"},
				"east": {"uv": [0, 2, 10, 7], "rotation": 90, "texture": "#1"},
				"south": {"uv": [0, 11, 10, 16], "rotation": 90, "texture": "#1"},
				"west": {"uv": [6, 4, 16, 9], "rotation": 90, "texture": "#1"},
				"up": {"uv": [0, 6, 9, 11], "rotation": 90, "texture": "#1"},
				"down": {"uv": [6, 8, 15, 13], "rotation": 90, "texture": "#1"}
			}
		},
		{
			"from": [4, 15, 7.5],
			"to": [5, 16, 8.5],
			"rotation": {"angle": 0, "axis": "z", "origin": [8.5, 10.75, 8]},
			"faces": {
				"north": {"uv": [6, 0, 15, 5], "rotation": 180, "texture": "#1"},
				"east": {"uv": [0, 2, 9, 7], "rotation": 180, "texture": "#1"},
				"south": {"uv": [0, 11, 9, 16], "rotation": 180, "texture": "#1"},
				"west": {"uv": [6, 4, 15, 9], "rotation": 180, "texture": "#1"},
				"up": {"uv": [0, 6, 9, 11], "rotation": 180, "texture": "#1"},
				"down": {"uv": [6, 8, 15, 13], "rotation": 180, "texture": "#1"}
			}
		},
		{
			"from": [11, 15, 7.5],
			"to": [12, 16, 8.5],
			"rotation": {"angle": 0, "axis": "z", "origin": [8.5, 10.75, 8]},
			"faces": {
				"north": {"uv": [6, 0, 15, 5], "rotation": 180, "texture": "#1"},
				"east": {"uv": [0, 2, 9, 7], "rotation": 180, "texture": "#1"},
				"south": {"uv": [0, 11, 9, 16], "rotation": 180, "texture": "#1"},
				"west": {"uv": [6, 4, 15, 9], "rotation": 180, "texture": "#1"},
				"up": {"uv": [0, 6, 9, 11], "rotation": 180, "texture": "#1"},
				"down": {"uv": [6, 8, 15, 13], "rotation": 180, "texture": "#1"}
			}
		},
		{
			"from": [5, 15.25, 7.5],
			"to": [7, 16.5, 8.5],
			"rotation": {"angle": 0, "axis": "z", "origin": [8.5, 10.75, 8]},
			"faces": {
				"north": {"uv": [6, 0, 16, 5], "rotation": 180, "texture": "#1"},
				"east": {"uv": [0, 2, 9, 7], "rotation": 180, "texture": "#1"},
				"south": {"uv": [0, 11, 10, 16], "rotation": 180, "texture": "#1"},
				"west": {"uv": [6, 4, 15, 9], "rotation": 180, "texture": "#1"},
				"up": {"uv": [0, 6, 10, 11], "rotation": 180, "texture": "#1"},
				"down": {"uv": [6, 8, 16, 13], "rotation": 180, "texture": "#1"}
			}
		},
		{
			"from": [9, 15.25, 7.5],
			"to": [11, 16.5, 8.5],
			"rotation": {"angle": 0, "axis": "z", "origin": [8.5, 10.75, 8]},
			"faces": {
				"north": {"uv": [6, 0, 16, 5], "rotation": 180, "texture": "#1"},
				"east": {"uv": [0, 2, 9, 7], "rotation": 180, "texture": "#1"},
				"south": {"uv": [0, 11, 10, 16], "rotation": 180, "texture": "#1"},
				"west": {"uv": [6, 4, 15, 9], "rotation": 180, "texture": "#1"},
				"up": {"uv": [0, 6, 10, 11], "rotation": 180, "texture": "#1"},
				"down": {"uv": [6, 8, 16, 13], "rotation": 180, "texture": "#1"}
			}
		},
		{
			"from": [7, 16, 7.5],
			"to": [9, 17, 8.5],
			"rotation": {"angle": 0, "axis": "z", "origin": [8.5, 10.75, 8]},
			"faces": {
				"north": {"uv": [6, 0, 16, 5], "rotation": 180, "texture": "#1"},
				"east": {"uv": [0, 2, 9, 7], "rotation": 180, "texture": "#1"},
				"south": {"uv": [0, 11, 10, 16], "rotation": 180, "texture": "#1"},
				"west": {"uv": [6, 4, 15, 9], "rotation": 180, "texture": "#1"},
				"up": {"uv": [0, 6, 10, 11], "rotation": 180, "texture": "#1"},
				"down": {"uv": [6, 8, 16, 13], "rotation": 180, "texture": "#1"}
			}
		},
		{
			"from": [7, 17, 7.75],
			"to": [9, 17.5, 8.25],
			"rotation": {"angle": 0, "axis": "z", "origin": [8.5, 10.75, 8]},
			"faces": {
				"north": {"uv": [6, 0, 16, 4.5], "rotation": 180, "texture": "#1"},
				"east": {"uv": [0, 2, 8.5, 6.5], "rotation": 180, "texture": "#1"},
				"south": {"uv": [0, 11, 10, 15.5], "rotation": 180, "texture": "#1"},
				"west": {"uv": [6, 4, 14.5, 8.5], "rotation": 180, "texture": "#1"},
				"up": {"uv": [0, 6, 10, 10.5], "rotation": 180, "texture": "#1"},
				"down": {"uv": [6, 8, 16, 12.5], "rotation": 180, "texture": "#1"}
			}
		},
		{
			"from": [9, 16.5, 7.75],
			"to": [11, 17, 8.25],
			"rotation": {"angle": 0, "axis": "z", "origin": [8.5, 10.75, 8]},
			"faces": {
				"north": {"uv": [6, 0, 16, 4.5], "rotation": 180, "texture": "#1"},
				"east": {"uv": [0, 2, 8.5, 6.5], "rotation": 180, "texture": "#1"},
				"south": {"uv": [0, 11, 10, 15.5], "rotation": 180, "texture": "#1"},
				"west": {"uv": [6, 4, 14.5, 8.5], "rotation": 180, "texture": "#1"},
				"up": {"uv": [0, 6, 10, 10.5], "rotation": 180, "texture": "#1"},
				"down": {"uv": [6, 8, 16, 12.5], "rotation": 180, "texture": "#1"}
			}
		},
		{
			"from": [5, 16.5, 7.75],
			"to": [7, 17, 8.25],
			"rotation": {"angle": 0, "axis": "z", "origin": [8.5, 10.75, 8]},
			"faces": {
				"north": {"uv": [6, 0, 16, 4.5], "rotation": 180, "texture": "#1"},
				"east": {"uv": [0, 2, 8.5, 6.5], "rotation": 180, "texture": "#1"},
				"south": {"uv": [0, 11, 10, 15.5], "rotation": 180, "texture": "#1"},
				"west": {"uv": [6, 4, 14.5, 8.5], "rotation": 180, "texture": "#1"},
				"up": {"uv": [0, 6, 10, 10.5], "rotation": 180, "texture": "#1"},
				"down": {"uv": [6, 8, 16, 12.5], "rotation": 180, "texture": "#1"}
			}
		},
		{
			"from": [3, 9, 7.75],
			"to": [3.5, 11, 8.25],
			"rotation": {"angle": 0, "axis": "z", "origin": [8, 17, 8]},
			"faces": {
				"north": {"uv": [6, 0, 16, 4.5], "rotation": 270, "texture": "#1"},
				"east": {"uv": [0, 2, 10, 6.5], "rotation": 90, "texture": "#1"},
				"south": {"uv": [0, 11, 10, 15.5], "rotation": 90, "texture": "#1"},
				"west": {"uv": [6, 4, 16, 8.5], "rotation": 90, "texture": "#1"},
				"up": {"uv": [0, 6, 8.5, 10.5], "rotation": 90, "texture": "#1"},
				"down": {"uv": [6, 8, 14.5, 12.5], "rotation": 90, "texture": "#1"}
			}
		},
		{
			"from": [3, 13, 7.75],
			"to": [3.5, 15, 8.25],
			"rotation": {"angle": 0, "axis": "z", "origin": [8, 17, 8]},
			"faces": {
				"north": {"uv": [6, 0, 16, 4.5], "rotation": 270, "texture": "#1"},
				"east": {"uv": [0, 2, 10, 6.5], "rotation": 90, "texture": "#1"},
				"south": {"uv": [0, 11, 10, 15.5], "rotation": 90, "texture": "#1"},
				"west": {"uv": [6, 4, 16, 8.5], "rotation": 90, "texture": "#1"},
				"up": {"uv": [0, 6, 8.5, 10.5], "rotation": 90, "texture": "#1"},
				"down": {"uv": [6, 8, 14.5, 12.5], "rotation": 90, "texture": "#1"}
			}
		},
		{
			"from": [2.5, 11, 7.75],
			"to": [3, 13, 8.25],
			"rotation": {"angle": 0, "axis": "z", "origin": [8, 17, 8]},
			"faces": {
				"north": {"uv": [6, 0, 16, 4.5], "rotation": 270, "texture": "#1"},
				"east": {"uv": [0, 2, 10, 6.5], "rotation": 90, "texture": "#1"},
				"south": {"uv": [0, 11, 10, 15.5], "rotation": 90, "texture": "#1"},
				"west": {"uv": [6, 4, 16, 8.5], "rotation": 90, "texture": "#1"},
				"up": {"uv": [0, 6, 8.5, 10.5], "rotation": 90, "texture": "#1"},
				"down": {"uv": [6, 8, 14.5, 12.5], "rotation": 90, "texture": "#1"}
			}
		},
		{
			"from": [5, 7, 7.75],
			"to": [7, 7.5, 8.25],
			"rotation": {"angle": 0, "axis": "z", "origin": [6.375, 13.625, 8]},
			"faces": {
				"north": {"uv": [6, 0, 16, 4.5], "texture": "#1"},
				"east": {"uv": [0, 2, 8.5, 6.5], "texture": "#1"},
				"south": {"uv": [0, 11, 10, 15.5], "texture": "#1"},
				"west": {"uv": [6, 4, 14.5, 8.5], "texture": "#1"},
				"up": {"uv": [0, 6, 10, 10.5], "texture": "#1"},
				"down": {"uv": [6, 8, 16, 12.5], "texture": "#1"}
			}
		},
		{
			"from": [7, 6.5, 7.75],
			"to": [9, 7, 8.25],
			"rotation": {"angle": 0, "axis": "z", "origin": [6.375, 13.625, 8]},
			"faces": {
				"north": {"uv": [6, 0, 16, 4.5], "texture": "#1"},
				"east": {"uv": [0, 2, 8.5, 6.5], "texture": "#1"},
				"south": {"uv": [0, 11, 10, 15.5], "texture": "#1"},
				"west": {"uv": [6, 4, 14.5, 8.5], "texture": "#1"},
				"up": {"uv": [0, 6, 10, 10.5], "texture": "#1"},
				"down": {"uv": [6, 8, 16, 12.5], "texture": "#1"}
			}
		},
		{
			"from": [9, 7, 7.75],
			"to": [11, 7.5, 8.25],
			"rotation": {"angle": 0, "axis": "z", "origin": [6.375, 13.625, 8]},
			"faces": {
				"north": {"uv": [6, 0, 16, 4.5], "texture": "#1"},
				"east": {"uv": [0, 2, 8.5, 6.5], "texture": "#1"},
				"south": {"uv": [0, 11, 10, 15.5], "texture": "#1"},
				"west": {"uv": [6, 4, 14.5, 8.5], "texture": "#1"},
				"up": {"uv": [0, 6, 10, 10.5], "texture": "#1"},
				"down": {"uv": [6, 8, 16, 12.5], "texture": "#1"}
			}
		},
		{
			"from": [12.5, 13, 7.75],
			"to": [13, 15, 8.25],
			"rotation": {"angle": 0, "axis": "z", "origin": [6.375, 13.625, 8]},
			"faces": {
				"north": {"uv": [6, 0, 16, 4.5], "rotation": 90, "texture": "#1"},
				"east": {"uv": [0, 2, 10, 6.5], "rotation": 270, "texture": "#1"},
				"south": {"uv": [0, 11, 10, 15.5], "rotation": 270, "texture": "#1"},
				"west": {"uv": [6, 4, 16, 8.5], "rotation": 270, "texture": "#1"},
				"up": {"uv": [0, 6, 8.5, 10.5], "rotation": 270, "texture": "#1"},
				"down": {"uv": [6, 8, 14.5, 12.5], "rotation": 270, "texture": "#1"}
			}
		},
		{
			"from": [12.5, 9, 7.75],
			"to": [13, 11, 8.25],
			"rotation": {"angle": 0, "axis": "z", "origin": [6.375, 13.625, 8]},
			"faces": {
				"north": {"uv": [6, 0, 16, 4.5], "rotation": 90, "texture": "#1"},
				"east": {"uv": [0, 2, 10, 6.5], "rotation": 270, "texture": "#1"},
				"south": {"uv": [0, 11, 10, 15.5], "rotation": 270, "texture": "#1"},
				"west": {"uv": [6, 4, 16, 8.5], "rotation": 270, "texture": "#1"},
				"up": {"uv": [0, 6, 8.5, 10.5], "rotation": 270, "texture": "#1"},
				"down": {"uv": [6, 8, 14.5, 12.5], "rotation": 270, "texture": "#1"}
			}
		},
		{
			"from": [13, 11, 7.75],
			"to": [13.5, 13, 8.25],
			"rotation": {"angle": 0, "axis": "z", "origin": [6.375, 13.625, 8]},
			"faces": {
				"north": {"uv": [6, 0, 16, 4.5], "rotation": 90, "texture": "#1"},
				"east": {"uv": [0, 2, 10, 6.5], "rotation": 270, "texture": "#1"},
				"south": {"uv": [0, 11, 10, 15.5], "rotation": 270, "texture": "#1"},
				"west": {"uv": [6, 4, 16, 8.5], "rotation": 270, "texture": "#1"},
				"up": {"uv": [0, 6, 8.5, 10.5], "rotation": 270, "texture": "#1"},
				"down": {"uv": [6, 8, 14.5, 12.5], "rotation": 270, "texture": "#1"}
			}
		},
		{
			"from": [4, 7.5, 7.75],
			"to": [5, 8, 8.25],
			"rotation": {"angle": 0, "axis": "z", "origin": [6.375, 13.625, 8]},
			"faces": {
				"north": {"uv": [6, 0, 15, 4.5], "texture": "#1"},
				"east": {"uv": [0, 2, 8.5, 6.5], "texture": "#1"},
				"south": {"uv": [0, 11, 9, 15.5], "texture": "#1"},
				"west": {"uv": [6, 4, 14.5, 8.5], "texture": "#1"},
				"up": {"uv": [0, 6, 9, 10.5], "texture": "#1"},
				"down": {"uv": [6, 8, 15, 12.5], "texture": "#1"}
			}
		},
		{
			"from": [11, 7.5, 7.75],
			"to": [12, 8, 8.25],
			"rotation": {"angle": 0, "axis": "z", "origin": [6.375, 13.625, 8]},
			"faces": {
				"north": {"uv": [6, 0, 15, 4.5], "texture": "#1"},
				"east": {"uv": [0, 2, 8.5, 6.5], "texture": "#1"},
				"south": {"uv": [0, 11, 9, 15.5], "texture": "#1"},
				"west": {"uv": [6, 4, 14.5, 8.5], "texture": "#1"},
				"up": {"uv": [0, 6, 9, 10.5], "texture": "#1"},
				"down": {"uv": [6, 8, 15, 12.5], "texture": "#1"}
			}
		},
		{
			"from": [4, 16, 7.75],
			"to": [5, 16.5, 8.25],
			"rotation": {"angle": 0, "axis": "z", "origin": [6.375, 13.625, 8]},
			"faces": {
				"north": {"uv": [6, 0, 15, 4.5], "texture": "#1"},
				"east": {"uv": [0, 2, 8.5, 6.5], "texture": "#1"},
				"south": {"uv": [0, 11, 9, 15.5], "texture": "#1"},
				"west": {"uv": [6, 4, 14.5, 8.5], "texture": "#1"},
				"up": {"uv": [0, 6, 9, 10.5], "texture": "#1"},
				"down": {"uv": [6, 8, 15, 12.5], "texture": "#1"}
			}
		},
		{
			"from": [11, 16, 7.75],
			"to": [12, 16.5, 8.25],
			"rotation": {"angle": 0, "axis": "z", "origin": [6.375, 13.625, 8]},
			"faces": {
				"north": {"uv": [6, 0, 15, 4.5], "texture": "#1"},
				"east": {"uv": [0, 2, 8.5, 6.5], "texture": "#1"},
				"south": {"uv": [0, 11, 9, 15.5], "texture": "#1"},
				"west": {"uv": [6, 4, 14.5, 8.5], "texture": "#1"},
				"up": {"uv": [0, 6, 9, 10.5], "texture": "#1"},
				"down": {"uv": [6, 8, 15, 12.5], "texture": "#1"}
			}
		},
		{
			"from": [3.5, 8, 7.75],
			"to": [4, 9, 8.25],
			"rotation": {"angle": 0, "axis": "z", "origin": [8, 12, 8]},
			"faces": {
				"north": {"uv": [6, 0, 15, 4.5], "rotation": 270, "texture": "#1"},
				"east": {"uv": [0, 2, 9, 6.5], "rotation": 90, "texture": "#1"},
				"south": {"uv": [0, 11, 9, 15.5], "rotation": 90, "texture": "#1"},
				"west": {"uv": [6, 4, 15, 8.5], "rotation": 90, "texture": "#1"},
				"up": {"uv": [0, 6, 8.5, 10.5], "rotation": 90, "texture": "#1"},
				"down": {"uv": [6, 8, 14.5, 12.5], "rotation": 90, "texture": "#1"}
			}
		},
		{
			"from": [3.5, 15, 7.75],
			"to": [4, 16, 8.25],
			"rotation": {"angle": 0, "axis": "z", "origin": [8, 12, 8]},
			"faces": {
				"north": {"uv": [6, 0, 15, 4.5], "rotation": 270, "texture": "#1"},
				"east": {"uv": [0, 2, 9, 6.5], "rotation": 90, "texture": "#1"},
				"south": {"uv": [0, 11, 9, 15.5], "rotation": 90, "texture": "#1"},
				"west": {"uv": [6, 4, 15, 8.5], "rotation": 90, "texture": "#1"},
				"up": {"uv": [0, 6, 8.5, 10.5], "rotation": 90, "texture": "#1"},
				"down": {"uv": [6, 8, 14.5, 12.5], "rotation": 90, "texture": "#1"}
			}
		},
		{
			"from": [12, 15, 7.75],
			"to": [12.5, 16, 8.25],
			"rotation": {"angle": 0, "axis": "z", "origin": [8, 12, 8]},
			"faces": {
				"north": {"uv": [6, 0, 15, 4.5], "rotation": 270, "texture": "#1"},
				"east": {"uv": [0, 2, 9, 6.5], "rotation": 90, "texture": "#1"},
				"south": {"uv": [0, 11, 9, 15.5], "rotation": 90, "texture": "#1"},
				"west": {"uv": [6, 4, 15, 8.5], "rotation": 90, "texture": "#1"},
				"up": {"uv": [0, 6, 8.5, 10.5], "rotation": 90, "texture": "#1"},
				"down": {"uv": [6, 8, 14.5, 12.5], "rotation": 90, "texture": "#1"}
			}
		},
		{
			"from": [12, 8, 7.75],
			"to": [12.5, 9, 8.25],
			"rotation": {"angle": 0, "axis": "z", "origin": [8, 12, 8]},
			"faces": {
				"north": {"uv": [6, 0, 15, 4.5], "rotation": 270, "texture": "#1"},
				"east": {"uv": [0, 2, 9, 6.5], "rotation": 90, "texture": "#1"},
				"south": {"uv": [0, 11, 9, 15.5], "rotation": 90, "texture": "#1"},
				"west": {"uv": [6, 4, 15, 8.5], "rotation": 90, "texture": "#1"},
				"up": {"uv": [0, 6, 8.5, 10.5], "rotation": 90, "texture": "#1"},
				"down": {"uv": [6, 8, 14.5, 12.5], "rotation": 90, "texture": "#1"}
			}
		},
		{
			"from": [13.4928, 6, 5.99701],
			"to": [13.4928, 9, 9.24701],
			"rotation": {"angle": -22.5, "axis": "y", "origin": [14.2428, 7.5, 5.24701]},
			"faces": {
				"north": {"uv": [0, 0, 0, 3], "texture": "#0"},
				"east": {"uv": [16, 0, 0, 16], "texture": "#0"},
				"south": {"uv": [0, 0, 0, 3], "texture": "#0"},
				"west": {"uv": [0, 0, 16, 16], "texture": "#0"},
				"up": {"uv": [0, 0, 3.25, 0], "rotation": 270, "texture": "#0"},
				"down": {"uv": [0, 0, 3.25, 0], "rotation": 90, "texture": "#0"}
			}
		},
		{
			"from": [13.2628, 6, 2.40329],
			"to": [13.2628, 9, 5.65329],
			"rotation": {"angle": 0, "axis": "y", "origin": [13.2628, 7.5, 4.02829]},
			"faces": {
				"north": {"uv": [0, 0, 0, 3], "texture": "#0"},
				"east": {"uv": [0, 0, 16, 16], "texture": "#0"},
				"south": {"uv": [0, 0, 0, 3], "texture": "#0"},
				"west": {"uv": [16, 0, 0, 16], "texture": "#0"},
				"up": {"uv": [0, 0, 3.25, 0], "rotation": 270, "texture": "#0"},
				"down": {"uv": [0, 0, 3.25, 0], "rotation": 90, "texture": "#0"}
			}
		},
		{
			"from": [-1, 3, 8],
			"to": [17, 21, 8],
			"faces": {
				"north": {"uv": [16, 0, 0, 16], "texture": "#3"},
				"east": {"uv": [0, 0, 0, 16], "texture": "#3"},
				"south": {"uv": [0, 0, 16, 16], "texture": "#3"},
				"west": {"uv": [0, 0, 0, 16], "texture": "#3"},
				"up": {"uv": [0, 0, 16, 0], "texture": "#3"},
				"down": {"uv": [0, 0, 16, 0], "texture": "#3"}
			}
		},
		{
			"from": [1, 5, 8],
			"to": [15, 19, 8],
			"faces": {
				"north": {"uv": [0, 0, 16, 16], "texture": "#3"},
				"east": {"uv": [0, 0, 0, 16], "texture": "#3"},
				"south": {"uv": [16, 0, 0, 16], "texture": "#3"},
				"west": {"uv": [0, 0, 0, 16], "texture": "#3"},
				"up": {"uv": [0, 0, 16, 0], "texture": "#3"},
				"down": {"uv": [0, 0, 16, 0], "texture": "#3"}
			}
		}
	],
	"display": {
		"thirdperson_righthand": {
			"rotation": [0, 180, 0],
			"translation": [0, 0.25, 0],
			"scale": [0.4, 0.4, 0.4]
		},
		"thirdperson_lefthand": {
			"rotation": [0, 180, 0],
			"translation": [0, 0.25, 0],
			"scale": [0.4, 0.4, 0.4]
		},
		"firstperson_righthand": {
			"rotation": [0, -90, 25],
			"translation": [1.13, 3.2, 1.13],
			"scale": [0.68, 0.68, 0.68]
		},
		"firstperson_lefthand": {
			"rotation": [0, -90, 25],
			"translation": [1.13, 3.2, 1.13],
			"scale": [0.68, 0.68, 0.68]
		},
		"ground": {
			"translation": [0, 2, 0],
			"scale": [0.5, 0.5, 0.5]
		},
		"head": {
			"rotation": [0, 180, 0],
			"translation": [-3.5, -4, -6.5],
			"scale": [0.69, 0.69, 0.69]
		},
		"fixed": {
			"rotation": [0, 180, 0]
		}
	},
	"groups": [
		0,
		{
			"name": "monocle",
			"origin": [8, 12, 8],
			"color": 0,
			"children": [1, 2, 3, 4, 5, 6, 7, 8, 9, 10, 11, 12, 13, 14, 15, 16, 17, 18, 19, 20, 21, 22, 23, 24, 25, 26, 27, 28, 29, 30, 31, 32, 33, 34, 35, 36]
		},
		{
			"name": "chain",
			"origin": [16.75092, 6.5, 7.37822],
			"color": 0,
			"children": [37, 38]
		},
		39,
		40
	]
}