{
	"credit": "Made with Blockbench",
	"textures": {
		"0": "shimmering_rock",
		"1": "spinny_thing",
		"2": "star",
		"3": "amethyst_crystal",
		"particle": "shimmering_rock"
	},
	"elements": [
		{
			"from": [9, 4.5, 3.5],
			"to": [11, 6.5, 5.5],
			"faces": {
				"north": {"uv": [0, 8, 8, 0], "texture": "#0"},
				"east": {"uv": [8, 8, 0, 0], "texture": "#0"},
				"south": {"uv": [0, 0, 0, 0], "texture": "#3"},
				"west": {"uv": [0, 0, 0, 0], "texture": "#3"},
				"up": {"uv": [0, 0, 0, 0], "texture": "#3"},
				"down": {"uv": [8, 8, 0, 0], "texture": "#0"}
			}
		},
		{
			"from": [10, 8.5, 5.5],
			"to": [12, 10.5, 7.5],
			"faces": {
				"north": {"uv": [0, 0, 8, 8], "texture": "#0"},
				"east": {"uv": [8, 0, 0, 8], "texture": "#0"},
				"south": {"uv": [0, 0, 0, 0], "texture": "#3"},
				"west": {"uv": [0, 0, 0, 0], "texture": "#3"},
				"up": {"uv": [8, 0, 0, 8], "texture": "#0"},
				"down": {"uv": [0, 0, 0, 0], "texture": "#3"}
			}
		},
		{
			"from": [10, 4.5, 8.5],
			"to": [12, 6.5, 10.5],
			"rotation": {"angle": 0, "axis": "y", "origin": [8, 8, 8]},
			"faces": {
				"north": {"uv": [0, 0, 0, 0], "texture": "#3"},
				"east": {"uv": [0, 8, 8, 0], "texture": "#0"},
				"south": {"uv": [8, 8, 0, 0], "texture": "#0"},
				"west": {"uv": [0, 0, 0, 0], "texture": "#3"},
				"up": {"uv": [0, 0, 0, 0], "rotation": 90, "texture": "#3"},
				"down": {"uv": [8, 8, 0, 0], "rotation": 270, "texture": "#0"}
			}
		},
		{
			"from": [9, 8.5, 8.5],
			"to": [11, 10.5, 10.5],
			"rotation": {"angle": 0, "axis": "y", "origin": [8, 8, 8]},
			"faces": {
				"north": {"uv": [0, 0, 0, 0], "texture": "#3"},
				"east": {"uv": [0, 0, 8, 8], "texture": "#0"},
				"south": {"uv": [8, 0, 0, 8], "texture": "#0"},
				"west": {"uv": [0, 0, 0, 0], "texture": "#3"},
				"up": {"uv": [8, 0, 0, 8], "rotation": 90, "texture": "#0"},
				"down": {"uv": [0, 0, 0, 0], "rotation": 270, "texture": "#3"}
			}
		},
		{
			"from": [5, 4.5, 4.5],
			"to": [7, 6.5, 6.5],
			"rotation": {"angle": 0, "axis": "y", "origin": [9.5, 8, 8]},
			"faces": {
				"north": {"uv": [8, 8, 0, 0], "texture": "#0"},
				"east": {"uv": [0, 0, 0, 0], "texture": "#3"},
				"south": {"uv": [0, 0, 0, 0], "texture": "#3"},
				"west": {"uv": [0, 8, 8, 0], "texture": "#0"},
				"up": {"uv": [0, 0, 0, 0], "rotation": 270, "texture": "#3"},
				"down": {"uv": [8, 8, 0, 0], "rotation": 90, "texture": "#0"}
			}
		},
		{
			"from": [6, 9.5, 3.5],
			"to": [8, 11.5, 5.5],
			"rotation": {"angle": 0, "axis": "y", "origin": [6.5, 9.5, 6.5]},
			"faces": {
				"north": {"uv": [8, 0, 0, 8], "texture": "#0"},
				"east": {"uv": [0, 0, 0, 0], "texture": "#3"},
				"south": {"uv": [0, 0, 0, 0], "texture": "#3"},
				"west": {"uv": [0, 0, 8, 8], "texture": "#0"},
				"up": {"uv": [8, 0, 0, 8], "rotation": 270, "texture": "#0"},
				"down": {"uv": [0, 0, 0, 0], "rotation": 90, "texture": "#3"}
			}
		},
		{
			"from": [6, 10.5, 10.5],
			"to": [8, 12.5, 12.5],
			"rotation": {"angle": 0, "axis": "y", "origin": [9.5, 8, 8]},
			"faces": {
				"north": {"uv": [0, 0, 0, 0], "texture": "#3"},
				"east": {"uv": [0, 0, 0, 0], "texture": "#3"},
				"south": {"uv": [0, 0, 8, 8], "texture": "#0"},
				"west": {"uv": [8, 0, 0, 8], "texture": "#0"},
				"up": {"uv": [8, 0, 0, 8], "rotation": 180, "texture": "#0"},
				"down": {"uv": [0, 0, 0, 0], "rotation": 180, "texture": "#3"}
			}
		},
		{
			"from": [4, 3.5, 9.5],
			"to": [6, 5.5, 11.5],
			"rotation": {"angle": 0, "axis": "y", "origin": [9.5, 8, 8]},
			"faces": {
				"north": {"uv": [0, 0, 0, 0], "texture": "#3"},
				"east": {"uv": [0, 0, 0, 0], "texture": "#3"},
				"south": {"uv": [0, 8, 8, 0], "texture": "#0"},
				"west": {"uv": [8, 8, 0, 0], "texture": "#0"},
				"up": {"uv": [0, 0, 0, 0], "rotation": 180, "texture": "#3"},
				"down": {"uv": [8, 8, 0, 0], "rotation": 180, "texture": "#0"}
			}
		},
		{
			"from": [6, 6, 8],
			"to": [10, 10, 8],
			"faces": {
				"north": {"uv": [0, 0, 16, 16], "texture": "#2"},
				"east": {"uv": [0, 0, 0, 2], "texture": "#2"},
				"south": {"uv": [0, 0, 16, 16], "texture": "#2"},
				"west": {"uv": [0, 0, 0, 2], "texture": "#2"},
				"up": {"uv": [0, 0, 2, 0], "texture": "#2"},
				"down": {"uv": [0, 0, 2, 0], "texture": "#2"}
			}
		},
		{
			"from": [6, 8, 6],
			"to": [10, 8, 10],
			"rotation": {"angle": 0, "axis": "z", "origin": [8, 8, 8]},
			"faces": {
				"north": {"uv": [0, 0, 0, 2], "rotation": 270, "texture": "#2"},
				"east": {"uv": [0, 0, 2, 0], "texture": "#2"},
				"south": {"uv": [0, 0, 0, 2], "rotation": 90, "texture": "#2"},
				"west": {"uv": [0, 0, 2, 0], "rotation": 180, "texture": "#2"},
				"up": {"uv": [0, 0, 16, 16], "rotation": 90, "texture": "#2"},
				"down": {"uv": [0, 0, 16, 16], "rotation": 90, "texture": "#2"}
			}
		},
		{
			"from": [8, 6, 6],
			"to": [8, 10, 10],
			"rotation": {"angle": 0, "axis": "y", "origin": [8, 8, 8]},
			"faces": {
				"north": {"uv": [0, 0, 0, 2], "texture": "#2"},
				"east": {"uv": [0, 0, 16, 16], "texture": "#2"},
				"south": {"uv": [0, 0, 0, 2], "texture": "#2"},
				"west": {"uv": [0, 0, 16, 16], "texture": "#2"},
				"up": {"uv": [0, 0, 2, 0], "rotation": 270, "texture": "#2"},
				"down": {"uv": [0, 0, 2, 0], "rotation": 90, "texture": "#2"}
			}
		},
		{
			"from": [0, 8, 0],
			"to": [16, 8, 16],
			"faces": {
				"north": {"uv": [0, 0, 16, 0], "texture": "#1"},
				"east": {"uv": [0, 0, 16, 0], "texture": "#1"},
				"south": {"uv": [0, 0, 16, 0], "texture": "#1"},
				"west": {"uv": [0, 0, 16, 0], "texture": "#1"},
				"up": {"uv": [0, 0, 16, 16], "texture": "#1"},
				"down": {"uv": [0, 16, 16, 0], "texture": "#1"}
			}
		},
		{
			"from": [0, 0, 8],
			"to": [16, 16, 8],
			"rotation": {"angle": 0, "axis": "z", "origin": [8, 8, 8]},
			"faces": {
				"north": {"uv": [0, 16, 16, 0], "texture": "#1"},
				"east": {"uv": [0, 0, 16, 0], "rotation": 270, "texture": "#1"},
				"south": {"uv": [0, 0, 16, 16], "rotation": 180, "texture": "#1"},
				"west": {"uv": [0, 0, 16, 0], "rotation": 90, "texture": "#1"},
				"up": {"uv": [0, 0, 16, 0], "rotation": 180, "texture": "#1"},
				"down": {"uv": [0, 0, 16, 0], "texture": "#1"}
			}
		},
		{
			"from": [8, 0, 0],
			"to": [8, 16, 16],
			"rotation": {"angle": 0, "axis": "z", "origin": [8, 8, 8]},
			"faces": {
				"north": {"uv": [0, 0, 16, 0], "rotation": 90, "texture": "#1"},
				"east": {"uv": [0, 0, 16, 16], "rotation": 270, "texture": "#1"},
				"south": {"uv": [0, 0, 16, 0], "rotation": 270, "texture": "#1"},
				"west": {"uv": [0, 16, 16, 0], "rotation": 270, "texture": "#1"},
				"up": {"uv": [0, 0, 16, 0], "rotation": 270, "texture": "#1"},
				"down": {"uv": [0, 0, 16, 0], "rotation": 270, "texture": "#1"}
			}
		}
	],
	"display": {
		"thirdperson_righthand": {
			"rotation": [75, 45, 0],
			"translation": [0, 2.5, 0],
			"scale": [0.375, 0.375, 0.375]
		},
		"thirdperson_lefthand": {
			"rotation": [75, 45, 0],
			"translation": [0, 2.5, 0],
			"scale": [0.375, 0.375, 0.375]
		},
		"firstperson_righthand": {
			"rotation": [0, 45, 0],
			"scale": [0.4, 0.4, 0.4]
		},
		"firstperson_lefthand": {
			"rotation": [0, 225, 0],
			"scale": [0.4, 0.4, 0.4]
		},
		"ground": {
			"translation": [0, 3, 0],
			"scale": [0.25, 0.25, 0.25]
		},
		"gui": {
			"rotation": [30, 225, 0],
			"scale": [0.625, 0.625, 0.625]
		},
		"fixed": {
			"scale": [0.5, 0.5, 0.5]
		}
	},
	"groups": [
		0,
		1,
		2,
		3,
		4,
		5,
		6,
		7,
		{
			"name": "star",
			"origin": [8, 8, 8],
			"color": 0,
			"children": [8, 9, 10]
		},
		{
			"name": "spinny_things",
			"origin": [8, 8, 8],
			"color": 0,
			"children": [11, 12, 13]
		}
	]
}