{
	"credit": "Made with Blockbench",
	"textures": {
		"0": "dark_stone",
		"1": "blade",
		"particle": "dark_stone"
	},
	"elements": [
		{
			"from": [5.5, 8.5, 5.5],
			"to": [10.5, 9.5, 10.5],
			"faces": {
				"north": {"uv": [0, 0, 5, 1], "texture": "#1"},
				"east": {"uv": [0, 0, 5, 1], "texture": "#1"},
				"south": {"uv": [0, 0, 5, 1], "texture": "#1"},
				"west": {"uv": [0, 0, 5, 1], "texture": "#1"},
				"up": {"uv": [0, 0, 5, 5], "texture": "#1"},
				"down": {"uv": [0, 0, 5, 5], "texture": "#1"}
			}
		},
		{
			"from": [5.75, 9.5, 5.75],
			"to": [10.25, 10.25, 10.25],
			"rotation": {"angle": 22.5, "axis": "y", "origin": [8, 12.875, 8]},
			"faces": {
				"north": {"uv": [0, 0, 4.5, 0.75], "texture": "#1"},
				"east": {"uv": [0, 0, 4.5, 0.75], "texture": "#1"},
				"south": {"uv": [0, 0, 4.5, 0.75], "texture": "#1"},
				"west": {"uv": [0, 0, 4.5, 0.75], "texture": "#1"},
				"up": {"uv": [0, 0, 4.5, 4.5], "rotation": 270, "texture": "#1"},
				"down": {"uv": [0, 0, 4.5, 4.5], "rotation": 90, "texture": "#1"}
			}
		},
		{
			"from": [6, 10.25, 6],
			"to": [10, 11, 10],
			"rotation": {"angle": 45, "axis": "y", "origin": [8, 12.875, 8]},
			"faces": {
				"north": {"uv": [0, 0, 4, 0.75], "texture": "#1"},
				"east": {"uv": [0, 0, 4, 0.75], "texture": "#1"},
				"south": {"uv": [0, 0, 4, 0.75], "texture": "#1"},
				"west": {"uv": [0, 0, 4, 0.75], "texture": "#1"},
				"up": {"uv": [0, 0, 4, 4], "rotation": 270, "texture": "#1"},
				"down": {"uv": [0, 0, 4, 4], "rotation": 90, "texture": "#1"}
			}
		},
		{
			"from": [6.25, 11, 6.25],
			"to": [9.75, 11.75, 9.75],
			"rotation": {"angle": -22.5, "axis": "y", "origin": [8, 12.875, 8]},
			"faces": {
				"north": {"uv": [0, 0, 3.5, 0.75], "texture": "#1"},
				"east": {"uv": [0, 0, 3.5, 0.75], "texture": "#1"},
				"south": {"uv": [0, 0, 3.5, 0.75], "texture": "#1"},
				"west": {"uv": [0, 0, 3.5, 0.75], "texture": "#1"},
				"up": {"uv": [0, 0, 3.5, 3.5], "rotation": 180, "texture": "#1"},
				"down": {"uv": [0, 0, 3.5, 3.5], "rotation": 180, "texture": "#1"}
			}
		},
		{
			"from": [6.5, 11.75, 6.5],
			"to": [9.5, 12.5, 9.5],
			"rotation": {"angle": 0, "axis": "y", "origin": [8, 12.875, 8]},
			"faces": {
				"north": {"uv": [0, 0, 3, 0.75], "texture": "#1"},
				"east": {"uv": [0, 0, 3, 0.75], "texture": "#1"},
				"south": {"uv": [0, 0, 3, 0.75], "texture": "#1"},
				"west": {"uv": [0, 0, 3, 0.75], "texture": "#1"},
				"up": {"uv": [0, 0, 3, 3], "rotation": 180, "texture": "#1"},
				"down": {"uv": [0, 0, 3, 3], "rotation": 180, "texture": "#1"}
			}
		},
		{
			"from": [6.75, 12.5, 6.75],
			"to": [9.25, 13.25, 9.25],
			"rotation": {"angle": 22.5, "axis": "y", "origin": [8, 14.375, 8]},
			"faces": {
				"north": {"uv": [0, 0, 2.5, 0.75], "texture": "#1"},
				"east": {"uv": [0, 0, 2.5, 0.75], "texture": "#1"},
				"south": {"uv": [0, 0, 2.5, 0.75], "texture": "#1"},
				"west": {"uv": [0, 0, 2.5, 0.75], "texture": "#1"},
				"up": {"uv": [0, 0, 2.5, 2.5], "rotation": 180, "texture": "#1"},
				"down": {"uv": [0, 0, 2.5, 2.5], "rotation": 180, "texture": "#1"}
			}
		},
		{
			"from": [7, 13.25, 7],
			"to": [9, 14, 9],
			"rotation": {"angle": 45, "axis": "y", "origin": [8, 14.75, 8]},
			"faces": {
				"north": {"uv": [0, 0, 2, 0.75], "texture": "#1"},
				"east": {"uv": [0, 0, 2, 0.75], "texture": "#1"},
				"south": {"uv": [0, 0, 2, 0.75], "texture": "#1"},
				"west": {"uv": [0, 0, 2, 0.75], "texture": "#1"},
				"up": {"uv": [0, 0, 2, 2], "rotation": 180, "texture": "#1"},
				"down": {"uv": [0, 0, 2, 2], "rotation": 180, "texture": "#1"}
			}
		},
		{
			"from": [7.25, 14, 7.25],
			"to": [8.75, 14.75, 8.75],
			"rotation": {"angle": -22.5, "axis": "y", "origin": [8, 15.125, 8]},
			"faces": {
				"north": {"uv": [0, 0, 1.5, 0.75], "texture": "#1"},
				"east": {"uv": [0, 0, 1.5, 0.75], "texture": "#1"},
				"south": {"uv": [0, 0, 1.5, 0.75], "texture": "#1"},
				"west": {"uv": [0, 0, 1.5, 0.75], "texture": "#1"},
				"up": {"uv": [0, 0, 1.5, 1.5], "rotation": 90, "texture": "#1"},
				"down": {"uv": [0, 0, 1.5, 1.5], "rotation": 270, "texture": "#1"}
			}
		},
		{
			"from": [7.5, 14.75, 7.5],
			"to": [8.5, 15.5, 8.5],
			"rotation": {"angle": 0, "axis": "y", "origin": [8, 15.5, 8]},
			"faces": {
				"north": {"uv": [0, 0, 1, 0.75], "texture": "#1"},
				"east": {"uv": [0, 0, 1, 0.75], "texture": "#1"},
				"south": {"uv": [0, 0, 1, 0.75], "texture": "#1"},
				"west": {"uv": [0, 0, 1, 0.75], "texture": "#1"},
				"up": {"uv": [0, 0, 1, 1], "rotation": 90, "texture": "#1"},
				"down": {"uv": [0, 0, 1, 1], "rotation": 270, "texture": "#1"}
			}
		},
		{
			"from": [7.75, 15.5, 7.75],
			"to": [8.25, 16.25, 8.25],
			"rotation": {"angle": 22.5, "axis": "y", "origin": [8, 15.875, 8]},
			"faces": {
				"north": {"uv": [0, 0, 0.5, 0.75], "texture": "#1"},
				"east": {"uv": [0, 0, 0.5, 0.75], "texture": "#1"},
				"south": {"uv": [0, 0, 0.5, 0.75], "texture": "#1"},
				"west": {"uv": [0, 0, 0.5, 0.75], "texture": "#1"},
				"up": {"uv": [0, 0, 0.5, 0.5], "rotation": 90, "texture": "#1"},
				"down": {"uv": [0, 0, 0.5, 0.5], "rotation": 270, "texture": "#1"}
			}
		},
		{
			"from": [7, 0, 6],
			"to": [9, 8, 10],
			"faces": {
				"north": {"uv": [1, 5, 3, 13], "texture": "#0"},
				"east": {"uv": [7, 8, 11, 16], "texture": "#0"},
				"south": {"uv": [9, 5, 11, 13], "texture": "#0"},
				"west": {"uv": [4, 0, 8, 8], "texture": "#0"},
				"up": {"uv": [7, 1, 9, 5], "texture": "#0"},
				"down": {"uv": [4, 4, 6, 8], "texture": "#0"}
			}
		},
		{
			"from": [6, 0, 7],
			"to": [10, 8, 9],
			"rotation": {"angle": 0, "axis": "y", "origin": [8, 4, 8]},
			"faces": {
				"north": {"uv": [1, 5, 5, 13], "texture": "#0"},
				"east": {"uv": [7, 8, 9, 16], "texture": "#0"},
				"south": {"uv": [9, 5, 13, 13], "texture": "#0"},
				"west": {"uv": [4, 0, 6, 8], "texture": "#0"},
				"up": {"uv": [7, 1, 9, 5], "rotation": 270, "texture": "#0"},
				"down": {"uv": [4, 4, 6, 8], "rotation": 90, "texture": "#0"}
			}
		},
		{
			"from": [6.25, 0, 6.5],
			"to": [9.75, 8, 9.5],
			"rotation": {"angle": 0, "axis": "y", "origin": [8, 4, 8]},
			"faces": {
				"north": {"uv": [1, 5, 4.5, 13], "texture": "#0"},
				"east": {"uv": [7, 8, 10, 16], "texture": "#0"},
				"south": {"uv": [9, 5, 12.5, 13], "texture": "#0"},
				"west": {"uv": [4, 0, 7, 8], "texture": "#0"},
				"up": {"uv": [7, 1, 10, 4.5], "rotation": 270, "texture": "#0"},
				"down": {"uv": [4, 4, 7, 7.5], "rotation": 90, "texture": "#0"}
			}
		},
		{
			"from": [6.5, 0, 6.25],
			"to": [9.5, 8, 9.75],
			"rotation": {"angle": 0, "axis": "y", "origin": [8, 4, 8]},
			"faces": {
				"north": {"uv": [1, 5, 4, 13], "texture": "#0"},
				"east": {"uv": [7, 8, 10.5, 16], "texture": "#0"},
				"south": {"uv": [9, 5, 12, 13], "texture": "#0"},
				"west": {"uv": [4, 0, 7.5, 8], "texture": "#0"},
				"up": {"uv": [7, 1, 10, 4.5], "rotation": 180, "texture": "#0"},
				"down": {"uv": [4, 4, 7, 7.5], "rotation": 180, "texture": "#0"}
			}
		},
		{
			"from": [6.5, -0.5, 6],
			"to": [9.5, 0, 10],
			"rotation": {"angle": 0, "axis": "y", "origin": [8, 4, 8]},
			"faces": {
				"north": {"uv": [1, 5, 4, 5.5], "texture": "#0"},
				"east": {"uv": [7, 8, 11, 8.5], "texture": "#0"},
				"south": {"uv": [9, 5, 12, 5.5], "texture": "#0"},
				"west": {"uv": [4, 0, 8, 0.5], "texture": "#0"},
				"up": {"uv": [7, 1, 10, 5], "rotation": 180, "texture": "#0"},
				"down": {"uv": [4, 4, 7, 8], "rotation": 180, "texture": "#0"}
			}
		},
		{
			"from": [6, -0.5, 6.5],
			"to": [10, 0, 9.5],
			"rotation": {"angle": 0, "axis": "y", "origin": [8, 4, 8]},
			"faces": {
				"north": {"uv": [1, 5, 5, 5.5], "texture": "#0"},
				"east": {"uv": [7, 8, 10, 8.5], "texture": "#0"},
				"south": {"uv": [9, 5, 13, 5.5], "texture": "#0"},
				"west": {"uv": [4, 0, 7, 0.5], "texture": "#0"},
				"up": {"uv": [7, 1, 10, 5], "rotation": 270, "texture": "#0"},
				"down": {"uv": [4, 4, 7, 8], "rotation": 90, "texture": "#0"}
			}
		},
		{
			"from": [5.75, -0.5, 7],
			"to": [10.25, 0, 9],
			"rotation": {"angle": 0, "axis": "y", "origin": [8, 4, 8]},
			"faces": {
				"north": {"uv": [1, 5, 5.5, 5.5], "texture": "#0"},
				"east": {"uv": [7, 8, 9, 8.5], "texture": "#0"},
				"south": {"uv": [9, 5, 13.5, 5.5], "texture": "#0"},
				"west": {"uv": [4, 0, 6, 0.5], "texture": "#0"},
				"up": {"uv": [7, 1, 9, 5.5], "rotation": 270, "texture": "#0"},
				"down": {"uv": [4, 4, 6, 8.5], "rotation": 90, "texture": "#0"}
			}
		},
		{
			"from": [7, -0.5, 5.75],
			"to": [9, 0, 10.25],
			"faces": {
				"north": {"uv": [1, 5, 3, 5.5], "texture": "#0"},
				"east": {"uv": [7, 8, 11.5, 8.5], "texture": "#0"},
				"south": {"uv": [9, 5, 11, 5.5], "texture": "#0"},
				"west": {"uv": [4, 0, 8.5, 0.5], "texture": "#0"},
				"up": {"uv": [7, 1, 9, 5.5], "texture": "#0"},
				"down": {"uv": [4, 4, 6, 8.5], "texture": "#0"}
			}
		},
		{
			"from": [6.25, -0.5, 6.25],
			"to": [9.75, 0, 9.75],
			"rotation": {"angle": 0, "axis": "y", "origin": [8, 4, 8]},
			"faces": {
				"north": {"uv": [1, 5, 4.5, 5.5], "texture": "#0"},
				"east": {"uv": [7, 8, 10.5, 8.5], "texture": "#0"},
				"south": {"uv": [9, 5, 12.5, 5.5], "texture": "#0"},
				"west": {"uv": [4, 0, 7.5, 0.5], "texture": "#0"},
				"up": {"uv": [7, 1, 10.5, 4.5], "rotation": 180, "texture": "#0"},
				"down": {"uv": [4, 4, 7.5, 7.5], "rotation": 180, "texture": "#0"}
			}
		},
		{
			"from": [6.75, -0.75, 6],
			"to": [9.25, -0.5, 10],
			"faces": {
				"north": {"uv": [1, 5, 3.5, 5.25], "texture": "#0"},
				"east": {"uv": [7, 8, 11, 8.25], "texture": "#0"},
				"south": {"uv": [9, 5, 11.5, 5.25], "texture": "#0"},
				"west": {"uv": [4, 0, 8, 0.25], "texture": "#0"},
				"up": {"uv": [7, 1, 9.5, 5], "texture": "#0"},
				"down": {"uv": [4, 4, 6.5, 8], "texture": "#0"}
			}
		},
		{
			"from": [6, -0.75, 6.75],
			"to": [10, -0.5, 9.25],
			"rotation": {"angle": 0, "axis": "y", "origin": [8, -0.75, 8]},
			"faces": {
				"north": {"uv": [1, 5, 5, 5.25], "texture": "#0"},
				"east": {"uv": [7, 8, 9.5, 8.25], "texture": "#0"},
				"south": {"uv": [9, 5, 13, 5.25], "texture": "#0"},
				"west": {"uv": [4, 0, 6.5, 0.25], "texture": "#0"},
				"up": {"uv": [7, 1, 9.5, 5], "rotation": 270, "texture": "#0"},
				"down": {"uv": [4, 4, 6.5, 8], "rotation": 90, "texture": "#0"}
			}
		},
		{
			"from": [7.25, -0.75, 5.75],
			"to": [8.75, -0.5, 10.25],
			"faces": {
				"north": {"uv": [1, 5, 2.5, 5.25], "texture": "#0"},
				"east": {"uv": [7, 8, 11.5, 8.25], "texture": "#0"},
				"south": {"uv": [9, 5, 10.5, 5.25], "texture": "#0"},
				"west": {"uv": [4, 0, 8.5, 0.25], "texture": "#0"},
				"up": {"uv": [7, 1, 8.5, 5.5], "texture": "#0"},
				"down": {"uv": [4, 4, 5.5, 8.5], "texture": "#0"}
			}
		},
		{
			"from": [5.75, -0.75, 7.25],
			"to": [10.25, -0.5, 8.75],
			"rotation": {"angle": 0, "axis": "y", "origin": [8, -0.75, 8]},
			"faces": {
				"north": {"uv": [1, 5, 5.5, 5.25], "texture": "#0"},
				"east": {"uv": [7, 8, 8.5, 8.25], "texture": "#0"},
				"south": {"uv": [9, 5, 13.5, 5.25], "texture": "#0"},
				"west": {"uv": [4, 0, 5.5, 0.25], "texture": "#0"},
				"up": {"uv": [7, 1, 8.5, 5.5], "rotation": 270, "texture": "#0"},
				"down": {"uv": [4, 4, 5.5, 8.5], "rotation": 90, "texture": "#0"}
			}
		},
		{
			"from": [6.5, -1, 6.5],
			"to": [9.5, -0.75, 9.5],
			"rotation": {"angle": 0, "axis": "y", "origin": [8, -0.75, 8]},
			"faces": {
				"north": {"uv": [1, 5, 4, 5.25], "texture": "#0"},
				"east": {"uv": [7, 8, 10, 8.25], "texture": "#0"},
				"south": {"uv": [9, 5, 12, 5.25], "texture": "#0"},
				"west": {"uv": [4, 0, 7, 0.25], "texture": "#0"},
				"up": {"uv": [7, 1, 10, 4], "rotation": 270, "texture": "#0"},
				"down": {"uv": [4, 4, 7, 7], "rotation": 90, "texture": "#0"}
			}
		},
		{
			"from": [6.25, 8, 6.25],
			"to": [9.75, 8.5, 9.75],
			"rotation": {"angle": 0, "axis": "y", "origin": [8, 4, 8]},
			"faces": {
				"north": {"uv": [1, 5, 4.5, 5.5], "texture": "#0"},
				"east": {"uv": [7, 8, 10.5, 8.5], "texture": "#0"},
				"south": {"uv": [9, 5, 12.5, 5.5], "texture": "#0"},
				"west": {"uv": [4, 0, 7.5, 0.5], "texture": "#0"},
				"up": {"uv": [7, 1, 10.5, 4.5], "rotation": 180, "texture": "#0"},
				"down": {"uv": [4, 4, 7.5, 7.5], "rotation": 180, "texture": "#0"}
			}
		},
		{
			"from": [7, 8, 5.75],
			"to": [9, 8.5, 10.25],
			"faces": {
				"north": {"uv": [1, 5, 3, 5.5], "texture": "#0"},
				"east": {"uv": [7, 8, 11.5, 8.5], "texture": "#0"},
				"south": {"uv": [9, 5, 11, 5.5], "texture": "#0"},
				"west": {"uv": [4, 0, 8.5, 0.5], "texture": "#0"},
				"up": {"uv": [7, 1, 9, 5.5], "texture": "#0"},
				"down": {"uv": [4, 4, 6, 8.5], "texture": "#0"}
			}
		},
		{
			"from": [5.75, 8, 7],
			"to": [10.25, 8.5, 9],
			"rotation": {"angle": 0, "axis": "y", "origin": [8, 4, 8]},
			"faces": {
				"north": {"uv": [1, 5, 5.5, 5.5], "texture": "#0"},
				"east": {"uv": [7, 8, 9, 8.5], "texture": "#0"},
				"south": {"uv": [9, 5, 13.5, 5.5], "texture": "#0"},
				"west": {"uv": [4, 0, 6, 0.5], "texture": "#0"},
				"up": {"uv": [7, 1, 9, 5.5], "rotation": 270, "texture": "#0"},
				"down": {"uv": [4, 4, 6, 8.5], "rotation": 90, "texture": "#0"}
			}
		},
		{
			"from": [6, 8, 6.5],
			"to": [10, 8.5, 9.5],
			"rotation": {"angle": 0, "axis": "y", "origin": [8, 4, 8]},
			"faces": {
				"north": {"uv": [1, 5, 5, 5.5], "texture": "#0"},
				"east": {"uv": [7, 8, 10, 8.5], "texture": "#0"},
				"south": {"uv": [9, 5, 13, 5.5], "texture": "#0"},
				"west": {"uv": [4, 0, 7, 0.5], "texture": "#0"},
				"up": {"uv": [7, 1, 10, 5], "rotation": 270, "texture": "#0"},
				"down": {"uv": [4, 4, 7, 8], "rotation": 90, "texture": "#0"}
			}
		},
		{
			"from": [6.5, 8, 6],
			"to": [9.5, 8.5, 10],
			"rotation": {"angle": 0, "axis": "y", "origin": [8, 4, 8]},
			"faces": {
				"north": {"uv": [1, 5, 4, 5.5], "texture": "#0"},
				"east": {"uv": [7, 8, 11, 8.5], "texture": "#0"},
				"south": {"uv": [9, 5, 12, 5.5], "texture": "#0"},
				"west": {"uv": [4, 0, 8, 0.5], "texture": "#0"},
				"up": {"uv": [7, 1, 10, 5], "rotation": 180, "texture": "#0"},
				"down": {"uv": [4, 4, 7, 8], "rotation": 180, "texture": "#0"}
			}
		}
	],
	"display": {
		"thirdperson_righthand": {
			"translation": [0, 3, 1],
			"scale": [0.25, 0.25, 0.25]
		},
		"thirdperson_lefthand": {
			"translation": [0, 3, 1],
			"scale": [0.25, 0.25, 0.25]
		},
		"firstperson_righthand": {
			"rotation": [0, -90, 25],
			"translation": [1.13, 3.2, 1.13],
			"scale": [0.25, 0.25, 0.25]
		},
		"firstperson_lefthand": {
			"rotation": [0, -90, 25],
			"translation": [1.13, 3.2, 1.13],
			"scale": [0.25, 0.25, 0.25]
		},
		"ground": {
			"translation": [0, 2, 0],
			"scale": [0.5, 0.5, 0.5]
		},
		"gui": {
			"rotation": [30, 225, 0],
			"scale": [0.625, 0.625, 0.625]
		},
		"head": {
			"rotation": [142, 0, -180],
			"translation": [0, 4.75, -4.75]
		},
		"fixed": {
			"scale": [0.5, 0.5, 0.5]
		}
	},
	"groups": [
		{
			"name": "tip",
			"origin": [8, 15.875, 8],
			"color": 0,
			"children": [0, 1, 2, 3, 4, 5, 6, 7, 8, 9]
		},
		{
			"name": "casing",
			"origin": [8, 4, 8],
			"color": 0,
			"children": [10, 11, 12, 13, 14, 15, 16, 17, 18, 19, 20, 21, 22, 23, 24, 25, 26, 27, 28]
		}
	]
}