{
	"credit": "Made with Blockbench",
	"textures": {
		"0": "void_shard",
		"particle": "void_shard"
	},
	"elements": [
		{
			"from": [6, 0, 6],
			"to": [10, 4, 10],
			"rotation": {"angle": 0, "axis": "y", "origin": [5, 2, 5]},
			"faces": {
				"north": {"uv": [4, 8, 8, 12], "texture": "#0"},
				"east": {"uv": [4, 0, 8, 4], "texture": "#0"},
				"south": {"uv": [0, 0, 4, 4], "texture": "#0"},
				"west": {"uv": [0, 8, 4, 12], "texture": "#0"},
				"up": {"uv": [0, 4, 4, 8], "rotation": 180, "texture": "#0"},
				"down": {"uv": [4, 4, 8, 8], "rotation": 180, "texture": "#0"}
			}
		},
		{
			"from": [12, 0, 6],
			"to": [16, 4, 10],
			"rotation": {"angle": 0, "axis": "x", "origin": [14, 2, 5]},
			"faces": {
				"north": {"uv": [4, 8, 8, 12], "rotation": 180, "texture": "#0"},
				"east": {"uv": [0, 8, 4, 12], "rotation": 180, "texture": "#0"},
				"south": {"uv": [0, 0, 4, 4], "rotation": 180, "texture": "#0"},
				"west": {"uv": [4, 0, 8, 4], "rotation": 180, "texture": "#0"},
				"up": {"uv": [4, 4, 8, 8], "texture": "#0"},
				"down": {"uv": [0, 4, 4, 8], "texture": "#0"}
			}
		},
		{
			"from": [6, 0, 0],
			"to": [10, 4, 4],
			"rotation": {"angle": 0, "axis": "z", "origin": [8, 2, 8]},
			"faces": {
				"north": {"uv": [0, 0, 4, 4], "rotation": 180, "texture": "#0"},
				"east": {"uv": [4, 0, 8, 4], "rotation": 180, "texture": "#0"},
				"south": {"uv": [4, 8, 8, 12], "rotation": 180, "texture": "#0"},
				"west": {"uv": [0, 8, 4, 12], "rotation": 180, "texture": "#0"},
				"up": {"uv": [4, 4, 8, 8], "rotation": 180, "texture": "#0"},
				"down": {"uv": [0, 4, 4, 8], "rotation": 180, "texture": "#0"}
			}
		},
		{
			"from": [0, 0, 12],
			"to": [4, 4, 16],
			"rotation": {"angle": 0, "axis": "z", "origin": [8, 2, 8]},
			"faces": {
				"north": {"uv": [0, 0, 4, 4], "rotation": 180, "texture": "#0"},
				"east": {"uv": [4, 0, 8, 4], "rotation": 180, "texture": "#0"},
				"south": {"uv": [4, 8, 8, 12], "rotation": 180, "texture": "#0"},
				"west": {"uv": [0, 8, 4, 12], "rotation": 180, "texture": "#0"},
				"up": {"uv": [4, 4, 8, 8], "rotation": 180, "texture": "#0"},
				"down": {"uv": [0, 4, 4, 8], "rotation": 180, "texture": "#0"}
			}
		},
		{
			"from": [12, 0, 12],
			"to": [16, 4, 16],
			"rotation": {"angle": 0, "axis": "z", "origin": [8, 2, 8]},
			"faces": {
				"north": {"uv": [0, 0, 4, 4], "rotation": 180, "texture": "#0"},
				"east": {"uv": [4, 0, 8, 4], "rotation": 180, "texture": "#0"},
				"south": {"uv": [4, 8, 8, 12], "rotation": 180, "texture": "#0"},
				"west": {"uv": [0, 8, 4, 12], "rotation": 180, "texture": "#0"},
				"up": {"uv": [4, 4, 8, 8], "rotation": 180, "texture": "#0"},
				"down": {"uv": [0, 4, 4, 8], "rotation": 180, "texture": "#0"}
			}
		},
		{
			"from": [6, 0, 12],
			"to": [10, 4, 16],
			"faces": {
				"north": {"uv": [0, 0, 4, 4], "texture": "#0"},
				"east": {"uv": [0, 8, 4, 12], "texture": "#0"},
				"south": {"uv": [4, 8, 8, 12], "texture": "#0"},
				"west": {"uv": [4, 0, 8, 4], "texture": "#0"},
				"up": {"uv": [0, 4, 4, 8], "texture": "#0"},
				"down": {"uv": [4, 4, 8, 8], "texture": "#0"}
			}
		},
		{
			"from": [12, 0, 0],
			"to": [16, 4, 4],
			"rotation": {"angle": 0, "axis": "x", "origin": [14, 2, 5]},
			"faces": {
				"north": {"uv": [4, 8, 8, 12], "rotation": 180, "texture": "#0"},
				"east": {"uv": [0, 8, 4, 12], "rotation": 180, "texture": "#0"},
				"south": {"uv": [0, 0, 4, 4], "rotation": 180, "texture": "#0"},
				"west": {"uv": [4, 0, 8, 4], "rotation": 180, "texture": "#0"},
				"up": {"uv": [4, 4, 8, 8], "texture": "#0"},
				"down": {"uv": [0, 4, 4, 8], "texture": "#0"}
			}
		},
		{
			"from": [0, 0, 6],
			"to": [4, 4, 10],
			"faces": {
				"north": {"uv": [0, 0, 4, 4], "texture": "#0"},
				"east": {"uv": [0, 8, 4, 12], "texture": "#0"},
				"south": {"uv": [4, 8, 8, 12], "texture": "#0"},
				"west": {"uv": [4, 0, 8, 4], "texture": "#0"},
				"up": {"uv": [0, 4, 4, 8], "texture": "#0"},
				"down": {"uv": [4, 4, 8, 8], "texture": "#0"}
			}
		},
		{
			"from": [0, 0, 0],
			"to": [4, 4, 4],
			"rotation": {"angle": 0, "axis": "y", "origin": [5, 2, 5]},
			"faces": {
				"north": {"uv": [4, 8, 8, 12], "texture": "#0"},
				"east": {"uv": [4, 0, 8, 4], "texture": "#0"},
				"south": {"uv": [0, 0, 4, 4], "texture": "#0"},
				"west": {"uv": [0, 8, 4, 12], "texture": "#0"},
				"up": {"uv": [0, 4, 4, 8], "rotation": 180, "texture": "#0"},
				"down": {"uv": [4, 4, 8, 8], "rotation": 180, "texture": "#0"}
			}
		},
		{
			"from": [6, 6, 6],
			"to": [10, 10, 10],
			"rotation": {"angle": 0, "axis": "x", "origin": [8, 8, 8]},
			"faces": {
				"north": {"uv": [0, 8, 4, 12], "rotation": 180, "texture": "#0"},
				"east": {"uv": [0, 0, 4, 4], "rotation": 180, "texture": "#0"},
				"south": {"uv": [4, 0, 8, 4], "rotation": 180, "texture": "#0"},
				"west": {"uv": [4, 8, 8, 12], "rotation": 180, "texture": "#0"},
				"up": {"uv": [4, 4, 8, 8], "rotation": 270, "texture": "#0"},
				"down": {"uv": [0, 4, 4, 8], "rotation": 90, "texture": "#0"}
			}
		},
		{
			"from": [6, 6, 12],
			"to": [10, 10, 16],
			"rotation": {"angle": 0, "axis": "x", "origin": [8, 8, 8]},
			"faces": {
				"north": {"uv": [4, 0, 8, 4], "texture": "#0"},
				"east": {"uv": [0, 0, 4, 4], "texture": "#0"},
				"south": {"uv": [0, 8, 4, 12], "texture": "#0"},
				"west": {"uv": [4, 8, 8, 12], "texture": "#0"},
				"up": {"uv": [0, 4, 4, 8], "rotation": 90, "texture": "#0"},
				"down": {"uv": [4, 4, 8, 8], "rotation": 270, "texture": "#0"}
			}
		},
		{
			"from": [0, 6, 6],
			"to": [4, 10, 10],
			"rotation": {"angle": 0, "axis": "x", "origin": [8, 8, 8]},
			"faces": {
				"north": {"uv": [0, 8, 4, 12], "texture": "#0"},
				"east": {"uv": [4, 8, 8, 12], "texture": "#0"},
				"south": {"uv": [4, 0, 8, 4], "texture": "#0"},
				"west": {"uv": [0, 0, 4, 4], "texture": "#0"},
				"up": {"uv": [0, 4, 4, 8], "rotation": 270, "texture": "#0"},
				"down": {"uv": [4, 4, 8, 8], "rotation": 90, "texture": "#0"}
			}
		},
		{
			"from": [12, 6, 0],
			"to": [16, 10, 4],
			"rotation": {"angle": 0, "axis": "x", "origin": [8, 8, 8]},
			"faces": {
				"north": {"uv": [0, 8, 4, 12], "texture": "#0"},
				"east": {"uv": [4, 8, 8, 12], "texture": "#0"},
				"south": {"uv": [4, 0, 8, 4], "texture": "#0"},
				"west": {"uv": [0, 0, 4, 4], "texture": "#0"},
				"up": {"uv": [0, 4, 4, 8], "rotation": 270, "texture": "#0"},
				"down": {"uv": [4, 4, 8, 8], "rotation": 90, "texture": "#0"}
			}
		},
		{
			"from": [12, 6, 12],
			"to": [16, 10, 16],
			"rotation": {"angle": 0, "axis": "x", "origin": [8, 8, 8]},
			"faces": {
				"north": {"uv": [0, 8, 4, 12], "texture": "#0"},
				"east": {"uv": [4, 8, 8, 12], "texture": "#0"},
				"south": {"uv": [4, 0, 8, 4], "texture": "#0"},
				"west": {"uv": [0, 0, 4, 4], "texture": "#0"},
				"up": {"uv": [0, 4, 4, 8], "rotation": 270, "texture": "#0"},
				"down": {"uv": [4, 4, 8, 8], "rotation": 90, "texture": "#0"}
			}
		},
		{
			"from": [12, 6, 6],
			"to": [16, 10, 10],
			"rotation": {"angle": 0, "axis": "x", "origin": [8, 8, 8]},
			"faces": {
				"north": {"uv": [4, 0, 8, 4], "rotation": 180, "texture": "#0"},
				"east": {"uv": [4, 8, 8, 12], "rotation": 180, "texture": "#0"},
				"south": {"uv": [0, 8, 4, 12], "rotation": 180, "texture": "#0"},
				"west": {"uv": [0, 0, 4, 4], "rotation": 180, "texture": "#0"},
				"up": {"uv": [4, 4, 8, 8], "rotation": 90, "texture": "#0"},
				"down": {"uv": [0, 4, 4, 8], "rotation": 270, "texture": "#0"}
			}
		},
		{
			"from": [0, 6, 12],
			"to": [4, 10, 16],
			"rotation": {"angle": 0, "axis": "x", "origin": [8, 8, 8]},
			"faces": {
				"north": {"uv": [4, 0, 8, 4], "texture": "#0"},
				"east": {"uv": [0, 0, 4, 4], "texture": "#0"},
				"south": {"uv": [0, 8, 4, 12], "texture": "#0"},
				"west": {"uv": [4, 8, 8, 12], "texture": "#0"},
				"up": {"uv": [0, 4, 4, 8], "rotation": 90, "texture": "#0"},
				"down": {"uv": [4, 4, 8, 8], "rotation": 270, "texture": "#0"}
			}
		},
		{
			"from": [6, 6, 0],
			"to": [10, 10, 4],
			"rotation": {"angle": 0, "axis": "x", "origin": [8, 8, 8]},
			"faces": {
				"north": {"uv": [4, 0, 8, 4], "rotation": 180, "texture": "#0"},
				"east": {"uv": [4, 8, 8, 12], "rotation": 180, "texture": "#0"},
				"south": {"uv": [0, 8, 4, 12], "rotation": 180, "texture": "#0"},
				"west": {"uv": [0, 0, 4, 4], "rotation": 180, "texture": "#0"},
				"up": {"uv": [4, 4, 8, 8], "rotation": 90, "texture": "#0"},
				"down": {"uv": [0, 4, 4, 8], "rotation": 270, "texture": "#0"}
			}
		},
		{
			"from": [0, 6, 0],
			"to": [4, 10, 4],
			"rotation": {"angle": 0, "axis": "x", "origin": [8, 8, 8]},
			"faces": {
				"north": {"uv": [0, 8, 4, 12], "rotation": 180, "texture": "#0"},
				"east": {"uv": [0, 0, 4, 4], "rotation": 180, "texture": "#0"},
				"south": {"uv": [4, 0, 8, 4], "rotation": 180, "texture": "#0"},
				"west": {"uv": [4, 8, 8, 12], "rotation": 180, "texture": "#0"},
				"up": {"uv": [4, 4, 8, 8], "rotation": 270, "texture": "#0"},
				"down": {"uv": [0, 4, 4, 8], "rotation": 90, "texture": "#0"}
			}
		},
		{
			"from": [6, 12, 6],
			"to": [10, 16, 10],
			"rotation": {"angle": 0, "axis": "y", "origin": [8, 14, 8]},
			"faces": {
				"north": {"uv": [0, 0, 4, 4], "texture": "#0"},
				"east": {"uv": [0, 8, 4, 12], "texture": "#0"},
				"south": {"uv": [4, 8, 8, 12], "texture": "#0"},
				"west": {"uv": [4, 0, 8, 4], "texture": "#0"},
				"up": {"uv": [0, 4, 4, 8], "texture": "#0"},
				"down": {"uv": [4, 4, 8, 8], "texture": "#0"}
			}
		},
		{
			"from": [0, 12, 6],
			"to": [4, 16, 10],
			"rotation": {"angle": 0, "axis": "y", "origin": [8, 14, 8]},
			"faces": {
				"north": {"uv": [0, 0, 4, 4], "rotation": 180, "texture": "#0"},
				"east": {"uv": [4, 0, 8, 4], "rotation": 180, "texture": "#0"},
				"south": {"uv": [4, 8, 8, 12], "rotation": 180, "texture": "#0"},
				"west": {"uv": [0, 8, 4, 12], "rotation": 180, "texture": "#0"},
				"up": {"uv": [4, 4, 8, 8], "rotation": 180, "texture": "#0"},
				"down": {"uv": [0, 4, 4, 8], "rotation": 180, "texture": "#0"}
			}
		},
		{
			"from": [6, 12, 12],
			"to": [10, 16, 16],
			"rotation": {"angle": 0, "axis": "y", "origin": [8, 14, 8]},
			"faces": {
				"north": {"uv": [4, 8, 8, 12], "rotation": 180, "texture": "#0"},
				"east": {"uv": [0, 8, 4, 12], "rotation": 180, "texture": "#0"},
				"south": {"uv": [0, 0, 4, 4], "rotation": 180, "texture": "#0"},
				"west": {"uv": [4, 0, 8, 4], "rotation": 180, "texture": "#0"},
				"up": {"uv": [4, 4, 8, 8], "texture": "#0"},
				"down": {"uv": [0, 4, 4, 8], "texture": "#0"}
			}
		},
		{
			"from": [12, 12, 0],
			"to": [16, 16, 4],
			"rotation": {"angle": 0, "axis": "y", "origin": [8, 14, 8]},
			"faces": {
				"north": {"uv": [4, 8, 8, 12], "rotation": 180, "texture": "#0"},
				"east": {"uv": [0, 8, 4, 12], "rotation": 180, "texture": "#0"},
				"south": {"uv": [0, 0, 4, 4], "rotation": 180, "texture": "#0"},
				"west": {"uv": [4, 0, 8, 4], "rotation": 180, "texture": "#0"},
				"up": {"uv": [4, 4, 8, 8], "texture": "#0"},
				"down": {"uv": [0, 4, 4, 8], "texture": "#0"}
			}
		},
		{
			"from": [0, 12, 0],
			"to": [4, 16, 4],
			"rotation": {"angle": 0, "axis": "y", "origin": [8, 14, 8]},
			"faces": {
				"north": {"uv": [4, 8, 8, 12], "rotation": 180, "texture": "#0"},
				"east": {"uv": [0, 8, 4, 12], "rotation": 180, "texture": "#0"},
				"south": {"uv": [0, 0, 4, 4], "rotation": 180, "texture": "#0"},
				"west": {"uv": [4, 0, 8, 4], "rotation": 180, "texture": "#0"},
				"up": {"uv": [4, 4, 8, 8], "texture": "#0"},
				"down": {"uv": [0, 4, 4, 8], "texture": "#0"}
			}
		},
		{
			"from": [6, 12, 0],
			"to": [10, 16, 4],
			"rotation": {"angle": 0, "axis": "y", "origin": [8, 14, 8]},
			"faces": {
				"north": {"uv": [4, 8, 8, 12], "texture": "#0"},
				"east": {"uv": [4, 0, 8, 4], "texture": "#0"},
				"south": {"uv": [0, 0, 4, 4], "texture": "#0"},
				"west": {"uv": [0, 8, 4, 12], "texture": "#0"},
				"up": {"uv": [0, 4, 4, 8], "rotation": 180, "texture": "#0"},
				"down": {"uv": [4, 4, 8, 8], "rotation": 180, "texture": "#0"}
			}
		},
		{
			"from": [0, 12, 12],
			"to": [4, 16, 16],
			"rotation": {"angle": 0, "axis": "y", "origin": [8, 14, 8]},
			"faces": {
				"north": {"uv": [0, 0, 4, 4], "rotation": 180, "texture": "#0"},
				"east": {"uv": [4, 0, 8, 4], "rotation": 180, "texture": "#0"},
				"south": {"uv": [4, 8, 8, 12], "rotation": 180, "texture": "#0"},
				"west": {"uv": [0, 8, 4, 12], "rotation": 180, "texture": "#0"},
				"up": {"uv": [4, 4, 8, 8], "rotation": 180, "texture": "#0"},
				"down": {"uv": [0, 4, 4, 8], "rotation": 180, "texture": "#0"}
			}
		},
		{
			"from": [12, 12, 6],
			"to": [16, 16, 10],
			"rotation": {"angle": 0, "axis": "y", "origin": [8, 14, 8]},
			"faces": {
				"north": {"uv": [4, 8, 8, 12], "texture": "#0"},
				"east": {"uv": [4, 0, 8, 4], "texture": "#0"},
				"south": {"uv": [0, 0, 4, 4], "texture": "#0"},
				"west": {"uv": [0, 8, 4, 12], "texture": "#0"},
				"up": {"uv": [0, 4, 4, 8], "rotation": 180, "texture": "#0"},
				"down": {"uv": [4, 4, 8, 8], "rotation": 180, "texture": "#0"}
			}
		},
		{
			"from": [12, 12, 12],
			"to": [16, 16, 16],
			"rotation": {"angle": 0, "axis": "y", "origin": [8, 14, 8]},
			"faces": {
				"north": {"uv": [0, 0, 4, 4], "texture": "#0"},
				"east": {"uv": [0, 8, 4, 12], "texture": "#0"},
				"south": {"uv": [4, 8, 8, 12], "texture": "#0"},
				"west": {"uv": [4, 0, 8, 4], "texture": "#0"},
				"up": {"uv": [0, 4, 4, 8], "texture": "#0"},
				"down": {"uv": [4, 4, 8, 8], "texture": "#0"}
			}
		}
	],
	"display": {
		"thirdperson_righthand": {
			"rotation": [75, 45, 0],
			"translation": [0, 2.5, 0],
			"scale": [0.375, 0.375, 0.375]
		},
		"thirdperson_lefthand": {
			"rotation": [75, 45, 0],
			"translation": [0, 2.5, 0],
			"scale": [0.375, 0.375, 0.375]
		},
		"firstperson_righthand": {
			"rotation": [0, 45, 0],
			"scale": [0.4, 0.4, 0.4]
		},
		"firstperson_lefthand": {
			"rotation": [0, 225, 0],
			"scale": [0.4, 0.4, 0.4]
		},
		"ground": {
			"translation": [0, 3, 0],
			"scale": [0.25, 0.25, 0.25]
		},
		"gui": {
			"rotation": [30, 225, 0],
			"scale": [0.625, 0.625, 0.625]
		},
		"head": {
			"scale": [0.53, 0.53, 0.53]
		},
		"fixed": {
			"scale": [0.5, 0.5, 0.5]
		}
	},
	"groups": [
		{
			"name": "soul_shard",
			"origin": [0, 0, 0],
			"color": 0,
			"children": [0, 1, 2, 3, 4, 5, 6, 7, 8, 9, 10, 11, 12, 13, 14, 15, 16, 17, 18, 19, 20, 21, 22, 23, 24, 25, 26]
		}
	]
}