{
	"credit": "Made with Blockbench",
	"textures": {
		"1": "wood",
		"7": "core",
		"particle": "wood"
	},
	"elements": [
		{
			"from": [7, 0, 7],
			"to": [9, 5, 9],
			"faces": {
				"north": {"uv": [5, 5, 7, 10], "texture": "#1"},
				"east": {"uv": [5, 1, 7, 6], "texture": "#1"},
				"south": {"uv": [1, 6, 3, 11], "texture": "#1"},
				"west": {"uv": [8, 6, 10, 11], "texture": "#1"},
				"up": {"uv": [2, 7, 4, 9], "texture": "#1"},
				"down": {"uv": [2, 2, 4, 4], "texture": "#1"}
			}
		},
		{
			"from": [7, 5, 8],
			"to": [9, 10, 10],
			"faces": {
				"north": {"uv": [5, 5, 7, 10], "texture": "#1"},
				"east": {"uv": [5, 1, 7, 6], "texture": "#1"},
				"south": {"uv": [1, 6, 3, 11], "texture": "#1"},
				"west": {"uv": [8, 6, 10, 11], "texture": "#1"},
				"up": {"uv": [2, 7, 4, 9], "texture": "#1"},
				"down": {"uv": [2, 2, 4, 4], "texture": "#1"}
			}
		},
		{
			"from": [6, 10, 7],
			"to": [8, 15, 9],
			"faces": {
				"north": {"uv": [5, 5, 7, 10], "texture": "#1"},
				"east": {"uv": [5, 1, 7, 6], "texture": "#1"},
				"south": {"uv": [1, 6, 3, 11], "texture": "#1"},
				"west": {"uv": [8, 6, 10, 11], "texture": "#1"},
				"up": {"uv": [2, 7, 4, 9], "texture": "#1"},
				"down": {"uv": [2, 2, 4, 4], "texture": "#1"}
			}
		},
		{
			"from": [5, 15, 8],
			"to": [7, 20, 10],
			"faces": {
				"north": {"uv": [5, 5, 7, 10], "texture": "#1"},
				"east": {"uv": [5, 1, 7, 6], "texture": "#1"},
				"south": {"uv": [1, 6, 3, 11], "texture": "#1"},
				"west": {"uv": [8, 6, 10, 11], "texture": "#1"},
				"up": {"uv": [2, 7, 4, 9], "texture": "#1"},
				"down": {"uv": [2, 2, 4, 4], "texture": "#1"}
			}
		},
		{
			"from": [5, 14, 8],
			"to": [6, 15, 9],
			"rotation": {"angle": 0, "axis": "y", "origin": [5, 14, 1]},
			"faces": {
				"north": {"uv": [5, 5, 6, 6], "texture": "#1"},
				"east": {"uv": [5, 1, 6, 2], "texture": "#1"},
				"south": {"uv": [1, 6, 2, 7], "texture": "#1"},
				"west": {"uv": [8, 6, 9, 7], "texture": "#1"},
				"up": {"uv": [2, 7, 3, 8], "texture": "#1"},
				"down": {"uv": [2, 2, 3, 3], "texture": "#1"}
			}
		},
		{
			"from": [5, 20, 8],
			"to": [6, 21, 10],
			"faces": {
				"north": {"uv": [5, 5, 6, 6], "texture": "#1"},
				"east": {"uv": [5, 1, 7, 2], "texture": "#1"},
				"south": {"uv": [1, 6, 2, 7], "texture": "#1"},
				"west": {"uv": [8, 6, 10, 7], "texture": "#1"},
				"up": {"uv": [2, 7, 3, 9], "texture": "#1"},
				"down": {"uv": [2, 2, 3, 4], "texture": "#1"}
			}
		},
		{
			"from": [8, 9, 7],
			"to": [9, 13, 8],
			"faces": {
				"north": {"uv": [5, 5, 6, 9], "texture": "#1"},
				"east": {"uv": [5, 1, 6, 5], "texture": "#1"},
				"south": {"uv": [1, 6, 2, 10], "texture": "#1"},
				"west": {"uv": [8, 6, 9, 10], "texture": "#1"},
				"up": {"uv": [2, 7, 3, 8], "texture": "#1"},
				"down": {"uv": [2, 2, 3, 3], "texture": "#1"}
			}
		},
		{
			"from": [6, 4, 8],
			"to": [7, 8, 9],
			"rotation": {"angle": 0, "axis": "z", "origin": [6.5, 6, 8.5]},
			"faces": {
				"north": {"uv": [5, 5, 6, 9], "texture": "#1"},
				"east": {"uv": [5, 1, 6, 5], "texture": "#1"},
				"south": {"uv": [1, 6, 2, 10], "texture": "#1"},
				"west": {"uv": [8, 6, 9, 10], "texture": "#1"},
				"up": {"uv": [2, 7, 3, 8], "texture": "#1"},
				"down": {"uv": [2, 2, 3, 3], "texture": "#1"}
			}
		},
		{
			"from": [7, -2, 6],
			"to": [8, 2, 7],
			"faces": {
				"north": {"uv": [5, 5, 6, 9], "texture": "#1"},
				"east": {"uv": [5, 1, 6, 5], "texture": "#1"},
				"south": {"uv": [1, 6, 2, 10], "texture": "#1"},
				"west": {"uv": [8, 6, 9, 10], "texture": "#1"},
				"up": {"uv": [2, 7, 3, 8], "texture": "#1"},
				"down": {"uv": [2, 2, 3, 3], "texture": "#1"}
			}
		},
		{
			"from": [6, 5, 7],
			"to": [8, 6, 8],
			"faces": {
				"north": {"uv": [5, 5, 7, 6], "texture": "#1"},
				"east": {"uv": [5, 1, 6, 2], "texture": "#1"},
				"south": {"uv": [1, 6, 3, 7], "texture": "#1"},
				"west": {"uv": [8, 6, 9, 7], "texture": "#1"},
				"up": {"uv": [2, 7, 4, 8], "texture": "#1"},
				"down": {"uv": [2, 2, 4, 3], "texture": "#1"}
			}
		},
		{
			"from": [6, -10, 6],
			"to": [8, -5, 8],
			"faces": {
				"north": {"uv": [5, 5, 7, 10], "texture": "#1"},
				"east": {"uv": [5, 1, 7, 6], "texture": "#1"},
				"south": {"uv": [1, 6, 3, 11], "texture": "#1"},
				"west": {"uv": [8, 6, 10, 11], "texture": "#1"},
				"up": {"uv": [2, 7, 4, 9], "texture": "#1"},
				"down": {"uv": [2, 2, 4, 4], "texture": "#1"}
			}
		},
		{
			"from": [6, -5, 7],
			"to": [8, 0, 9],
			"faces": {
				"north": {"uv": [5, 5, 7, 10], "texture": "#1"},
				"east": {"uv": [5, 1, 7, 6], "texture": "#1"},
				"south": {"uv": [1, 6, 3, 11], "texture": "#1"},
				"west": {"uv": [8, 6, 10, 11], "texture": "#1"},
				"up": {"uv": [2, 7, 4, 9], "texture": "#1"},
				"down": {"uv": [2, 2, 4, 4], "texture": "#1"}
			}
		},
		{
			"from": [5, -6, 7],
			"to": [6, -2, 8],
			"faces": {
				"north": {"uv": [5, 5, 6, 9], "texture": "#1"},
				"east": {"uv": [5, 1, 6, 5], "texture": "#1"},
				"south": {"uv": [1, 6, 2, 10], "texture": "#1"},
				"west": {"uv": [8, 6, 9, 10], "texture": "#1"},
				"up": {"uv": [2, 7, 3, 8], "texture": "#1"},
				"down": {"uv": [2, 2, 3, 3], "texture": "#1"}
			}
		},
		{
			"from": [5, -5, 6],
			"to": [7, -4, 7],
			"faces": {
				"north": {"uv": [5, 5, 7, 6], "texture": "#1"},
				"east": {"uv": [5, 1, 6, 2], "texture": "#1"},
				"south": {"uv": [1, 6, 3, 7], "texture": "#1"},
				"west": {"uv": [8, 6, 9, 7], "texture": "#1"},
				"up": {"uv": [2, 7, 4, 8], "texture": "#1"},
				"down": {"uv": [2, 2, 4, 3], "texture": "#1"}
			}
		},
		{
			"from": [7, 24, 9],
			"to": [8, 25, 10],
			"faces": {
				"north": {"uv": [5, 5, 6, 6], "texture": "#1"},
				"east": {"uv": [5, 1, 6, 2], "texture": "#1"},
				"south": {"uv": [1, 6, 2, 7], "texture": "#1"},
				"west": {"uv": [8, 6, 9, 7], "texture": "#1"},
				"up": {"uv": [2, 7, 3, 8], "texture": "#1"},
				"down": {"uv": [2, 2, 3, 3], "texture": "#1"}
			}
		},
		{
			"from": [6, 20, 7],
			"to": [8, 25, 9],
			"faces": {
				"north": {"uv": [5, 5, 7, 10], "texture": "#1"},
				"east": {"uv": [5, 1, 7, 6], "texture": "#1"},
				"south": {"uv": [1, 6, 3, 11], "texture": "#1"},
				"west": {"uv": [8, 6, 10, 11], "texture": "#1"},
				"up": {"uv": [2, 7, 4, 9], "texture": "#1"},
				"down": {"uv": [2, 2, 4, 4], "texture": "#1"}
			}
		},
		{
			"from": [6.5, 26, 6.5],
			"to": [8.5, 28, 9.5],
			"faces": {
				"north": {"uv": [0, 0, 2, 2], "texture": "#7"},
				"east": {"uv": [0, 0, 3, 2], "texture": "#7"},
				"south": {"uv": [0, 0, 2, 2], "texture": "#7"},
				"west": {"uv": [0, 0, 3, 2], "texture": "#7"},
				"up": {"uv": [0, 0, 2, 3], "texture": "#7"},
				"down": {"uv": [0, 0, 2, 3], "texture": "#7"}
			}
		},
		{
			"from": [6, 26, 7],
			"to": [9, 28, 9],
			"rotation": {"angle": 0, "axis": "y", "origin": [7.5, 27, 8]},
			"faces": {
				"north": {"uv": [0, 0, 3, 2], "texture": "#7"},
				"east": {"uv": [0, 0, 2, 2], "texture": "#7"},
				"south": {"uv": [0, 0, 3, 2], "texture": "#7"},
				"west": {"uv": [0, 0, 2, 2], "texture": "#7"},
				"up": {"uv": [0, 0, 2, 3], "rotation": 270, "texture": "#7"},
				"down": {"uv": [0, 0, 2, 3], "rotation": 90, "texture": "#7"}
			}
		},
		{
			"from": [6.5, 25.5, 7],
			"to": [8.5, 28.5, 9],
			"rotation": {"angle": 0, "axis": "z", "origin": [7.5, 27, 8]},
			"faces": {
				"north": {"uv": [0, 0, 3, 2], "rotation": 270, "texture": "#7"},
				"east": {"uv": [0, 0, 2, 3], "texture": "#7"},
				"south": {"uv": [0, 0, 3, 2], "rotation": 90, "texture": "#7"},
				"west": {"uv": [0, 0, 2, 3], "rotation": 180, "texture": "#7"},
				"up": {"uv": [0, 0, 2, 2], "rotation": 90, "texture": "#7"},
				"down": {"uv": [0, 0, 2, 2], "rotation": 90, "texture": "#7"}
			}
		},
		{
			"from": [6.25, 25.75, 6.75],
			"to": [8.75, 28.25, 9.25],
			"rotation": {"angle": 0, "axis": "z", "origin": [7.5, 27, 8]},
			"faces": {
				"north": {"uv": [0, 0, 2.5, 2.5], "rotation": 270, "texture": "#7"},
				"east": {"uv": [0, 0, 2.5, 2.5], "texture": "#7"},
				"south": {"uv": [0, 0, 2.5, 2.5], "rotation": 90, "texture": "#7"},
				"west": {"uv": [0, 0, 2.5, 2.5], "rotation": 180, "texture": "#7"},
				"up": {"uv": [0, 0, 2.5, 2.5], "rotation": 90, "texture": "#7"},
				"down": {"uv": [0, 0, 2.5, 2.5], "rotation": 90, "texture": "#7"}
			}
		},
		{
			"from": [5.75, 23.25, 8],
			"to": [6.75, 25.25, 8.25],
			"faces": {
				"north": {"uv": [0, 0, 1, 2], "texture": "#7"},
				"east": {"uv": [0, 0, 0.25, 2], "texture": "#7"},
				"south": {"uv": [0, 0, 1, 2], "texture": "#7"},
				"west": {"uv": [0, 0, 0.25, 2], "texture": "#7"},
				"up": {"uv": [0, 0, 1, 0.25], "texture": "#7"},
				"down": {"uv": [0, 0, 1, 0.25], "texture": "#7"}
			}
		},
		{
			"from": [6.75, 24, 8],
			"to": [7.5, 26, 8.25],
			"faces": {
				"north": {"uv": [0, 0, 0.75, 2], "texture": "#7"},
				"east": {"uv": [0, 0, 0.25, 2], "texture": "#7"},
				"south": {"uv": [0, 0, 0.75, 2], "texture": "#7"},
				"west": {"uv": [0, 0, 0.25, 2], "texture": "#7"},
				"up": {"uv": [0, 0, 0.75, 0.25], "texture": "#7"},
				"down": {"uv": [0, 0, 0.75, 0.25], "texture": "#7"}
			}
		},
		{
			"from": [7.25, 22.75, 6.75],
			"to": [8.25, 23, 8.25],
			"faces": {
				"north": {"uv": [0, 0, 1, 0.25], "texture": "#7"},
				"east": {"uv": [0, 0, 1.5, 0.25], "texture": "#7"},
				"south": {"uv": [0, 0, 1, 0.25], "texture": "#7"},
				"west": {"uv": [0, 0, 1.5, 0.25], "texture": "#7"},
				"up": {"uv": [0, 0, 1, 1.5], "texture": "#7"},
				"down": {"uv": [0, 0, 1, 1.5], "texture": "#7"}
			}
		},
		{
			"from": [7.25, 21.25, 6.75],
			"to": [7.5, 22.75, 8.25],
			"faces": {
				"north": {"uv": [0, 0, 0.25, 1.5], "texture": "#7"},
				"east": {"uv": [0, 0, 1.5, 1.5], "texture": "#7"},
				"south": {"uv": [0, 0, 0.25, 1.5], "texture": "#7"},
				"west": {"uv": [0, 0, 1.5, 1.5], "texture": "#7"},
				"up": {"uv": [0, 0, 0.25, 1.5], "texture": "#7"},
				"down": {"uv": [0, 0, 0.25, 1.5], "texture": "#7"}
			}
		},
		{
			"from": [7, 19.75, 6.75],
			"to": [7.25, 21.5, 8.25],
			"faces": {
				"north": {"uv": [0, 0, 0.25, 1.75], "texture": "#7"},
				"east": {"uv": [0, 0, 1.5, 1.75], "texture": "#7"},
				"south": {"uv": [0, 0, 0.25, 1.75], "texture": "#7"},
				"west": {"uv": [0, 0, 1.5, 1.75], "texture": "#7"},
				"up": {"uv": [0, 0, 0.25, 1.5], "texture": "#7"},
				"down": {"uv": [0, 0, 0.25, 1.5], "texture": "#7"}
			}
		},
		{
			"from": [7, 17, 8],
			"to": [7.25, 19.75, 8.25],
			"faces": {
				"north": {"uv": [0, 0, 0.25, 2.75], "texture": "#7"},
				"east": {"uv": [0, 0, 0.25, 2.75], "texture": "#7"},
				"south": {"uv": [0, 0, 0.25, 2.75], "texture": "#7"},
				"west": {"uv": [0, 0, 0.25, 2.75], "texture": "#7"},
				"up": {"uv": [0, 0, 0.25, 0.25], "texture": "#7"},
				"down": {"uv": [0, 0, 0.25, 0.25], "texture": "#7"}
			}
		},
		{
			"from": [5.75, 16.75, 7.75],
			"to": [7.25, 17, 8.25],
			"faces": {
				"north": {"uv": [0, 0, 1.5, 0.25], "texture": "#7"},
				"east": {"uv": [0, 0, 0.5, 0.25], "texture": "#7"},
				"south": {"uv": [0, 0, 1.5, 0.25], "texture": "#7"},
				"west": {"uv": [0, 0, 0.5, 0.25], "texture": "#7"},
				"up": {"uv": [0, 0, 1.5, 0.5], "texture": "#7"},
				"down": {"uv": [0, 0, 1.5, 0.5], "texture": "#7"}
			}
		},
		{
			"from": [5.75, 13.75, 7.75],
			"to": [6, 16.75, 8.5],
			"faces": {
				"north": {"uv": [0, 0, 0.25, 3], "texture": "#7"},
				"east": {"uv": [0, 0, 0.75, 3], "texture": "#7"},
				"south": {"uv": [0, 0, 0.25, 3], "texture": "#7"},
				"west": {"uv": [0, 0, 0.75, 3], "texture": "#7"},
				"up": {"uv": [0, 0, 0.25, 0.75], "texture": "#7"},
				"down": {"uv": [0, 0, 0.25, 0.75], "texture": "#7"}
			}
		},
		{
			"from": [5.75, 10.75, 8.25],
			"to": [6, 13.75, 8.5],
			"faces": {
				"north": {"uv": [0, 0, 0.25, 3], "texture": "#7"},
				"east": {"uv": [0, 0, 0.25, 3], "texture": "#7"},
				"south": {"uv": [0, 0, 0.25, 3], "texture": "#7"},
				"west": {"uv": [0, 0, 0.25, 3], "texture": "#7"},
				"up": {"uv": [0, 0, 0.25, 0.25], "texture": "#7"},
				"down": {"uv": [0, 0, 0.25, 0.25], "texture": "#7"}
			}
		},
		{
			"from": [6.75, 22, 7.75],
			"to": [7, 23.75, 9.25],
			"faces": {
				"north": {"uv": [0, 0, 0.25, 1.75], "texture": "#7"},
				"east": {"uv": [0, 0, 1.5, 1.75], "texture": "#7"},
				"south": {"uv": [0, 0, 0.25, 1.75], "texture": "#7"},
				"west": {"uv": [0, 0, 1.5, 1.75], "texture": "#7"},
				"up": {"uv": [0, 0, 0.25, 1.5], "texture": "#7"},
				"down": {"uv": [0, 0, 0.25, 1.5], "texture": "#7"}
			}
		},
		{
			"from": [6.5, 20.25, 7.75],
			"to": [6.75, 22.25, 9.25],
			"faces": {
				"north": {"uv": [0, 0, 0.25, 2], "texture": "#7"},
				"east": {"uv": [0, 0, 1.5, 2], "texture": "#7"},
				"south": {"uv": [0, 0, 0.25, 2], "texture": "#7"},
				"west": {"uv": [0, 0, 1.5, 2], "texture": "#7"},
				"up": {"uv": [0, 0, 0.25, 1.5], "texture": "#7"},
				"down": {"uv": [0, 0, 0.25, 1.5], "texture": "#7"}
			}
		},
		{
			"from": [6.5, 14.75, 9],
			"to": [6.75, 20.25, 10.25],
			"faces": {
				"north": {"uv": [0, 0, 0.25, 5.5], "texture": "#7"},
				"east": {"uv": [0, 0, 1.25, 5.5], "texture": "#7"},
				"south": {"uv": [0, 0, 0.25, 5.5], "texture": "#7"},
				"west": {"uv": [0, 0, 1.25, 5.5], "texture": "#7"},
				"up": {"uv": [0, 0, 0.25, 1.25], "texture": "#7"},
				"down": {"uv": [0, 0, 0.25, 1.25], "texture": "#7"}
			}
		},
		{
			"from": [4.75, 16.75, 8.75],
			"to": [6.5, 17, 10.25],
			"faces": {
				"north": {"uv": [0, 0, 1.75, 0.25], "texture": "#7"},
				"east": {"uv": [0, 0, 1.5, 0.25], "texture": "#7"},
				"south": {"uv": [0, 0, 1.75, 0.25], "texture": "#7"},
				"west": {"uv": [0, 0, 1.5, 0.25], "texture": "#7"},
				"up": {"uv": [0, 0, 1.75, 1.5], "texture": "#7"},
				"down": {"uv": [0, 0, 1.75, 1.5], "texture": "#7"}
			}
		},
		{
			"from": [7, 23, 8.5],
			"to": [8.25, 23.25, 9.25],
			"faces": {
				"north": {"uv": [0, 0, 1.25, 0.25], "texture": "#7"},
				"east": {"uv": [0, 0, 0.75, 0.25], "texture": "#7"},
				"south": {"uv": [0, 0, 1.25, 0.25], "texture": "#7"},
				"west": {"uv": [0, 0, 0.75, 0.25], "texture": "#7"},
				"up": {"uv": [0, 0, 1.25, 0.75], "texture": "#7"},
				"down": {"uv": [0, 0, 1.25, 0.75], "texture": "#7"}
			}
		},
		{
			"from": [5.75, 21.5, 8.25],
			"to": [6.75, 23.5, 8.5],
			"faces": {
				"north": {"uv": [0, 0, 1, 2], "texture": "#7"},
				"east": {"uv": [0, 0, 0.25, 2], "texture": "#7"},
				"south": {"uv": [0, 0, 1, 2], "texture": "#7"},
				"west": {"uv": [0, 0, 0.25, 2], "texture": "#7"},
				"up": {"uv": [0, 0, 1, 0.25], "texture": "#7"},
				"down": {"uv": [0, 0, 1, 0.25], "texture": "#7"}
			}
		},
		{
			"from": [7.25, 22.5, 8.25],
			"to": [8.25, 24.5, 8.5],
			"faces": {
				"north": {"uv": [0, 0, 1, 2], "texture": "#7"},
				"east": {"uv": [0, 0, 0.25, 2], "texture": "#7"},
				"south": {"uv": [0, 0, 1, 2], "texture": "#7"},
				"west": {"uv": [0, 0, 0.25, 2], "texture": "#7"},
				"up": {"uv": [0, 0, 1, 0.25], "texture": "#7"},
				"down": {"uv": [0, 0, 1, 0.25], "texture": "#7"}
			}
		},
		{
			"from": [7.25, 20.75, 7.75],
			"to": [8.25, 22.75, 8],
			"faces": {
				"north": {"uv": [0, 0, 1, 2], "texture": "#7"},
				"east": {"uv": [0, 0, 0.25, 2], "texture": "#7"},
				"south": {"uv": [0, 0, 1, 2], "texture": "#7"},
				"west": {"uv": [0, 0, 0.25, 2], "texture": "#7"},
				"up": {"uv": [0, 0, 1, 0.25], "texture": "#7"},
				"down": {"uv": [0, 0, 1, 0.25], "texture": "#7"}
			}
		}
	],
	"display": {
		"thirdperson_righthand": {
			"rotation": [0, 90, 0],
			"translation": [-0.5, -2.5, 0.75]
		},
		"thirdperson_lefthand": {
			"rotation": [0, -90, 0],
			"translation": [-0.5, -2.5, 0.75]
		},
		"firstperson_righthand": {
			"rotation": [-15, 0, 0],
			"translation": [2.5, 1, 0],
			"scale": [0.75, 0.75, 0.75]
		},
		"firstperson_lefthand": {
			"rotation": [-15, 0, 0],
			"translation": [2.5, 1, 0],
			"scale": [0.75, 0.75, 0.75]
		},
		"ground": {
			"translation": [0, 15, 0]
		},
		"gui": {
			"rotation": [45, 0, -45],
			"scale": [0.5, 0.5, 0.5]
		},
		"head": {
			"rotation": [0, 0, -40],
			"translation": [1.25, -18, 5.25],
			"scale": [1.5, 1.5, 1.5]
		},
		"fixed": {
			"rotation": [0, 0, 45.5],
			"translation": [0, 0, -3.25],
			"scale": [0.75, 0.75, 0.75]
		}
	},
	"groups": [
		{
			"name": "staff_main",
			"origin": [0, 0, 0],
			"color": 0,
			"children": [0, 1, 2, 3, 4, 5, 6, 7, 8, 9, 10, 11, 12, 13, 14, 15]
		},
		{
			"name": "core",
			"origin": [7.5, 27, 8],
			"color": 0,
			"children": [16, 17, 18, 19]
		},
		{
			"name": "lines",
			"origin": [0, 0, 0],
			"color": 0,
			"children": [20, 21, 22, 23, 24, 25, 26, 27, 28, 29, 30, 31, 32, 33, 34, 35, 36]
		}
	]
}