{
	"credit": "Made with Blockbench",
	"textures": {
		"2": "glow_berry_top",
		"5": "lapis_block_borderless",
		"7": "core",
		"8": "oak_log",
		"9": "polished_deepslate",
		"11": "nether_portal",
		"14": "soul_campfire_fire",
		"particle": "lava_still"
	},
	"elements": [
		{
			"from": [7, 0, 7],
			"to": [9, 5, 9],
			"faces": {
				"north": {"uv": [0, 0, 2, 5], "texture": "#8"},
				"east": {"uv": [0, 0, 2, 5], "texture": "#8"},
				"south": {"uv": [0, 0, 2, 5], "texture": "#8"},
				"west": {"uv": [0, 0, 2, 5], "texture": "#8"},
				"up": {"uv": [0, 0, 2, 2], "texture": "#8"},
				"down": {"uv": [0, 0, 2, 2], "texture": "#8"}
			}
		},
		{
			"from": [7, 5, 8],
			"to": [9, 10, 10],
			"faces": {
				"north": {"uv": [0, 0, 2, 5], "texture": "#8"},
				"east": {"uv": [0, 0, 2, 5], "texture": "#8"},
				"south": {"uv": [0, 0, 2, 5], "texture": "#8"},
				"west": {"uv": [0, 0, 2, 5], "texture": "#8"},
				"up": {"uv": [0, 0, 2, 2], "texture": "#8"},
				"down": {"uv": [0, 0, 2, 2], "texture": "#8"}
			}
		},
		{
			"from": [6, 10, 7],
			"to": [8, 15, 9],
			"faces": {
				"north": {"uv": [0, 0, 2, 5], "texture": "#8"},
				"east": {"uv": [0, 0, 2, 5], "texture": "#8"},
				"south": {"uv": [0, 0, 2, 5], "texture": "#8"},
				"west": {"uv": [0, 0, 2, 5], "texture": "#8"},
				"up": {"uv": [0, 0, 2, 2], "texture": "#8"},
				"down": {"uv": [0, 0, 2, 2], "texture": "#8"}
			}
		},
		{
			"from": [5, 15, 8],
			"to": [7, 20, 10],
			"faces": {
				"north": {"uv": [0, 0, 2, 5], "texture": "#8"},
				"east": {"uv": [0, 0, 2, 5], "texture": "#8"},
				"south": {"uv": [0, 0, 2, 5], "texture": "#8"},
				"west": {"uv": [0, 0, 2, 5], "texture": "#8"},
				"up": {"uv": [0, 0, 2, 2], "texture": "#8"},
				"down": {"uv": [0, 0, 2, 2], "texture": "#8"}
			}
		},
		{
			"from": [5, 14, 8],
			"to": [6, 15, 9],
			"rotation": {"angle": 0, "axis": "y", "origin": [5, 14, 1]},
			"faces": {
				"north": {"uv": [0, 0, 1, 1], "texture": "#8"},
				"east": {"uv": [0, 0, 1, 1], "texture": "#8"},
				"south": {"uv": [0, 0, 1, 1], "texture": "#8"},
				"west": {"uv": [0, 0, 1, 1], "texture": "#8"},
				"up": {"uv": [0, 0, 1, 1], "texture": "#8"},
				"down": {"uv": [0, 0, 1, 1], "texture": "#8"}
			}
		},
		{
			"from": [5, 20, 8],
			"to": [6, 21, 10],
			"faces": {
				"north": {"uv": [0, 0, 1, 1], "texture": "#8"},
				"east": {"uv": [0, 0, 2, 1], "texture": "#8"},
				"south": {"uv": [0, 0, 1, 1], "texture": "#8"},
				"west": {"uv": [0, 0, 2, 1], "texture": "#8"},
				"up": {"uv": [0, 0, 1, 2], "texture": "#8"},
				"down": {"uv": [0, 0, 1, 2], "texture": "#8"}
			}
		},
		{
			"from": [8, 9, 7],
			"to": [9, 13, 8],
			"faces": {
				"north": {"uv": [0, 0, 1, 4], "texture": "#8"},
				"east": {"uv": [0, 0, 1, 4], "texture": "#8"},
				"south": {"uv": [0, 0, 1, 4], "texture": "#8"},
				"west": {"uv": [0, 0, 1, 4], "texture": "#8"},
				"up": {"uv": [0, 0, 1, 1], "texture": "#8"},
				"down": {"uv": [0, 0, 1, 1], "texture": "#8"}
			}
		},
		{
			"from": [6, 4, 8],
			"to": [7, 8, 9],
			"rotation": {"angle": 0, "axis": "z", "origin": [6.5, 6, 8.5]},
			"faces": {
				"north": {"uv": [0, 0, 1, 4], "texture": "#8"},
				"east": {"uv": [0, 0, 1, 4], "texture": "#8"},
				"south": {"uv": [0, 0, 1, 4], "texture": "#8"},
				"west": {"uv": [0, 0, 1, 4], "texture": "#8"},
				"up": {"uv": [0, 0, 1, 1], "texture": "#8"},
				"down": {"uv": [0, 0, 1, 1], "texture": "#8"}
			}
		},
		{
			"from": [7, -2, 6],
			"to": [8, 2, 7],
			"faces": {
				"north": {"uv": [0, 0, 1, 4], "texture": "#8"},
				"east": {"uv": [0, 0, 1, 4], "texture": "#8"},
				"south": {"uv": [0, 0, 1, 4], "texture": "#8"},
				"west": {"uv": [0, 0, 1, 4], "texture": "#8"},
				"up": {"uv": [0, 0, 1, 1], "texture": "#8"},
				"down": {"uv": [0, 0, 1, 1], "texture": "#8"}
			}
		},
		{
			"from": [6, 5, 7],
			"to": [8, 6, 8],
			"faces": {
				"north": {"uv": [0, 0, 2, 1], "texture": "#8"},
				"east": {"uv": [0, 0, 1, 1], "texture": "#8"},
				"south": {"uv": [0, 0, 2, 1], "texture": "#8"},
				"west": {"uv": [0, 0, 1, 1], "texture": "#8"},
				"up": {"uv": [0, 0, 2, 1], "texture": "#8"},
				"down": {"uv": [0, 0, 2, 1], "texture": "#8"}
			}
		},
		{
			"from": [6, -10, 6],
			"to": [8, -5, 8],
			"faces": {
				"north": {"uv": [0, 0, 2, 5], "texture": "#8"},
				"east": {"uv": [0, 0, 2, 5], "texture": "#8"},
				"south": {"uv": [0, 0, 2, 5], "texture": "#8"},
				"west": {"uv": [0, 0, 2, 5], "texture": "#8"},
				"up": {"uv": [0, 0, 2, 2], "texture": "#8"},
				"down": {"uv": [0, 0, 2, 2], "texture": "#8"}
			}
		},
		{
			"from": [6, -5, 7],
			"to": [8, 0, 9],
			"faces": {
				"north": {"uv": [0, 0, 2, 5], "texture": "#8"},
				"east": {"uv": [0, 0, 2, 5], "texture": "#8"},
				"south": {"uv": [0, 0, 2, 5], "texture": "#8"},
				"west": {"uv": [0, 0, 2, 5], "texture": "#8"},
				"up": {"uv": [0, 0, 2, 2], "texture": "#8"},
				"down": {"uv": [0, 0, 2, 2], "texture": "#8"}
			}
		},
		{
			"from": [5, -6, 7],
			"to": [6, -2, 8],
			"faces": {
				"north": {"uv": [0, 0, 1, 4], "texture": "#8"},
				"east": {"uv": [0, 0, 1, 4], "texture": "#8"},
				"south": {"uv": [0, 0, 1, 4], "texture": "#8"},
				"west": {"uv": [0, 0, 1, 4], "texture": "#8"},
				"up": {"uv": [0, 0, 1, 1], "texture": "#8"},
				"down": {"uv": [0, 0, 1, 1], "texture": "#8"}
			}
		},
		{
			"from": [5, -5, 6],
			"to": [7, -4, 7],
			"faces": {
				"north": {"uv": [0, 0, 2, 1], "texture": "#8"},
				"east": {"uv": [0, 0, 1, 1], "texture": "#8"},
				"south": {"uv": [0, 0, 2, 1], "texture": "#8"},
				"west": {"uv": [0, 0, 1, 1], "texture": "#8"},
				"up": {"uv": [0, 0, 2, 1], "texture": "#8"},
				"down": {"uv": [0, 0, 2, 1], "texture": "#8"}
			}
		},
		{
			"from": [6, 20, 7],
			"to": [8, 25, 9],
			"faces": {
				"north": {"uv": [0, 0, 2, 5], "texture": "#8"},
				"east": {"uv": [0, 0, 2, 5], "texture": "#8"},
				"south": {"uv": [0, 0, 2, 5], "texture": "#8"},
				"west": {"uv": [0, 0, 2, 5], "texture": "#8"},
				"up": {"uv": [0, 0, 2, 2], "texture": "#8"},
				"down": {"uv": [0, 0, 2, 2], "texture": "#8"}
			}
		},
		{
			"from": [8, 24, 8],
			"to": [9, 25, 10],
			"faces": {
				"north": {"uv": [0, 0, 1, 1], "texture": "#8"},
				"east": {"uv": [0, 0, 2, 1], "texture": "#8"},
				"south": {"uv": [0, 0, 1, 1], "texture": "#8"},
				"west": {"uv": [0, 0, 2, 1], "texture": "#8"},
				"up": {"uv": [0, 0, 1, 2], "texture": "#8"},
				"down": {"uv": [0, 0, 1, 2], "texture": "#8"}
			}
		},
		{
			"from": [8, 24, 10],
			"to": [9, 26, 11],
			"rotation": {"angle": 0, "axis": "x", "origin": [8.5, 24.5, 10]},
			"faces": {
				"north": {"uv": [0, 0, 1, 2], "rotation": 180, "texture": "#8"},
				"east": {"uv": [0, 0, 2, 1], "rotation": 270, "texture": "#8"},
				"south": {"uv": [0, 0, 1, 2], "texture": "#8"},
				"west": {"uv": [0, 0, 2, 1], "rotation": 90, "texture": "#8"},
				"up": {"uv": [0, 0, 1, 1], "rotation": 180, "texture": "#8"},
				"down": {"uv": [0, 0, 1, 1], "texture": "#8"}
			}
		},
		{
			"from": [5, 24, 8],
			"to": [6, 26, 9],
			"rotation": {"angle": 0, "axis": "x", "origin": [8.5, 24.5, 10]},
			"faces": {
				"north": {"uv": [0, 0, 1, 2], "rotation": 180, "texture": "#8"},
				"east": {"uv": [0, 0, 2, 1], "rotation": 270, "texture": "#8"},
				"south": {"uv": [0, 0, 1, 2], "texture": "#8"},
				"west": {"uv": [0, 0, 2, 1], "rotation": 90, "texture": "#8"},
				"up": {"uv": [0, 0, 1, 1], "rotation": 180, "texture": "#8"},
				"down": {"uv": [0, 0, 1, 1], "texture": "#8"}
			}
		},
		{
			"from": [5, 25, 9],
			"to": [6, 28, 10],
			"rotation": {"angle": 0, "axis": "x", "origin": [8.5, 24.5, 10]},
			"faces": {
				"north": {"uv": [0, 0, 1, 2], "rotation": 180, "texture": "#8"},
				"east": {"uv": [0, 0, 2, 1], "rotation": 270, "texture": "#8"},
				"south": {"uv": [0, 0, 1, 2], "texture": "#8"},
				"west": {"uv": [0, 0, 2, 1], "rotation": 90, "texture": "#8"},
				"up": {"uv": [0, 0, 1, 1], "rotation": 180, "texture": "#8"},
				"down": {"uv": [0, 0, 1, 1], "texture": "#8"}
			}
		},
		{
			"from": [9, 24, 8],
			"to": [10, 27, 9],
			"rotation": {"angle": 0, "axis": "x", "origin": [8.5, 24.5, 10]},
			"faces": {
				"north": {"uv": [0, 0, 1, 3], "rotation": 180, "texture": "#8"},
				"east": {"uv": [0, 0, 3, 1], "rotation": 270, "texture": "#8"},
				"south": {"uv": [0, 0, 1, 3], "texture": "#8"},
				"west": {"uv": [0, 0, 3, 1], "rotation": 90, "texture": "#8"},
				"up": {"uv": [0, 0, 1, 1], "rotation": 180, "texture": "#8"},
				"down": {"uv": [0, 0, 1, 1], "texture": "#8"}
			}
		},
		{
			"from": [7, 24, 6],
			"to": [8, 25, 7],
			"faces": {
				"north": {"uv": [0, 0, 1, 1], "texture": "#8"},
				"east": {"uv": [0, 0, 1, 1], "texture": "#8"},
				"south": {"uv": [0, 0, 1, 1], "texture": "#8"},
				"west": {"uv": [0, 0, 1, 1], "texture": "#8"},
				"up": {"uv": [0, 0, 1, 1], "texture": "#8"},
				"down": {"uv": [0, 0, 1, 1], "texture": "#8"}
			}
		},
		{
			"from": [7, 25, 6],
			"to": [9, 26, 7],
			"faces": {
				"north": {"uv": [0, 0, 2, 1], "texture": "#8"},
				"east": {"uv": [0, 0, 1, 1], "texture": "#8"},
				"south": {"uv": [0, 0, 2, 1], "texture": "#8"},
				"west": {"uv": [0, 0, 1, 1], "texture": "#8"},
				"up": {"uv": [0, 0, 2, 1], "texture": "#8"},
				"down": {"uv": [0, 0, 2, 1], "texture": "#8"}
			}
		},
		{
			"from": [7, 25, 5],
			"to": [8, 27, 6],
			"rotation": {"angle": 0, "axis": "x", "origin": [8.5, 24.5, 10]},
			"faces": {
				"north": {"uv": [0, 0, 1, 2], "rotation": 180, "texture": "#8"},
				"east": {"uv": [0, 0, 2, 1], "rotation": 270, "texture": "#8"},
				"south": {"uv": [0, 0, 1, 2], "texture": "#8"},
				"west": {"uv": [0, 0, 2, 1], "rotation": 90, "texture": "#8"},
				"up": {"uv": [0, 0, 1, 1], "rotation": 180, "texture": "#8"},
				"down": {"uv": [0, 0, 1, 1], "texture": "#8"}
			}
		},
		{
			"from": [6, 25, 6.25],
			"to": [8.75, 29, 10],
			"faces": {
				"north": {"uv": [0, 0, 3, 4], "texture": "#11"},
				"east": {"uv": [0, 0, 3, 4], "texture": "#11"},
				"south": {"uv": [0, 0, 3, 4], "texture": "#11"},
				"west": {"uv": [0, 0, 3, 4], "texture": "#11"},
				"up": {"uv": [0, 0, 3, 3], "texture": "#11"},
				"down": {"uv": [0, 0, 3, 3], "texture": "#11"}
			}
		},
		{
			"from": [5.5, 25.5, 7.5],
			"to": [8, 28.5, 9],
			"faces": {
				"north": {"uv": [0, 0, 3, 2], "texture": "#11"},
				"east": {"uv": [0, 0, 1, 2], "texture": "#11"},
				"south": {"uv": [0, 0, 3, 2], "texture": "#11"},
				"west": {"uv": [0, 0, 1, 2], "texture": "#11"},
				"up": {"uv": [0, 0, 3, 1], "texture": "#11"},
				"down": {"uv": [0, 0, 3, 1], "texture": "#11"}
			}
		},
		{
			"from": [6, 25.75, 9],
			"to": [8.75, 28, 10.5],
			"faces": {
				"north": {"uv": [0, 0, 3, 2], "texture": "#11"},
				"east": {"uv": [0, 0, 2, 2], "texture": "#11"},
				"south": {"uv": [0, 0, 3, 2], "texture": "#11"},
				"west": {"uv": [0, 0, 2, 2], "texture": "#11"},
				"up": {"uv": [0, 0, 3, 2], "texture": "#11"},
				"down": {"uv": [0, 0, 3, 2], "texture": "#11"}
			}
		},
		{
			"from": [8.75, 24.75, 7.75],
			"to": [9.5, 28, 10],
			"faces": {
				"north": {"uv": [0, 0, 2, 2], "texture": "#11"},
				"east": {"uv": [0, 0, 1, 2], "texture": "#11"},
				"south": {"uv": [0, 0, 2, 2], "texture": "#11"},
				"west": {"uv": [0, 0, 1, 2], "texture": "#11"},
				"up": {"uv": [0, 0, 2, 1], "texture": "#11"},
				"down": {"uv": [0, 0, 2, 1], "texture": "#11"}
			}
		},
		{
			"from": [6.5, 26, 6],
			"to": [8.5, 28.25, 8],
			"faces": {
				"north": {"uv": [0, 0, 1, 2], "texture": "#11"},
				"east": {"uv": [0, 0, 2, 2], "texture": "#11"},
				"south": {"uv": [0, 0, 1, 2], "texture": "#11"},
				"west": {"uv": [0, 0, 2, 2], "texture": "#11"},
				"up": {"uv": [0, 0, 1, 2], "texture": "#11"},
				"down": {"uv": [0, 0, 1, 2], "texture": "#11"}
			}
		},
		{
			"name": "grip",
			"from": [8, 22, 7],
			"to": [9, 23, 9],
			"faces": {
				"north": {"uv": [0, 0, 1, 1], "texture": "#9"},
				"east": {"uv": [0, 0, 2, 1], "texture": "#9"},
				"south": {"uv": [0, 0, 1, 1], "texture": "#9"},
				"west": {"uv": [0, 0, 2, 1], "texture": "#9"},
				"up": {"uv": [0, 0, 1, 2], "texture": "#9"},
				"down": {"uv": [0, 0, 1, 2], "texture": "#9"}
			}
		},
		{
			"from": [8.5, 15.25, 6],
			"to": [12.5, 16.25, 10],
			"rotation": {"angle": 22.5, "axis": "z", "origin": [9.5, 18.16667, 8]},
			"faces": {
				"north": {"uv": [0, 0, 4, 1], "texture": "#9"},
				"east": {"uv": [0, 0, 4, 1], "texture": "#9"},
				"south": {"uv": [0, 0, 4, 1], "texture": "#9"},
				"west": {"uv": [0, 0, 4, 1], "texture": "#9"},
				"up": {"uv": [0, 0, 4, 4], "rotation": 90, "texture": "#9"},
				"down": {"uv": [0, 0, 4, 4], "rotation": 270, "texture": "#9"}
			}
		},
		{
			"from": [9, 14.75, 6.5],
			"to": [12, 15.25, 9.5],
			"rotation": {"angle": 22.5, "axis": "z", "origin": [9.5, 18.16667, 8]},
			"faces": {
				"north": {"uv": [0, 0, 3, 1], "texture": "#9"},
				"east": {"uv": [0, 0, 3, 1], "texture": "#9"},
				"south": {"uv": [0, 0, 3, 1], "texture": "#9"},
				"west": {"uv": [0, 0, 3, 1], "texture": "#9"},
				"up": {"uv": [0, 0, 3, 3], "rotation": 90, "texture": "#9"},
				"down": {"uv": [0, 0, 3, 3], "rotation": 270, "texture": "#9"}
			}
		},
		{
			"name": "glass_part",
			"from": [9, 15.25, 6.5],
			"to": [12, 20.25, 9.5],
			"rotation": {"angle": 22.5, "axis": "z", "origin": [9.5, 18.16667, 8]},
			"faces": {
				"north": {"uv": [7, 11, 10, 16], "texture": "#14"},
				"east": {"uv": [6, 7, 9, 12], "texture": "#14"},
				"south": {"uv": [5, 10, 8, 15], "texture": "#14"},
				"west": {"uv": [8, 7, 11, 12], "texture": "#14"},
				"up": {"uv": [0, 0, 3, 3], "rotation": 90, "texture": "#14"},
				"down": {"uv": [0, 0, 3, 3], "rotation": 270, "texture": "#14"}
			}
		},
		{
			"from": [8.5, 19.25, 6],
			"to": [12.5, 20.25, 10],
			"rotation": {"angle": 22.5, "axis": "z", "origin": [9.5, 18.16667, 8]},
			"faces": {
				"north": {"uv": [0, 0, 4, 1], "texture": "#9"},
				"east": {"uv": [0, 0, 4, 1], "texture": "#9"},
				"south": {"uv": [0, 0, 4, 1], "texture": "#9"},
				"west": {"uv": [0, 0, 4, 1], "texture": "#9"},
				"up": {"uv": [0, 0, 4, 4], "rotation": 90, "texture": "#9"},
				"down": {"uv": [0, 0, 4, 4], "rotation": 270, "texture": "#9"}
			}
		},
		{
			"from": [9, 20.25, 6.5],
			"to": [12, 20.75, 9.5],
			"rotation": {"angle": 22.5, "axis": "z", "origin": [9.5, 18.16667, 8]},
			"faces": {
				"north": {"uv": [0, 0, 3, 1], "texture": "#9"},
				"east": {"uv": [0, 0, 3, 1], "texture": "#9"},
				"south": {"uv": [0, 0, 3, 1], "texture": "#9"},
				"west": {"uv": [0, 0, 3, 1], "texture": "#9"},
				"up": {"uv": [0, 0, 3, 3], "rotation": 90, "texture": "#9"},
				"down": {"uv": [0, 0, 3, 3], "rotation": 270, "texture": "#9"}
			}
		},
		{
			"from": [9.5, 20.75, 7.5],
			"to": [10, 21.75, 8.5],
			"rotation": {"angle": 22.5, "axis": "z", "origin": [9.5, 18.16667, 8]},
			"faces": {
				"north": {"uv": [0, 0, 1, 1], "texture": "#9"},
				"east": {"uv": [0, 0, 1, 1], "texture": "#9"},
				"south": {"uv": [0, 0, 1, 1], "texture": "#9"},
				"west": {"uv": [0, 0, 1, 1], "texture": "#9"},
				"up": {"uv": [0, 0, 1, 1], "rotation": 90, "texture": "#9"},
				"down": {"uv": [0, 0, 1, 1], "rotation": 270, "texture": "#9"}
			}
		},
		{
			"from": [10, 21.75, 7.5],
			"to": [11, 22.25, 8.5],
			"rotation": {"angle": 22.5, "axis": "z", "origin": [9.5, 18.16667, 8]},
			"faces": {
				"north": {"uv": [0, 0, 1, 1], "texture": "#9"},
				"east": {"uv": [0, 0, 1, 1], "texture": "#9"},
				"south": {"uv": [0, 0, 1, 1], "texture": "#9"},
				"west": {"uv": [0, 0, 1, 1], "texture": "#9"},
				"up": {"uv": [0, 0, 1, 1], "rotation": 90, "texture": "#9"},
				"down": {"uv": [0, 0, 1, 1], "rotation": 270, "texture": "#9"}
			}
		},
		{
			"from": [11, 20.75, 7.5],
			"to": [11.5, 21.75, 8.5],
			"rotation": {"angle": 22.5, "axis": "z", "origin": [9.5, 18.16667, 8]},
			"faces": {
				"north": {"uv": [0, 0, 1, 1], "texture": "#9"},
				"east": {"uv": [0, 0, 1, 1], "texture": "#9"},
				"south": {"uv": [0, 0, 1, 1], "texture": "#9"},
				"west": {"uv": [0, 0, 1, 1], "texture": "#9"},
				"up": {"uv": [0, 0, 1, 1], "rotation": 90, "texture": "#9"},
				"down": {"uv": [0, 0, 1, 1], "rotation": 270, "texture": "#9"}
			}
		},
		{
			"from": [7, 4, 6],
			"to": [9, 5, 7],
			"faces": {
				"north": {"uv": [0, 0, 2, 1], "texture": "#2"},
				"east": {"uv": [0, 0, 1, 1], "texture": "#2"},
				"south": {"uv": [0, 0, 1, 1], "texture": "#2"},
				"west": {"uv": [0, 0, 1, 1], "texture": "#2"},
				"up": {"uv": [0, 0, 1, 1], "texture": "#2"},
				"down": {"uv": [0, 0, 1, 1], "texture": "#2"}
			}
		},
		{
			"from": [8.25, 2.25, 5.5],
			"to": [8.75, 4.25, 6],
			"rotation": {"angle": 22.5, "axis": "x", "origin": [8.5, 3, 5.75]},
			"faces": {
				"north": {"uv": [0, 0, 0.5, 2], "texture": "#2"},
				"east": {"uv": [0, 0, 0.5, 2], "texture": "#2"},
				"south": {"uv": [0, 0, 0.5, 2], "texture": "#2"},
				"west": {"uv": [0, 0, 0.5, 2], "texture": "#2"},
				"up": {"uv": [0, 0, 0.5, 0.5], "texture": "#2"},
				"down": {"uv": [0, 0, 0.5, 0.5], "texture": "#2"}
			}
		},
		{
			"from": [7.25, 2.25, 6.25],
			"to": [7.75, 4.25, 6.75],
			"rotation": {"angle": -22.5, "axis": "z", "origin": [7.5, 3, 5.75]},
			"faces": {
				"north": {"uv": [0, 0, 0.5, 2], "texture": "#2"},
				"east": {"uv": [0, 0, 0.5, 2], "texture": "#2"},
				"south": {"uv": [0, 0, 0.5, 2], "texture": "#2"},
				"west": {"uv": [9, 7, 10.5, 10], "texture": "#2"},
				"up": {"uv": [0, 0, 0.5, 0.5], "rotation": 270, "texture": "#2"},
				"down": {"uv": [0, 0, 0.5, 0.5], "rotation": 90, "texture": "#2"}
			}
		},
		{
			"from": [6.5, 2, 6],
			"to": [7.5, 3, 7],
			"rotation": {"angle": 22.5, "axis": "z", "origin": [7, 2.5, 6.5]},
			"faces": {
				"north": {"uv": [4, 5, 5, 6], "texture": "#7"},
				"east": {"uv": [4, 5, 5, 6], "texture": "#7"},
				"south": {"uv": [4, 5, 5, 6], "texture": "#7"},
				"west": {"uv": [4, 5, 5, 6], "texture": "#7"},
				"up": {"uv": [4, 5, 5, 6], "texture": "#7"},
				"down": {"uv": [4, 5, 5, 6], "texture": "#7"}
			}
		},
		{
			"from": [8, 2, 5],
			"to": [9, 3, 6],
			"rotation": {"angle": -22.5, "axis": "x", "origin": [8.5, 2.5, 5.5]},
			"faces": {
				"north": {"uv": [4, 5, 5, 6], "texture": "#7"},
				"east": {"uv": [4, 5, 5, 6], "texture": "#7"},
				"south": {"uv": [4, 5, 5, 6], "texture": "#7"},
				"west": {"uv": [4, 5, 5, 6], "texture": "#7"},
				"up": {"uv": [4, 5, 5, 6], "texture": "#7"},
				"down": {"uv": [4, 5, 5, 6], "texture": "#7"}
			}
		},
		{
			"from": [4.5, 18, 8.5],
			"to": [5.5, 20, 9.5],
			"faces": {
				"north": {"uv": [0, 0, 1, 2], "texture": "#5"},
				"east": {"uv": [0, 0, 1, 2], "texture": "#5"},
				"south": {"uv": [3, 6, 8, 11], "texture": "#5"},
				"west": {"uv": [3, 6, 8, 11], "texture": "#5"},
				"up": {"uv": [3, 6, 8, 11], "texture": "#5"},
				"down": {"uv": [0, 0, 1, 1], "texture": "#5"}
			}
		},
		{
			"from": [4.4375, 19, 8.5],
			"to": [4.4375, 20, 9.5],
			"faces": {
				"north": {"uv": [1, 0, 14, 16], "texture": "#14"},
				"east": {"uv": [1, 0, 14, 16], "texture": "#14"},
				"south": {"uv": [3, 6, 8, 11], "texture": "#14"},
				"west": {"uv": [1, 0, 14, 16], "texture": "#14"},
				"up": {"uv": [3, 6, 8, 11], "texture": "#14"},
				"down": {"uv": [0, 0, 1, 1], "texture": "#14"}
			}
		},
		{
			"from": [4.4375, 18, 8.5],
			"to": [4.4375, 19, 9.5],
			"rotation": {"angle": 0, "axis": "x", "origin": [4.4375, 19.5, 9]},
			"faces": {
				"north": {"uv": [3, 6, 8, 11], "rotation": 180, "texture": "#14"},
				"east": {"uv": [1, 0, 14, 16], "rotation": 180, "texture": "#14"},
				"south": {"uv": [1, 0, 14, 16], "rotation": 180, "texture": "#14"},
				"west": {"uv": [1, 0, 14, 16], "rotation": 180, "texture": "#14"},
				"up": {"uv": [0, 0, 1, 1], "texture": "#14"},
				"down": {"uv": [3, 6, 8, 11], "texture": "#14"}
			}
		}
	],
	"display": {
		"thirdperson_righthand": {
			"rotation": [0, 90, 0],
			"translation": [-0.5, -2.5, 0.75]
		},
		"thirdperson_lefthand": {
			"rotation": [0, -90, 0],
			"translation": [-0.5, -2.5, 0.75]
		},
		"firstperson_righthand": {
			"rotation": [-15, 0, 0],
			"translation": [2.5, 1, 0],
			"scale": [0.75, 0.75, 0.75]
		},
		"firstperson_lefthand": {
			"rotation": [-15, 0, 0],
			"translation": [2.5, 1, 0],
			"scale": [0.75, 0.75, 0.75]
		},
		"ground": {
			"translation": [0, 15, 0]
		},
		"gui": {
			"rotation": [45, 0, -45],
			"scale": [0.5, 0.5, 0.5]
		},
		"head": {
			"rotation": [0, 0, -40],
			"translation": [1.25, -18, 5.25],
			"scale": [1.5, 1.5, 1.5]
		},
		"fixed": {
			"rotation": [0, 0, 45.5],
			"translation": [0, 0, -3.25],
			"scale": [0.75, 0.75, 0.75]
		}
	},
	"groups": [
		{
			"name": "staff_main",
			"origin": [0, 0, 0],
			"color": 0,
			"children": [0, 1, 2, 3, 4, 5, 6, 7, 8, 9, 10, 11, 12, 13, 14, 15, 16, 17, 18, 19, 20, 21, 22]
		},
		{
			"name": "crystal",
			"origin": [8, 8, 8],
			"color": 0,
			"children": [23, 24, 25, 26, 27]
		},
		{
			"name": "lantern",
			"origin": [8, 8, 8],
			"color": 0,
			"children": [
				28,
				{
					"name": "lamp",
					"origin": [0, 0, 0],
					"color": 0,
					"children": [29, 30, 31, 32, 33, 34, 35, 36]
				}
			]
		},
		{
			"name": "glow_berry",
			"origin": [8, 8, 8],
			"color": 0,
			"children": [
				37,
				38,
				39,
				{
					"name": "berries",
					"origin": [8.5, 2.5, 5.5],
					"color": 0,
					"children": [40, 41]
				}
			]
		},
		42,
		43,
		44
	]
}