{
	"credit": "Made with Blockbench",
	"textures": {
		"2": "glow_berry_top",
		"6": "amethyst_crystal",
		"7": "admin_core",
		"8": "iron",
		"9": "dark_stone",
		"10": "wood",
		"11": "blue_flame",
		"12": "rope",
		"13": "petals",
		"particle": "amethyst_crystal"
	},
	"elements": [
		{
			"from": [7, 0, 7],
			"to": [9, 5, 9],
			"faces": {
				"north": {"uv": [11, 6, 13, 11], "texture": "#10"},
				"east": {"uv": [9, 10, 11, 15], "texture": "#10"},
				"south": {"uv": [4, 2, 6, 7], "texture": "#10"},
				"west": {"uv": [2, 7, 4, 12], "texture": "#10"},
				"up": {"uv": [13, 2, 15, 4], "rotation": 270, "texture": "#10"},
				"down": {"uv": [4, 8, 6, 10], "texture": "#10"}
			}
		},
		{
			"from": [7, 5, 8],
			"to": [9, 10, 10],
			"faces": {
				"north": {"uv": [11, 6, 13, 11], "texture": "#10"},
				"east": {"uv": [9, 10, 11, 15], "texture": "#10"},
				"south": {"uv": [4, 2, 6, 7], "texture": "#10"},
				"west": {"uv": [2, 7, 4, 12], "texture": "#10"},
				"up": {"uv": [13, 2, 15, 4], "rotation": 270, "texture": "#10"},
				"down": {"uv": [4, 8, 6, 10], "texture": "#10"}
			}
		},
		{
			"from": [6, 10, 7],
			"to": [8, 15, 9],
			"faces": {
				"north": {"uv": [11, 6, 13, 11], "texture": "#10"},
				"east": {"uv": [9, 10, 11, 15], "texture": "#10"},
				"south": {"uv": [4, 2, 6, 7], "texture": "#10"},
				"west": {"uv": [2, 7, 4, 12], "texture": "#10"},
				"up": {"uv": [13, 2, 15, 4], "rotation": 270, "texture": "#10"},
				"down": {"uv": [4, 8, 6, 10], "texture": "#10"}
			}
		},
		{
			"from": [5, 15, 8],
			"to": [7, 20, 10],
			"faces": {
				"north": {"uv": [11, 6, 13, 11], "texture": "#10"},
				"east": {"uv": [9, 10, 11, 15], "texture": "#10"},
				"south": {"uv": [4, 2, 6, 7], "texture": "#10"},
				"west": {"uv": [2, 7, 4, 12], "texture": "#10"},
				"up": {"uv": [13, 2, 15, 4], "rotation": 270, "texture": "#10"},
				"down": {"uv": [4, 8, 6, 10], "texture": "#10"}
			}
		},
		{
			"from": [5, 14, 8],
			"to": [6, 15, 9],
			"rotation": {"angle": 0, "axis": "y", "origin": [5, 14, 1]},
			"faces": {
				"north": {"uv": [11, 6, 12, 7], "texture": "#10"},
				"east": {"uv": [9, 10, 10, 11], "texture": "#10"},
				"south": {"uv": [4, 2, 5, 3], "texture": "#10"},
				"west": {"uv": [2, 7, 3, 8], "texture": "#10"},
				"up": {"uv": [13, 2, 14, 3], "rotation": 270, "texture": "#10"},
				"down": {"uv": [4, 8, 5, 9], "texture": "#10"}
			}
		},
		{
			"from": [5, 20, 8],
			"to": [6, 21, 10],
			"faces": {
				"north": {"uv": [11, 6, 12, 7], "texture": "#10"},
				"east": {"uv": [9, 10, 11, 11], "texture": "#10"},
				"south": {"uv": [4, 2, 5, 3], "texture": "#10"},
				"west": {"uv": [2, 7, 4, 8], "texture": "#10"},
				"up": {"uv": [13, 2, 15, 3], "rotation": 270, "texture": "#10"},
				"down": {"uv": [4, 8, 5, 10], "texture": "#10"}
			}
		},
		{
			"from": [8, 9, 7],
			"to": [9, 13, 8],
			"faces": {
				"north": {"uv": [11, 6, 12, 10], "texture": "#10"},
				"east": {"uv": [9, 10, 10, 14], "texture": "#10"},
				"south": {"uv": [4, 2, 5, 6], "texture": "#10"},
				"west": {"uv": [2, 7, 3, 11], "texture": "#10"},
				"up": {"uv": [13, 2, 14, 3], "rotation": 270, "texture": "#10"},
				"down": {"uv": [4, 8, 5, 9], "texture": "#10"}
			}
		},
		{
			"from": [6, 4, 8],
			"to": [7, 8, 9],
			"rotation": {"angle": 0, "axis": "z", "origin": [6.5, 6, 8.5]},
			"faces": {
				"north": {"uv": [11, 6, 12, 10], "texture": "#10"},
				"east": {"uv": [9, 10, 10, 14], "texture": "#10"},
				"south": {"uv": [4, 2, 5, 6], "texture": "#10"},
				"west": {"uv": [2, 7, 3, 11], "texture": "#10"},
				"up": {"uv": [13, 2, 14, 3], "rotation": 270, "texture": "#10"},
				"down": {"uv": [4, 8, 5, 9], "texture": "#10"}
			}
		},
		{
			"from": [7, -2, 6],
			"to": [8, 2, 7],
			"faces": {
				"north": {"uv": [11, 6, 12, 10], "texture": "#10"},
				"east": {"uv": [9, 10, 10, 14], "texture": "#10"},
				"south": {"uv": [4, 2, 5, 6], "texture": "#10"},
				"west": {"uv": [2, 7, 3, 11], "texture": "#10"},
				"up": {"uv": [13, 2, 14, 3], "rotation": 270, "texture": "#10"},
				"down": {"uv": [4, 8, 5, 9], "texture": "#10"}
			}
		},
		{
			"from": [6, 5, 7],
			"to": [8, 6, 8],
			"faces": {
				"north": {"uv": [11, 6, 13, 7], "texture": "#10"},
				"east": {"uv": [9, 10, 10, 11], "texture": "#10"},
				"south": {"uv": [4, 2, 6, 3], "texture": "#10"},
				"west": {"uv": [2, 7, 3, 8], "texture": "#10"},
				"up": {"uv": [13, 2, 14, 4], "rotation": 270, "texture": "#10"},
				"down": {"uv": [4, 8, 6, 9], "texture": "#10"}
			}
		},
		{
			"from": [6, -10, 6],
			"to": [8, -5, 8],
			"faces": {
				"north": {"uv": [11, 6, 13, 11], "texture": "#10"},
				"east": {"uv": [9, 10, 11, 15], "texture": "#10"},
				"south": {"uv": [4, 2, 6, 7], "texture": "#10"},
				"west": {"uv": [2, 7, 4, 12], "texture": "#10"},
				"up": {"uv": [13, 2, 15, 4], "rotation": 270, "texture": "#10"},
				"down": {"uv": [4, 8, 6, 10], "texture": "#10"}
			}
		},
		{
			"from": [6, -5, 7],
			"to": [8, 0, 9],
			"faces": {
				"north": {"uv": [11, 6, 13, 11], "texture": "#10"},
				"east": {"uv": [9, 10, 11, 15], "texture": "#10"},
				"south": {"uv": [4, 2, 6, 7], "texture": "#10"},
				"west": {"uv": [2, 7, 4, 12], "texture": "#10"},
				"up": {"uv": [13, 2, 15, 4], "rotation": 270, "texture": "#10"},
				"down": {"uv": [4, 8, 6, 10], "texture": "#10"}
			}
		},
		{
			"from": [5, -6, 7],
			"to": [6, -2, 8],
			"faces": {
				"north": {"uv": [11, 6, 12, 10], "texture": "#10"},
				"east": {"uv": [9, 10, 10, 14], "texture": "#10"},
				"south": {"uv": [4, 2, 5, 6], "texture": "#10"},
				"west": {"uv": [2, 7, 3, 11], "texture": "#10"},
				"up": {"uv": [13, 2, 14, 3], "rotation": 270, "texture": "#10"},
				"down": {"uv": [4, 8, 5, 9], "texture": "#10"}
			}
		},
		{
			"from": [5, -5, 6],
			"to": [7, -4, 7],
			"faces": {
				"north": {"uv": [11, 6, 13, 7], "texture": "#10"},
				"east": {"uv": [9, 10, 10, 11], "texture": "#10"},
				"south": {"uv": [4, 2, 6, 3], "texture": "#10"},
				"west": {"uv": [2, 7, 3, 8], "texture": "#10"},
				"up": {"uv": [13, 2, 14, 4], "rotation": 270, "texture": "#10"},
				"down": {"uv": [4, 8, 6, 9], "texture": "#10"}
			}
		},
		{
			"from": [6, 20, 7],
			"to": [8, 25, 9],
			"faces": {
				"north": {"uv": [11, 6, 13, 11], "texture": "#10"},
				"east": {"uv": [9, 10, 11, 15], "texture": "#10"},
				"south": {"uv": [4, 2, 6, 7], "texture": "#10"},
				"west": {"uv": [2, 7, 4, 12], "texture": "#10"},
				"up": {"uv": [13, 2, 15, 4], "rotation": 270, "texture": "#10"},
				"down": {"uv": [4, 8, 6, 10], "texture": "#10"}
			}
		},
		{
			"from": [8, 24, 8],
			"to": [9, 25, 10],
			"faces": {
				"north": {"uv": [11, 6, 12, 7], "texture": "#10"},
				"east": {"uv": [9, 10, 11, 11], "texture": "#10"},
				"south": {"uv": [4, 2, 5, 3], "texture": "#10"},
				"west": {"uv": [2, 7, 4, 8], "texture": "#10"},
				"up": {"uv": [13, 2, 15, 3], "rotation": 270, "texture": "#10"},
				"down": {"uv": [4, 8, 5, 10], "texture": "#10"}
			}
		},
		{
			"from": [8, 24, 10],
			"to": [9, 26, 11],
			"rotation": {"angle": 0, "axis": "x", "origin": [8.5, 24.5, 10]},
			"faces": {
				"north": {"uv": [11, 6, 12, 8], "rotation": 180, "texture": "#10"},
				"east": {"uv": [9, 10, 11, 11], "rotation": 270, "texture": "#10"},
				"south": {"uv": [4, 2, 5, 4], "texture": "#10"},
				"west": {"uv": [2, 7, 4, 8], "rotation": 90, "texture": "#10"},
				"up": {"uv": [13, 2, 14, 3], "rotation": 90, "texture": "#10"},
				"down": {"uv": [4, 8, 5, 9], "texture": "#10"}
			}
		},
		{
			"from": [5, 24, 8],
			"to": [6, 26, 9],
			"rotation": {"angle": 0, "axis": "x", "origin": [8.5, 24.5, 10]},
			"faces": {
				"north": {"uv": [11, 6, 12, 8], "rotation": 180, "texture": "#10"},
				"east": {"uv": [9, 10, 11, 11], "rotation": 270, "texture": "#10"},
				"south": {"uv": [4, 2, 5, 4], "texture": "#10"},
				"west": {"uv": [2, 7, 4, 8], "rotation": 90, "texture": "#10"},
				"up": {"uv": [13, 2, 14, 3], "rotation": 90, "texture": "#10"},
				"down": {"uv": [4, 8, 5, 9], "texture": "#10"}
			}
		},
		{
			"from": [5, 25, 9],
			"to": [6, 28, 10],
			"rotation": {"angle": 0, "axis": "x", "origin": [8.5, 24.5, 10]},
			"faces": {
				"north": {"uv": [11, 6, 12, 8], "rotation": 180, "texture": "#10"},
				"east": {"uv": [9, 10, 11, 11], "rotation": 270, "texture": "#10"},
				"south": {"uv": [4, 2, 5, 4], "texture": "#10"},
				"west": {"uv": [2, 7, 4, 8], "rotation": 90, "texture": "#10"},
				"up": {"uv": [13, 2, 14, 3], "rotation": 90, "texture": "#10"},
				"down": {"uv": [4, 8, 5, 9], "texture": "#10"}
			}
		},
		{
			"from": [9, 24, 8],
			"to": [10, 27, 9],
			"rotation": {"angle": 0, "axis": "x", "origin": [8.5, 24.5, 10]},
			"faces": {
				"north": {"uv": [11, 6, 12, 9], "rotation": 180, "texture": "#10"},
				"east": {"uv": [9, 10, 12, 11], "rotation": 270, "texture": "#10"},
				"south": {"uv": [4, 2, 5, 5], "texture": "#10"},
				"west": {"uv": [2, 7, 5, 8], "rotation": 90, "texture": "#10"},
				"up": {"uv": [13, 2, 14, 3], "rotation": 90, "texture": "#10"},
				"down": {"uv": [4, 8, 5, 9], "texture": "#10"}
			}
		},
		{
			"from": [7, 24, 6],
			"to": [8, 25, 7],
			"faces": {
				"north": {"uv": [11, 6, 12, 7], "texture": "#10"},
				"east": {"uv": [9, 10, 10, 11], "texture": "#10"},
				"south": {"uv": [4, 2, 5, 3], "texture": "#10"},
				"west": {"uv": [2, 7, 3, 8], "texture": "#10"},
				"up": {"uv": [13, 2, 14, 3], "rotation": 270, "texture": "#10"},
				"down": {"uv": [4, 8, 5, 9], "texture": "#10"}
			}
		},
		{
			"from": [7, 25, 6],
			"to": [9, 26, 7],
			"faces": {
				"north": {"uv": [11, 6, 13, 7], "texture": "#10"},
				"east": {"uv": [9, 10, 10, 11], "texture": "#10"},
				"south": {"uv": [4, 2, 6, 3], "texture": "#10"},
				"west": {"uv": [2, 7, 3, 8], "texture": "#10"},
				"up": {"uv": [13, 2, 14, 4], "rotation": 270, "texture": "#10"},
				"down": {"uv": [4, 8, 6, 9], "texture": "#10"}
			}
		},
		{
			"from": [7, 25, 5],
			"to": [8, 27, 6],
			"rotation": {"angle": 0, "axis": "x", "origin": [8.5, 24.5, 10]},
			"faces": {
				"north": {"uv": [11, 6, 12, 8], "rotation": 180, "texture": "#10"},
				"east": {"uv": [9, 10, 11, 11], "rotation": 270, "texture": "#10"},
				"south": {"uv": [4, 2, 5, 4], "texture": "#10"},
				"west": {"uv": [2, 7, 4, 8], "rotation": 90, "texture": "#10"},
				"up": {"uv": [13, 2, 14, 3], "rotation": 90, "texture": "#10"},
				"down": {"uv": [4, 8, 5, 9], "texture": "#10"}
			}
		},
		{
			"from": [6, 25, 6.25],
			"to": [8.75, 29, 10],
			"faces": {
				"north": {"uv": [0, 0, 3, 4], "texture": "#6"},
				"east": {"uv": [0, 0, 3, 4], "texture": "#6"},
				"south": {"uv": [0, 0, 3, 4], "texture": "#6"},
				"west": {"uv": [0, 0, 3, 4], "texture": "#6"},
				"up": {"uv": [0, 0, 3, 3], "texture": "#6"},
				"down": {"uv": [0, 0, 3, 3], "texture": "#6"}
			}
		},
		{
			"from": [5.5, 25.5, 7.5],
			"to": [8, 28.5, 9],
			"faces": {
				"north": {"uv": [0, 0, 3, 2], "texture": "#6"},
				"east": {"uv": [0, 0, 1, 2], "texture": "#6"},
				"south": {"uv": [0, 0, 3, 2], "texture": "#6"},
				"west": {"uv": [0, 0, 1, 2], "texture": "#6"},
				"up": {"uv": [0, 0, 3, 1], "texture": "#6"},
				"down": {"uv": [0, 0, 3, 1], "texture": "#6"}
			}
		},
		{
			"from": [6, 25.75, 9],
			"to": [8.75, 28, 10.5],
			"faces": {
				"north": {"uv": [0, 0, 3, 2], "texture": "#6"},
				"east": {"uv": [0, 0, 2, 2], "texture": "#6"},
				"south": {"uv": [0, 0, 3, 2], "texture": "#6"},
				"west": {"uv": [0, 0, 2, 2], "texture": "#6"},
				"up": {"uv": [0, 0, 3, 2], "texture": "#6"},
				"down": {"uv": [0, 0, 3, 2], "texture": "#6"}
			}
		},
		{
			"from": [8.75, 24.75, 7.75],
			"to": [9.5, 28, 10],
			"faces": {
				"north": {"uv": [0, 0, 2, 2], "texture": "#6"},
				"east": {"uv": [0, 0, 1, 2], "texture": "#6"},
				"south": {"uv": [0, 0, 2, 2], "texture": "#6"},
				"west": {"uv": [0, 0, 1, 2], "texture": "#6"},
				"up": {"uv": [0, 0, 2, 1], "texture": "#6"},
				"down": {"uv": [0, 0, 2, 1], "texture": "#6"}
			}
		},
		{
			"from": [6.5, 26, 6],
			"to": [8.5, 28.25, 8],
			"faces": {
				"north": {"uv": [0, 0, 1, 2], "texture": "#6"},
				"east": {"uv": [0, 0, 2, 2], "texture": "#6"},
				"south": {"uv": [0, 0, 1, 2], "texture": "#6"},
				"west": {"uv": [0, 0, 2, 2], "texture": "#6"},
				"up": {"uv": [0, 0, 1, 2], "texture": "#6"},
				"down": {"uv": [0, 0, 1, 2], "texture": "#6"}
			}
		},
		{
			"name": "grip",
			"from": [8, 22, 7],
			"to": [9, 23, 9],
			"faces": {
				"north": {"uv": [0, 0, 1, 1], "texture": "#9"},
				"east": {"uv": [0, 0, 2, 1], "texture": "#9"},
				"south": {"uv": [0, 0, 1, 1], "texture": "#9"},
				"west": {"uv": [0, 0, 2, 1], "texture": "#9"},
				"up": {"uv": [0, 0, 1, 2], "texture": "#9"},
				"down": {"uv": [0, 0, 1, 2], "texture": "#9"}
			}
		},
		{
			"from": [8.5, 15.25, 6],
			"to": [12.5, 16.25, 10],
			"rotation": {"angle": 22.5, "axis": "z", "origin": [9.5, 18.16667, 8]},
			"faces": {
				"north": {"uv": [0, 0, 4, 1], "texture": "#9"},
				"east": {"uv": [0, 0, 4, 1], "texture": "#9"},
				"south": {"uv": [0, 0, 4, 1], "texture": "#9"},
				"west": {"uv": [0, 0, 4, 1], "texture": "#9"},
				"up": {"uv": [0, 0, 4, 4], "rotation": 90, "texture": "#9"},
				"down": {"uv": [0, 0, 4, 4], "rotation": 270, "texture": "#9"}
			}
		},
		{
			"from": [9, 14.75, 6.5],
			"to": [12, 15.25, 9.5],
			"rotation": {"angle": 22.5, "axis": "z", "origin": [9.5, 18.16667, 8]},
			"faces": {
				"north": {"uv": [0, 0, 3, 1], "texture": "#9"},
				"east": {"uv": [0, 0, 3, 1], "texture": "#9"},
				"south": {"uv": [0, 0, 3, 1], "texture": "#9"},
				"west": {"uv": [0, 0, 3, 1], "texture": "#9"},
				"up": {"uv": [0, 0, 3, 3], "rotation": 90, "texture": "#9"},
				"down": {"uv": [0, 0, 3, 3], "rotation": 270, "texture": "#9"}
			}
		},
		{
			"name": "glass_part",
			"from": [9, 15.25, 6.5],
			"to": [12, 20.25, 9.5],
			"rotation": {"angle": 22.5, "axis": "z", "origin": [9.5, 18.16667, 8]},
			"faces": {
				"north": {"uv": [7, 11, 10, 16], "texture": "#11"},
				"east": {"uv": [6, 7, 9, 12], "texture": "#11"},
				"south": {"uv": [5, 10, 8, 15], "texture": "#11"},
				"west": {"uv": [8, 7, 11, 12], "texture": "#11"},
				"up": {"uv": [0, 0, 3, 3], "rotation": 90, "texture": "#11"},
				"down": {"uv": [0, 0, 3, 3], "rotation": 270, "texture": "#11"}
			}
		},
		{
			"from": [8.5, 19.25, 6],
			"to": [12.5, 20.25, 10],
			"rotation": {"angle": 22.5, "axis": "z", "origin": [9.5, 18.16667, 8]},
			"faces": {
				"north": {"uv": [0, 0, 4, 1], "texture": "#9"},
				"east": {"uv": [0, 0, 4, 1], "texture": "#9"},
				"south": {"uv": [0, 0, 4, 1], "texture": "#9"},
				"west": {"uv": [0, 0, 4, 1], "texture": "#9"},
				"up": {"uv": [0, 0, 4, 4], "rotation": 90, "texture": "#9"},
				"down": {"uv": [0, 0, 4, 4], "rotation": 270, "texture": "#9"}
			}
		},
		{
			"from": [9, 20.25, 6.5],
			"to": [12, 20.75, 9.5],
			"rotation": {"angle": 22.5, "axis": "z", "origin": [9.5, 18.16667, 8]},
			"faces": {
				"north": {"uv": [0, 0, 3, 1], "texture": "#9"},
				"east": {"uv": [0, 0, 3, 1], "texture": "#9"},
				"south": {"uv": [0, 0, 3, 1], "texture": "#9"},
				"west": {"uv": [0, 0, 3, 1], "texture": "#9"},
				"up": {"uv": [0, 0, 3, 3], "rotation": 90, "texture": "#9"},
				"down": {"uv": [0, 0, 3, 3], "rotation": 270, "texture": "#9"}
			}
		},
		{
			"from": [9.5, 20.75, 7.5],
			"to": [10, 21.75, 8.5],
			"rotation": {"angle": 22.5, "axis": "z", "origin": [9.5, 18.16667, 8]},
			"faces": {
				"north": {"uv": [0, 0, 1, 1], "texture": "#9"},
				"east": {"uv": [0, 0, 1, 1], "texture": "#9"},
				"south": {"uv": [0, 0, 1, 1], "texture": "#9"},
				"west": {"uv": [0, 0, 1, 1], "texture": "#9"},
				"up": {"uv": [0, 0, 1, 1], "rotation": 90, "texture": "#9"},
				"down": {"uv": [0, 0, 1, 1], "rotation": 270, "texture": "#9"}
			}
		},
		{
			"from": [10, 21.75, 7.5],
			"to": [11, 22.25, 8.5],
			"rotation": {"angle": 22.5, "axis": "z", "origin": [9.5, 18.16667, 8]},
			"faces": {
				"north": {"uv": [0, 0, 1, 1], "texture": "#9"},
				"east": {"uv": [0, 0, 1, 1], "texture": "#9"},
				"south": {"uv": [0, 0, 1, 1], "texture": "#9"},
				"west": {"uv": [0, 0, 1, 1], "texture": "#9"},
				"up": {"uv": [0, 0, 1, 1], "rotation": 90, "texture": "#9"},
				"down": {"uv": [0, 0, 1, 1], "rotation": 270, "texture": "#9"}
			}
		},
		{
			"from": [11, 20.75, 7.5],
			"to": [11.5, 21.75, 8.5],
			"rotation": {"angle": 22.5, "axis": "z", "origin": [9.5, 18.16667, 8]},
			"faces": {
				"north": {"uv": [0, 0, 1, 1], "texture": "#9"},
				"east": {"uv": [0, 0, 1, 1], "texture": "#9"},
				"south": {"uv": [0, 0, 1, 1], "texture": "#9"},
				"west": {"uv": [0, 0, 1, 1], "texture": "#9"},
				"up": {"uv": [0, 0, 1, 1], "rotation": 90, "texture": "#9"},
				"down": {"uv": [0, 0, 1, 1], "rotation": 270, "texture": "#9"}
			}
		},
		{
			"from": [7, 4, 6],
			"to": [9, 5, 7],
			"faces": {
				"north": {"uv": [0, 0, 2, 1], "texture": "#2"},
				"east": {"uv": [0, 0, 1, 1], "texture": "#2"},
				"south": {"uv": [0, 0, 1, 1], "texture": "#2"},
				"west": {"uv": [0, 0, 1, 1], "texture": "#2"},
				"up": {"uv": [0, 0, 1, 1], "texture": "#2"},
				"down": {"uv": [0, 0, 1, 1], "texture": "#2"}
			}
		},
		{
			"from": [8.25, 2.25, 5.5],
			"to": [8.75, 4.25, 6],
			"rotation": {"angle": 22.5, "axis": "x", "origin": [8.5, 3, 5.75]},
			"faces": {
				"north": {"uv": [0, 0, 0.5, 2], "texture": "#2"},
				"east": {"uv": [0, 0, 0.5, 2], "texture": "#2"},
				"south": {"uv": [0, 0, 0.5, 2], "texture": "#2"},
				"west": {"uv": [0, 0, 0.5, 2], "texture": "#2"},
				"up": {"uv": [0, 0, 0.5, 0.5], "texture": "#2"},
				"down": {"uv": [0, 0, 0.5, 0.5], "texture": "#2"}
			}
		},
		{
			"from": [7.25, 2.25, 6.25],
			"to": [7.75, 4.25, 6.75],
			"rotation": {"angle": -22.5, "axis": "z", "origin": [7.5, 3, 5.75]},
			"faces": {
				"north": {"uv": [0, 0, 0.5, 2], "texture": "#2"},
				"east": {"uv": [0, 0, 0.5, 2], "texture": "#2"},
				"south": {"uv": [0, 0, 0.5, 2], "texture": "#2"},
				"west": {"uv": [9, 7, 10.5, 10], "texture": "#2"},
				"up": {"uv": [0, 0, 0.5, 0.5], "rotation": 270, "texture": "#2"},
				"down": {"uv": [0, 0, 0.5, 0.5], "rotation": 90, "texture": "#2"}
			}
		},
		{
			"from": [6.5, 2, 6],
			"to": [7.5, 3, 7],
			"rotation": {"angle": 22.5, "axis": "z", "origin": [7, 2.5, 6.5]},
			"faces": {
				"north": {"uv": [4, 5, 5, 6], "texture": "#7"},
				"east": {"uv": [4, 5, 5, 6], "texture": "#7"},
				"south": {"uv": [4, 5, 5, 6], "texture": "#7"},
				"west": {"uv": [4, 5, 5, 6], "texture": "#7"},
				"up": {"uv": [4, 5, 5, 6], "texture": "#7"},
				"down": {"uv": [4, 5, 5, 6], "texture": "#7"}
			}
		},
		{
			"from": [6.75, 2.25, 6.25],
			"to": [7.25, 2.75, 6.75],
			"rotation": {"angle": 22.5, "axis": "z", "origin": [7, 2.5, 6.5]},
			"faces": {
				"north": {"uv": [0, 0, 16, 16], "texture": "#8"},
				"east": {"uv": [0, 0, 16, 16], "texture": "#8"},
				"south": {"uv": [0, 0, 16, 16], "texture": "#8"},
				"west": {"uv": [0, 0, 16, 16], "texture": "#8"},
				"up": {"uv": [0, 0, 16, 16], "texture": "#8"},
				"down": {"uv": [0, 0, 16, 16], "texture": "#8"}
			}
		},
		{
			"from": [8, 2, 4.75],
			"to": [9, 3, 5.75],
			"rotation": {"angle": -22.5, "axis": "x", "origin": [8.5, 2.5, 5.5]},
			"faces": {
				"north": {"uv": [4, 5, 5, 6], "texture": "#7"},
				"east": {"uv": [4, 5, 5, 6], "texture": "#7"},
				"south": {"uv": [4, 5, 5, 6], "texture": "#7"},
				"west": {"uv": [4, 5, 5, 6], "texture": "#7"},
				"up": {"uv": [4, 5, 5, 6], "texture": "#7"},
				"down": {"uv": [4, 5, 5, 6], "texture": "#7"}
			}
		},
		{
			"from": [8.25, 2.25, 5],
			"to": [8.75, 2.75, 5.5],
			"rotation": {"angle": -22.5, "axis": "x", "origin": [8.5, 2.5, 5.5]},
			"faces": {
				"north": {"uv": [0, 0, 16, 16], "texture": "#8"},
				"east": {"uv": [0, 0, 16, 16], "texture": "#8"},
				"south": {"uv": [0, 0, 16, 16], "texture": "#8"},
				"west": {"uv": [0, 0, 16, 16], "texture": "#8"},
				"up": {"uv": [0, 0, 16, 16], "texture": "#8"},
				"down": {"uv": [0, 0, 16, 16], "texture": "#8"}
			}
		},
		{
			"from": [7.69194, 11.75, 8.50628],
			"to": [9.44194, 12.25, 8.75628],
			"rotation": {"angle": 45, "axis": "y", "origin": [8.44194, 12, 8.63128]},
			"faces": {
				"north": {"uv": [3, 8, 4.75, 8.5], "texture": "#12"},
				"east": {"uv": [3, 8, 3.25, 8.5], "texture": "#12"},
				"south": {"uv": [3, 8, 4.75, 8.5], "texture": "#12"},
				"west": {"uv": [1, 12, 1.25, 12.5], "texture": "#12"},
				"up": {"uv": [7, 3, 8.75, 3.25], "texture": "#12"},
				"down": {"uv": [11, 12, 12.75, 12.25], "texture": "#12"}
			}
		},
		{
			"from": [7.75, 11.75, 9],
			"to": [8, 12.25, 9.25],
			"faces": {
				"north": {"uv": [3, 8, 3.25, 8.5], "texture": "#12"},
				"east": {"uv": [3, 8, 3.25, 8.5], "texture": "#12"},
				"south": {"uv": [3, 8, 3.25, 8.5], "texture": "#12"},
				"west": {"uv": [1, 12, 1.25, 12.5], "texture": "#12"},
				"up": {"uv": [7, 3, 7.25, 3.25], "texture": "#12"},
				"down": {"uv": [11, 12, 11.25, 12.25], "texture": "#12"}
			}
		},
		{
			"from": [5.75, 11.75, 6.75],
			"to": [7.75, 12.25, 9.25],
			"faces": {
				"north": {"uv": [3, 8, 5, 8.5], "texture": "#12"},
				"east": {"uv": [3, 8, 5.5, 8.5], "texture": "#12"},
				"south": {"uv": [3, 8, 5, 8.5], "texture": "#12"},
				"west": {"uv": [1, 12, 3.5, 12.5], "texture": "#12"},
				"up": {"uv": [7, 3, 9, 5.5], "texture": "#12"},
				"down": {"uv": [11, 12, 13, 14.5], "texture": "#12"}
			}
		},
		{
			"from": [7.75, 11.75, 6.75],
			"to": [9, 12.25, 7],
			"faces": {
				"north": {"uv": [3, 8, 4.25, 8.5], "texture": "#12"},
				"east": {"uv": [3, 8, 3.25, 8.5], "texture": "#12"},
				"south": {"uv": [3, 8, 4.25, 8.5], "texture": "#12"},
				"west": {"uv": [1, 12, 1.25, 12.5], "texture": "#12"},
				"up": {"uv": [7, 3, 8.25, 3.25], "texture": "#12"},
				"down": {"uv": [11, 12, 12.25, 12.25], "texture": "#12"}
			}
		},
		{
			"from": [9, 11.75, 6.75],
			"to": [9.25, 12.25, 8],
			"faces": {
				"north": {"uv": [3, 8, 3.25, 8.5], "texture": "#12"},
				"east": {"uv": [3, 8, 4.25, 8.5], "texture": "#12"},
				"south": {"uv": [3, 8, 3.25, 8.5], "texture": "#12"},
				"west": {"uv": [1, 12, 2.25, 12.5], "texture": "#12"},
				"up": {"uv": [7, 3, 7.25, 4.25], "texture": "#12"},
				"down": {"uv": [11, 12, 11.25, 13.25], "texture": "#12"}
			}
		},
		{
			"from": [5.75, 10.25, 6.875],
			"to": [7.5, 12, 6.875],
			"rotation": {"angle": -45, "axis": "z", "origin": [6.625, 11.125, 6.875]},
			"faces": {
				"north": {"uv": [0, 0, 16, 16], "rotation": 180, "texture": "#13"},
				"east": {"uv": [0, 0, 2, 0], "rotation": 90, "texture": "#13"},
				"south": {"uv": [0, 0, 16, 16], "texture": "#13"},
				"west": {"uv": [0, 0, 2, 0], "rotation": 270, "texture": "#13"},
				"up": {"uv": [0, 0, 2, 0], "texture": "#13"},
				"down": {"uv": [0, 0, 2, 0], "rotation": 180, "texture": "#13"}
			}
		},
		{
			"from": [7.5, 10.25, 6.875],
			"to": [9.25, 12, 6.875],
			"rotation": {"angle": 45, "axis": "z", "origin": [8.375, 11.125, 6.875]},
			"faces": {
				"north": {"uv": [0, 0, 16, 16], "rotation": 180, "texture": "#13"},
				"east": {"uv": [0, 0, 2, 0], "rotation": 90, "texture": "#13"},
				"south": {"uv": [0, 0, 16, 16], "texture": "#13"},
				"west": {"uv": [0, 0, 2, 0], "rotation": 270, "texture": "#13"},
				"up": {"uv": [0, 0, 2, 0], "texture": "#13"},
				"down": {"uv": [0, 0, 2, 0], "rotation": 180, "texture": "#13"}
			}
		},
		{
			"from": [6.5, 9.75, 6.5],
			"to": [8.5, 11.75, 6.5],
			"rotation": {"angle": 22.5, "axis": "x", "origin": [7.5, 11, 6.8125]},
			"faces": {
				"north": {"uv": [0, 0, 16, 16], "rotation": 180, "texture": "#13"},
				"east": {"uv": [0, 0, 2, 0], "rotation": 90, "texture": "#13"},
				"south": {"uv": [0, 0, 16, 16], "texture": "#13"},
				"west": {"uv": [0, 0, 2, 0], "rotation": 270, "texture": "#13"},
				"up": {"uv": [0, 0, 2, 0], "texture": "#13"},
				"down": {"uv": [0, 0, 2, 0], "rotation": 180, "texture": "#13"}
			}
		}
	],
	"display": {
		"thirdperson_righthand": {
			"rotation": [0, 90, 0],
			"translation": [-0.5, -2.5, 0.75]
		},
		"thirdperson_lefthand": {
			"rotation": [0, -90, 0],
			"translation": [-0.5, -2.5, 0.75]
		},
		"firstperson_righthand": {
			"rotation": [-15, 0, 0],
			"translation": [2.5, 1, 0],
			"scale": [0.75, 0.75, 0.75]
		},
		"firstperson_lefthand": {
			"rotation": [-15, 0, 0],
			"translation": [2.5, 1, 0],
			"scale": [0.75, 0.75, 0.75]
		},
		"ground": {
			"translation": [0, 15, 0]
		},
		"gui": {
			"rotation": [45, 0, -45],
			"scale": [0.5, 0.5, 0.5]
		},
		"head": {
			"rotation": [0, 0, -40],
			"translation": [1.25, -18, 5.25],
			"scale": [1.5, 1.5, 1.5]
		},
		"fixed": {
			"rotation": [0, 0, 45.5],
			"translation": [0, 0, -3.25],
			"scale": [0.75, 0.75, 0.75]
		}
	},
	"groups": [
		{
			"name": "staff_main",
			"origin": [0, 0, 0],
			"color": 0,
			"children": [0, 1, 2, 3, 4, 5, 6, 7, 8, 9, 10, 11, 12, 13, 14, 15, 16, 17, 18, 19, 20, 21, 22]
		},
		{
			"name": "crystal",
			"origin": [8, 8, 8],
			"color": 0,
			"children": [23, 24, 25, 26, 27]
		},
		{
			"name": "lantern",
			"origin": [8, 8, 8],
			"color": 0,
			"children": [
				28,
				{
					"name": "lamp",
					"origin": [0, 0, 0],
					"color": 0,
					"children": [29, 30, 31, 32, 33, 34, 35, 36]
				}
			]
		},
		{
			"name": "berries",
			"origin": [8, 8, 8],
			"color": 0,
			"children": [
				{
					"name": "stems",
					"origin": [7.5, 3, 5.75],
					"color": 0,
					"children": [37, 38, 39]
				},
				{
					"name": "fruits",
					"origin": [8.5, 2.5, 5.5],
					"color": 0,
					"children": [40, 41, 42, 43]
				}
			]
		},
		{
			"name": "rope",
			"origin": [0, 0, 0],
			"color": 0,
			"children": [44, 45, 46, 47, 48]
		},
		{
			"name": "petals",
			"origin": [7.5, 12, 6],
			"color": 0,
			"children": [49, 50, 51]
		}
	]
}