{
	"credit": "Made with Blockbench",
	"textures": {
		"0": "mask",
		"1": "eyes",
		"particle": "mask"
	},
	"elements": [
		{
			"from": [3.03492, 0.93925, 7],
			"to": [7.53492, 2.68925, 9],
			"rotation": {"angle": -22.5, "axis": "z", "origin": [5.53492, 1.68925, 8]},
			"faces": {
				"north": {"uv": [0, 0, 4, 1.75], "texture": "#0"},
				"east": {"uv": [0, 0, 4, 1.75], "texture": "#0"},
				"south": {"uv": [0, 0, 4, 1.75], "texture": "#0"},
				"west": {"uv": [0, 0, 4, 1.75], "texture": "#0"},
				"up": {"uv": [0, 0, 4, 2], "texture": "#0"},
				"down": {"uv": [0, 0, 4, 2], "texture": "#0"}
			}
		},
		{
			"from": [7, 0.25, 7],
			"to": [8, 2, 9],
			"rotation": {"angle": 0, "axis": "y", "origin": [-2, 0, 0]},
			"faces": {
				"north": {"uv": [0, 0, 4, 1.75], "texture": "#0"},
				"east": {"uv": [0, 0, 4, 1.75], "texture": "#0"},
				"south": {"uv": [0, 0, 4, 1.75], "texture": "#0"},
				"west": {"uv": [0, 0, 4, 1.75], "texture": "#0"},
				"up": {"uv": [0, 0, 4, 2], "texture": "#0"},
				"down": {"uv": [0, 0, 4, 2], "texture": "#0"}
			}
		},
		{
			"from": [3, 2, 7],
			"to": [8, 5, 9],
			"rotation": {"angle": 0, "axis": "y", "origin": [-2, 0, 0]},
			"faces": {
				"north": {"uv": [0, 0, 4, 3], "texture": "#0"},
				"east": {"uv": [0, 0, 4, 3], "texture": "#0"},
				"south": {"uv": [0, 0, 4, 3], "texture": "#0"},
				"west": {"uv": [0, 0, 4, 3], "texture": "#0"},
				"up": {"uv": [0, 0, 4, 2], "texture": "#0"},
				"down": {"uv": [0, 0, 4, 2], "texture": "#0"}
			}
		},
		{
			"from": [3, 12, 7],
			"to": [7, 14, 9],
			"rotation": {"angle": 0, "axis": "z", "origin": [0.0625, 10, 8]},
			"faces": {
				"north": {"uv": [0, 0, 4, 4], "rotation": 270, "texture": "#0"},
				"east": {"uv": [0, 0, 4, 2], "rotation": 90, "texture": "#0"},
				"south": {"uv": [0, 0, 4, 4], "rotation": 90, "texture": "#0"},
				"west": {"uv": [0, 0, 4, 2], "rotation": 90, "texture": "#0"},
				"up": {"uv": [0, 0, 4, 4], "rotation": 90, "texture": "#0"},
				"down": {"uv": [0, 0, 4, 4], "rotation": 90, "texture": "#0"}
			}
		},
		{
			"from": [-0.12374, 8.90623, 7],
			"to": [1.62626, 13.40623, 9],
			"rotation": {"angle": -22.5, "axis": "z", "origin": [3.0625, 6, 8]},
			"faces": {
				"north": {"uv": [0, 0, 4, 1.75], "rotation": 270, "texture": "#0"},
				"east": {"uv": [0, 0, 4, 2], "rotation": 90, "texture": "#0"},
				"south": {"uv": [0, 0, 4, 1.75], "rotation": 90, "texture": "#0"},
				"west": {"uv": [0, 0, 4, 2], "rotation": 90, "texture": "#0"},
				"up": {"uv": [0, 0, 4, 1.75], "rotation": 90, "texture": "#0"},
				"down": {"uv": [0, 0, 4, 1.75], "rotation": 90, "texture": "#0"}
			}
		},
		{
			"from": [-0.12374, 2.59377, 7],
			"to": [1.62626, 7.09377, 9],
			"rotation": {"angle": 22.5, "axis": "z", "origin": [3.0625, 10, 8]},
			"faces": {
				"north": {"uv": [0, 0, 4, 1.75], "rotation": 270, "texture": "#0"},
				"east": {"uv": [0, 0, 4, 2], "rotation": 90, "texture": "#0"},
				"south": {"uv": [0, 0, 4, 1.75], "rotation": 90, "texture": "#0"},
				"west": {"uv": [0, 0, 4, 2], "rotation": 90, "texture": "#0"},
				"up": {"uv": [0, 0, 4, 1.75], "rotation": 90, "texture": "#0"},
				"down": {"uv": [0, 0, 4, 1.75], "rotation": 90, "texture": "#0"}
			}
		},
		{
			"from": [1.25, 6, 7],
			"to": [3, 10, 9],
			"rotation": {"angle": 0, "axis": "z", "origin": [3.0625, 10, 8]},
			"faces": {
				"north": {"uv": [0, 0, 4, 1.75], "rotation": 270, "texture": "#0"},
				"east": {"uv": [0, 0, 4, 2], "rotation": 90, "texture": "#0"},
				"south": {"uv": [0, 0, 4, 1.75], "rotation": 90, "texture": "#0"},
				"west": {"uv": [0, 0, 4, 2], "rotation": 90, "texture": "#0"},
				"up": {"uv": [0, 0, 4, 1.75], "rotation": 90, "texture": "#0"},
				"down": {"uv": [0, 0, 4, 1.75], "rotation": 90, "texture": "#0"}
			}
		},
		{
			"from": [2, 8, 7],
			"to": [4, 11, 9],
			"rotation": {"angle": 0, "axis": "z", "origin": [1.0625, 10, 8]},
			"faces": {
				"north": {"uv": [0, 0, 4, 2], "rotation": 270, "texture": "#0"},
				"east": {"uv": [0, 0, 4, 2], "rotation": 90, "texture": "#0"},
				"south": {"uv": [0, 0, 4, 2], "rotation": 90, "texture": "#0"},
				"west": {"uv": [0, 0, 4, 2], "rotation": 90, "texture": "#0"},
				"up": {"uv": [0, 0, 4, 2], "rotation": 90, "texture": "#0"},
				"down": {"uv": [0, 0, 4, 2], "rotation": 90, "texture": "#0"}
			}
		},
		{
			"from": [2.51777, 4.51041, 7],
			"to": [5.26777, 12.51041, 9],
			"rotation": {"angle": 0, "axis": "z", "origin": [0.33027, 9.51041, 8]},
			"faces": {
				"north": {"uv": [0, 0, 4, 2.75], "rotation": 270, "texture": "#0"},
				"east": {"uv": [0, 0, 4, 2], "rotation": 90, "texture": "#0"},
				"south": {"uv": [0, 0, 4, 2.75], "rotation": 90, "texture": "#0"},
				"west": {"uv": [0, 0, 4, 2], "rotation": 90, "texture": "#0"},
				"up": {"uv": [0, 0, 4, 2.75], "rotation": 90, "texture": "#0"},
				"down": {"uv": [0, 0, 4, 2.75], "rotation": 90, "texture": "#0"}
			}
		},
		{
			"from": [2.37868, 6, 7],
			"to": [7.37868, 8, 9],
			"rotation": {"angle": -45, "axis": "z", "origin": [3.87868, 6.5, 8]},
			"faces": {
				"north": {"uv": [0, 0, 4, 5], "rotation": 270, "texture": "#0"},
				"east": {"uv": [0, 0, 4, 2], "rotation": 90, "texture": "#0"},
				"south": {"uv": [0, 0, 4, 5], "rotation": 90, "texture": "#0"},
				"west": {"uv": [0, 0, 4, 2], "rotation": 90, "texture": "#0"},
				"up": {"uv": [0, 0, 4, 5], "rotation": 90, "texture": "#0"},
				"down": {"uv": [0, 0, 4, 5], "rotation": 90, "texture": "#0"}
			}
		},
		{
			"from": [4.08579, 12, 7],
			"to": [7.83579, 13, 9],
			"rotation": {"angle": -45, "axis": "z", "origin": [4.58579, 11.53553, 8]},
			"faces": {
				"north": {"uv": [0, 0, 4, 3.75], "rotation": 270, "texture": "#0"},
				"east": {"uv": [0, 0, 4, 2], "rotation": 90, "texture": "#0"},
				"south": {"uv": [0, 0, 4, 3.75], "rotation": 90, "texture": "#0"},
				"west": {"uv": [0, 0, 4, 2], "rotation": 90, "texture": "#0"},
				"up": {"uv": [0, 0, 4, 3.75], "rotation": 90, "texture": "#0"},
				"down": {"uv": [0, 0, 4, 3.75], "rotation": 90, "texture": "#0"}
			}
		},
		{
			"from": [7, 5, 7],
			"to": [8, 14, 9],
			"rotation": {"angle": 0, "axis": "z", "origin": [0.0625, 10, 8]},
			"faces": {
				"north": {"uv": [0, 0, 5, 1], "rotation": 270, "texture": "#0"},
				"east": {"uv": [0, 0, 5, 2], "rotation": 90, "texture": "#0"},
				"south": {"uv": [0, 0, 5, 1], "rotation": 90, "texture": "#0"},
				"west": {"uv": [0, 0, 5, 2], "rotation": 90, "texture": "#0"},
				"up": {"uv": [0, 0, 4, 1], "rotation": 90, "texture": "#0"},
				"down": {"uv": [0, 0, 4, 1], "rotation": 90, "texture": "#0"}
			}
		},
		{
			"from": [6, 11, 7],
			"to": [7, 13, 9],
			"rotation": {"angle": 0, "axis": "z", "origin": [0.0625, 10, 8]},
			"faces": {
				"north": {"uv": [0, 0, 4, 1], "rotation": 270, "texture": "#0"},
				"east": {"uv": [0, 0, 4, 2], "rotation": 90, "texture": "#0"},
				"south": {"uv": [0, 0, 4, 1], "rotation": 90, "texture": "#0"},
				"west": {"uv": [0, 0, 4, 2], "rotation": 90, "texture": "#0"},
				"up": {"uv": [0, 0, 4, 1], "rotation": 90, "texture": "#0"},
				"down": {"uv": [0, 0, 4, 1], "rotation": 90, "texture": "#0"}
			}
		},
		{
			"name": "white_eye",
			"from": [8, 5, 7.5],
			"to": [11, 12, 8.5],
			"faces": {
				"north": {"uv": [0, 0, 8, 16], "texture": "#1"},
				"east": {"uv": [0, 0, 8, 16], "texture": "#1"},
				"south": {"uv": [0, 0, 8, 16], "texture": "#1"},
				"west": {"uv": [0, 0, 8, 16], "texture": "#1"},
				"up": {"uv": [0, 0, 4, 1], "texture": "#1"},
				"down": {"uv": [0, 0, 4, 1], "texture": "#1"}
			}
		},
		{
			"from": [8, 0.25, 7],
			"to": [9, 2, 9],
			"rotation": {"angle": 0, "axis": "y", "origin": [2, 0, 0]},
			"faces": {
				"north": {"uv": [12, 0, 16, 1.75], "texture": "#0"},
				"east": {"uv": [12, 0, 16, 1.75], "texture": "#0"},
				"south": {"uv": [12, 0, 16, 1.75], "texture": "#0"},
				"west": {"uv": [12, 0, 16, 1.75], "texture": "#0"},
				"up": {"uv": [12, 0, 16, 2], "texture": "#0"},
				"down": {"uv": [12, 0, 16, 2], "texture": "#0"}
			}
		},
		{
			"from": [8.46508, 0.93925, 7],
			"to": [12.96508, 2.68925, 9],
			"rotation": {"angle": 22.5, "axis": "z", "origin": [10.46508, 1.68925, 8]},
			"faces": {
				"north": {"uv": [12, 0, 16, 1.75], "texture": "#0"},
				"east": {"uv": [12, 0, 16, 1.75], "texture": "#0"},
				"south": {"uv": [12, 0, 16, 1.75], "texture": "#0"},
				"west": {"uv": [12, 0, 16, 1.75], "texture": "#0"},
				"up": {"uv": [12, 0, 16, 2], "texture": "#0"},
				"down": {"uv": [12, 0, 16, 2], "texture": "#0"}
			}
		},
		{
			"from": [8, 2, 7],
			"to": [13, 5, 9],
			"rotation": {"angle": 0, "axis": "y", "origin": [2, 0, 0]},
			"faces": {
				"north": {"uv": [12, 0, 16, 3], "texture": "#0"},
				"east": {"uv": [12, 0, 16, 3], "texture": "#0"},
				"south": {"uv": [12, 0, 16, 3], "texture": "#0"},
				"west": {"uv": [12, 0, 16, 3], "texture": "#0"},
				"up": {"uv": [12, 0, 16, 2], "texture": "#0"},
				"down": {"uv": [12, 0, 16, 2], "texture": "#0"}
			}
		},
		{
			"from": [9, 12, 7],
			"to": [13, 14, 9],
			"rotation": {"angle": 0, "axis": "z", "origin": [15.9375, 10, 8]},
			"faces": {
				"north": {"uv": [12, 8, 16, 12], "rotation": 90, "texture": "#0"},
				"east": {"uv": [12, 8, 16, 10], "rotation": 270, "texture": "#0"},
				"south": {"uv": [12, 8, 16, 12], "rotation": 270, "texture": "#0"},
				"west": {"uv": [12, 8, 16, 10], "rotation": 270, "texture": "#0"},
				"up": {"uv": [12, 8, 16, 12], "rotation": 270, "texture": "#0"},
				"down": {"uv": [12, 8, 16, 12], "rotation": 270, "texture": "#0"}
			}
		},
		{
			"from": [13, 6, 7],
			"to": [14.75, 10, 9],
			"rotation": {"angle": 0, "axis": "z", "origin": [12.9375, 10, 8]},
			"faces": {
				"north": {"uv": [12, 0, 16, 1.75], "rotation": 90, "texture": "#0"},
				"east": {"uv": [12, 0, 16, 2], "rotation": 270, "texture": "#0"},
				"south": {"uv": [12, 0, 16, 1.75], "rotation": 270, "texture": "#0"},
				"west": {"uv": [12, 0, 16, 2], "rotation": 270, "texture": "#0"},
				"up": {"uv": [12, 0, 16, 1.75], "rotation": 270, "texture": "#0"},
				"down": {"uv": [12, 0, 16, 1.75], "rotation": 270, "texture": "#0"}
			}
		},
		{
			"from": [14.37374, 2.59377, 7],
			"to": [16.12374, 7.09377, 9],
			"rotation": {"angle": -22.5, "axis": "z", "origin": [12.9375, 10, 8]},
			"faces": {
				"north": {"uv": [12, 0, 16, 1.75], "rotation": 90, "texture": "#0"},
				"east": {"uv": [12, 0, 16, 2], "rotation": 270, "texture": "#0"},
				"south": {"uv": [12, 0, 16, 1.75], "rotation": 270, "texture": "#0"},
				"west": {"uv": [12, 0, 16, 2], "rotation": 270, "texture": "#0"},
				"up": {"uv": [12, 0, 16, 1.75], "rotation": 270, "texture": "#0"},
				"down": {"uv": [12, 0, 16, 1.75], "rotation": 270, "texture": "#0"}
			}
		},
		{
			"from": [14.37374, 8.90623, 7],
			"to": [16.12374, 13.40623, 9],
			"rotation": {"angle": 22.5, "axis": "z", "origin": [12.9375, 6, 8]},
			"faces": {
				"north": {"uv": [12, 0, 16, 1.75], "rotation": 90, "texture": "#0"},
				"east": {"uv": [12, 0, 16, 2], "rotation": 270, "texture": "#0"},
				"south": {"uv": [12, 0, 16, 1.75], "rotation": 270, "texture": "#0"},
				"west": {"uv": [12, 0, 16, 2], "rotation": 270, "texture": "#0"},
				"up": {"uv": [12, 0, 16, 1.75], "rotation": 270, "texture": "#0"},
				"down": {"uv": [12, 0, 16, 1.75], "rotation": 270, "texture": "#0"}
			}
		},
		{
			"from": [12, 8, 7],
			"to": [14, 11, 9],
			"rotation": {"angle": 0, "axis": "z", "origin": [0.0625, 10, 8]},
			"faces": {
				"north": {"uv": [12, 0, 16, 2], "rotation": 270, "texture": "#0"},
				"east": {"uv": [12, 0, 16, 2], "rotation": 90, "texture": "#0"},
				"south": {"uv": [12, 0, 16, 2], "rotation": 90, "texture": "#0"},
				"west": {"uv": [12, 0, 16, 2], "rotation": 90, "texture": "#0"},
				"up": {"uv": [12, 0, 16, 2], "rotation": 90, "texture": "#0"},
				"down": {"uv": [12, 0, 16, 2], "rotation": 90, "texture": "#0"}
			}
		},
		{
			"from": [10.81802, 4.51041, 7],
			"to": [13.56802, 12.51041, 9],
			"rotation": {"angle": 0, "axis": "z", "origin": [-0.11948, 9.51041, 8]},
			"faces": {
				"north": {"uv": [12, 0, 16, 2.75], "rotation": 270, "texture": "#0"},
				"east": {"uv": [12, 0, 16, 2], "rotation": 90, "texture": "#0"},
				"south": {"uv": [12, 0, 16, 2.75], "rotation": 90, "texture": "#0"},
				"west": {"uv": [12, 0, 16, 2], "rotation": 90, "texture": "#0"},
				"up": {"uv": [12, 0, 16, 2.75], "rotation": 90, "texture": "#0"},
				"down": {"uv": [12, 0, 16, 2.75], "rotation": 90, "texture": "#0"}
			}
		},
		{
			"from": [8.70711, 6, 7],
			"to": [13.70711, 8, 9],
			"rotation": {"angle": 45, "axis": "z", "origin": [12.20711, 6.5, 8]},
			"faces": {
				"north": {"uv": [12, 0, 16, 5], "rotation": 270, "texture": "#0"},
				"east": {"uv": [12, 0, 16, 2], "rotation": 90, "texture": "#0"},
				"south": {"uv": [12, 0, 16, 5], "rotation": 90, "texture": "#0"},
				"west": {"uv": [12, 0, 16, 2], "rotation": 90, "texture": "#0"},
				"up": {"uv": [12, 0, 16, 5], "rotation": 90, "texture": "#0"},
				"down": {"uv": [12, 0, 16, 5], "rotation": 90, "texture": "#0"}
			}
		},
		{
			"from": [8.25, 12, 7],
			"to": [12, 13, 9],
			"rotation": {"angle": 45, "axis": "z", "origin": [11.5, 11.53553, 8]},
			"faces": {
				"north": {"uv": [12, 8, 16, 11.75], "rotation": 270, "texture": "#0"},
				"east": {"uv": [12, 8, 16, 10], "rotation": 90, "texture": "#0"},
				"south": {"uv": [12, 8, 16, 11.75], "rotation": 90, "texture": "#0"},
				"west": {"uv": [12, 8, 16, 10], "rotation": 90, "texture": "#0"},
				"up": {"uv": [12, 8, 16, 11.75], "rotation": 90, "texture": "#0"},
				"down": {"uv": [12, 8, 16, 11.75], "rotation": 90, "texture": "#0"}
			}
		},
		{
			"from": [8, 5, 7],
			"to": [9, 14, 9],
			"rotation": {"angle": 0, "axis": "z", "origin": [0.0625, 10, 8]},
			"faces": {
				"north": {"uv": [12, 8, 16, 9], "rotation": 270, "texture": "#0"},
				"east": {"uv": [12, 8, 16, 10], "rotation": 90, "texture": "#0"},
				"south": {"uv": [12, 8, 16, 9], "rotation": 90, "texture": "#0"},
				"west": {"uv": [12, 8, 16, 10], "rotation": 90, "texture": "#0"},
				"up": {"uv": [12, 8, 16, 9], "rotation": 90, "texture": "#0"},
				"down": {"uv": [12, 8, 16, 9], "rotation": 90, "texture": "#0"}
			}
		},
		{
			"from": [9, 11, 7],
			"to": [10, 13, 9],
			"rotation": {"angle": 0, "axis": "z", "origin": [15.9375, 10, 8]},
			"faces": {
				"north": {"uv": [12, 8, 16, 9], "rotation": 90, "texture": "#0"},
				"east": {"uv": [12, 8, 16, 10], "rotation": 270, "texture": "#0"},
				"south": {"uv": [12, 8, 16, 9], "rotation": 270, "texture": "#0"},
				"west": {"uv": [12, 8, 16, 10], "rotation": 270, "texture": "#0"},
				"up": {"uv": [12, 8, 16, 9], "rotation": 270, "texture": "#0"},
				"down": {"uv": [12, 8, 16, 9], "rotation": 270, "texture": "#0"}
			}
		},
		{
			"name": "black_eye",
			"from": [5, 5, 7.5],
			"to": [8, 12, 8.5],
			"faces": {
				"north": {"uv": [8, 0, 16, 16], "texture": "#1"},
				"east": {"uv": [8, 0, 16, 16], "texture": "#1"},
				"south": {"uv": [8, 0, 16, 16], "texture": "#1"},
				"west": {"uv": [8, 0, 16, 16], "texture": "#1"},
				"up": {"uv": [12, 0, 16, 1], "texture": "#1"},
				"down": {"uv": [12, 0, 16, 1], "texture": "#1"}
			}
		}
	],
	"display": {
		"thirdperson_righthand": {
			"translation": [0, 2.5, 1],
			"scale": [0.25, 0.25, 0.25]
		},
		"thirdperson_lefthand": {
			"translation": [0, 2.5, 1],
			"scale": [0.25, 0.25, 0.25]
		},
		"firstperson_righthand": {
			"translation": [0, 2.5, 1],
			"scale": [0.25, 0.25, 0.25]
		},
		"firstperson_lefthand": {
			"translation": [0, 2.5, 1],
			"scale": [0.25, 0.25, 0.25]
		},
		"ground": {
			"translation": [0, 2, 0],
			"scale": [0.5, 0.5, 0.5]
		},
		"gui": {
			"rotation": [30, 225, 0]
		},
		"head": {
			"rotation": [0, 180, 0],
			"translation": [0, -0.25, -6]
		},
		"fixed": {
			"rotation": [0, 180, 0]
		}
	},
	"groups": [
		{
			"name": "mask",
			"origin": [8, 8, 8],
			"color": 0,
			"children": [
				{
					"name": "white part",
					"origin": [0, 0, 0],
					"color": 0,
					"children": [0, 1, 2, 3, 4, 5, 6, 7, 8, 9, 10, 11, 12, 13]
				},
				{
					"name": "black_half",
					"origin": [0, 0, 0],
					"color": 0,
					"children": [14, 15, 16, 17, 18, 19, 20, 21, 22, 23, 24, 25, 26, 27]
				}
			]
		}
	]
}