{
    "parent":"item/handheld",
    "textures":{
        "layer0":"item/warped_fungus_on_a_stick"
    },
    "overrides":[
        {"predicate":{"custom_model_data":1},"model":"item/wisdom_shard"},
        {"predicate":{"custom_model_data":2},"model":"item/soul_shard"},
        {"predicate":{"custom_model_data":3},"model":"item/red_chain"},
        {"predicate":{"custom_model_data":4},"model":"item/runic_dagger"},
        {"predicate":{"custom_model_data":5},"model":"item/lvl1_adaptation_amulet"},
        {"predicate":{"custom_model_data":6},"model":"item/lvl2_adaptation_amulet"}
    ]
}