{
	"credit": "Made with Blockbench",
	"textures": {
		"0": "water_rune",
		"1": "dark_stone",
		"2": "shimmering_rock",
		"particle": "water_rune"
	},
	"elements": [
		{
			"from": [7, 9.75, 6.75],
			"to": [9, 10.75, 9.25],
			"faces": {
				"north": {"uv": [0, 0, 2, 1], "texture": "#1"},
				"east": {"uv": [0, 0, 2.5, 1], "texture": "#1"},
				"south": {"uv": [0, 0, 2, 1], "texture": "#1"},
				"west": {"uv": [0, 0, 2.5, 1], "texture": "#1"},
				"up": {"uv": [0, 0, 2, 2.5], "texture": "#1"},
				"down": {"uv": [0, 0, 2, 2.5], "texture": "#1"}
			}
		},
		{
			"from": [9, 8, 7],
			"to": [11, 12, 9],
			"rotation": {"angle": 45, "axis": "z", "origin": [10, 10, 8]},
			"faces": {
				"north": {"uv": [0, 0, 2, 4], "texture": "#1"},
				"east": {"uv": [0, 0, 2, 4], "texture": "#1"},
				"south": {"uv": [0, 0, 2, 4], "texture": "#1"},
				"west": {"uv": [0, 0, 2, 4], "texture": "#1"},
				"up": {"uv": [0, 0, 2, 2], "texture": "#1"},
				"down": {"uv": [0, 0, 2, 2], "texture": "#1"}
			}
		},
		{
			"from": [5, 8, 7],
			"to": [7, 12, 9],
			"rotation": {"angle": -45, "axis": "z", "origin": [6, 10, 8]},
			"faces": {
				"north": {"uv": [0, 0, 2, 4], "texture": "#1"},
				"east": {"uv": [0, 0, 2, 4], "texture": "#1"},
				"south": {"uv": [0, 0, 2, 4], "texture": "#1"},
				"west": {"uv": [0, 0, 2, 4], "texture": "#1"},
				"up": {"uv": [0, 0, 2, 2], "texture": "#1"},
				"down": {"uv": [0, 0, 2, 2], "texture": "#1"}
			}
		},
		{
			"from": [10.96281, 5.06245, 7.25],
			"to": [12.96281, 9.06245, 8.75],
			"rotation": {"angle": 22.5, "axis": "z", "origin": [11.96281, 7.06245, 8]},
			"faces": {
				"north": {"uv": [0, 0, 2, 4], "texture": "#1"},
				"east": {"uv": [0, 0, 1.5, 4], "texture": "#1"},
				"south": {"uv": [0, 0, 2, 4], "texture": "#1"},
				"west": {"uv": [0, 0, 1.5, 4], "texture": "#1"},
				"up": {"uv": [0, 0, 2, 1.5], "texture": "#1"},
				"down": {"uv": [0, 0, 2, 1.5], "texture": "#1"}
			}
		},
		{
			"from": [3.03719, 5.06245, 7.25],
			"to": [5.03719, 9.06245, 8.75],
			"rotation": {"angle": -22.5, "axis": "z", "origin": [4.03719, 7.06245, 8]},
			"faces": {
				"north": {"uv": [0, 0, 2, 4], "texture": "#1"},
				"east": {"uv": [0, 0, 1.5, 4], "texture": "#1"},
				"south": {"uv": [0, 0, 2, 4], "texture": "#1"},
				"west": {"uv": [0, 0, 1.5, 4], "texture": "#1"},
				"up": {"uv": [0, 0, 2, 1.5], "texture": "#1"},
				"down": {"uv": [0, 0, 2, 1.5], "texture": "#1"}
			}
		},
		{
			"from": [10.53073, 1.39027, 7],
			"to": [12.53073, 6.89027, 9],
			"rotation": {"angle": -45, "axis": "z", "origin": [11.53073, 4.89027, 8]},
			"faces": {
				"north": {"uv": [0, 0, 2, 5.5], "texture": "#1"},
				"east": {"uv": [0, 0, 2, 5.5], "texture": "#1"},
				"south": {"uv": [0, 0, 2, 5.5], "texture": "#1"},
				"west": {"uv": [0, 0, 2, 5.5], "texture": "#1"},
				"up": {"uv": [0, 0, 2, 2], "texture": "#1"},
				"down": {"uv": [0, 0, 2, 2], "texture": "#1"}
			}
		},
		{
			"from": [3.46927, 1.39027, 7],
			"to": [5.46927, 6.89027, 9],
			"rotation": {"angle": 45, "axis": "z", "origin": [4.46927, 4.89027, 8]},
			"faces": {
				"north": {"uv": [0, 0, 2, 5.5], "texture": "#1"},
				"east": {"uv": [0, 0, 2, 5.5], "texture": "#1"},
				"south": {"uv": [0, 0, 2, 5.5], "texture": "#1"},
				"west": {"uv": [0, 0, 2, 5.5], "texture": "#1"},
				"up": {"uv": [0, 0, 2, 2], "texture": "#1"},
				"down": {"uv": [0, 0, 2, 2], "texture": "#1"}
			}
		},
		{
			"from": [5.5, 2.75, 7.5],
			"to": [10.5, 10.75, 8.5],
			"faces": {
				"north": {"uv": [0, 0, 5, 8], "texture": "#1"},
				"east": {"uv": [0, 0, 1, 8], "texture": "#1"},
				"south": {"uv": [0, 0, 5, 8], "texture": "#1"},
				"west": {"uv": [0, 0, 1, 8], "texture": "#1"},
				"up": {"uv": [0, 0, 5, 1], "texture": "#1"},
				"down": {"uv": [0, 0, 5, 1], "texture": "#1"}
			}
		},
		{
			"from": [10.5, 3.75, 7.5],
			"to": [11.5, 9.75, 8.5],
			"faces": {
				"north": {"uv": [0, 0, 1, 6], "texture": "#1"},
				"east": {"uv": [0, 0, 1, 6], "texture": "#1"},
				"south": {"uv": [0, 0, 1, 6], "texture": "#1"},
				"west": {"uv": [0, 0, 1, 6], "texture": "#1"},
				"up": {"uv": [0, 0, 1, 1], "texture": "#1"},
				"down": {"uv": [0, 0, 1, 1], "texture": "#1"}
			}
		},
		{
			"from": [4.5, 3.75, 7.5],
			"to": [5.5, 9.75, 8.5],
			"faces": {
				"north": {"uv": [0, 0, 1, 6], "texture": "#1"},
				"east": {"uv": [0, 0, 1, 6], "texture": "#1"},
				"south": {"uv": [0, 0, 1, 6], "texture": "#1"},
				"west": {"uv": [0, 0, 1, 6], "texture": "#1"},
				"up": {"uv": [0, 0, 1, 1], "texture": "#1"},
				"down": {"uv": [0, 0, 1, 1], "texture": "#1"}
			}
		},
		{
			"from": [6.25, 2, 6.75],
			"to": [9.75, 3.75, 9.25],
			"faces": {
				"north": {"uv": [0, 0, 3.5, 1.75], "texture": "#1"},
				"east": {"uv": [0, 0, 2.5, 1.75], "texture": "#1"},
				"south": {"uv": [0, 0, 3.5, 1.75], "texture": "#1"},
				"west": {"uv": [0, 0, 2.5, 1.75], "texture": "#1"},
				"up": {"uv": [0, 0, 3.5, 2.5], "texture": "#1"},
				"down": {"uv": [0, 0, 3.5, 2.5], "texture": "#1"}
			}
		},
		{
			"from": [6.5, 5.25, 7.25],
			"to": [9.5, 8.25, 8.75],
			"rotation": {"angle": 45, "axis": "z", "origin": [8, 6.75, 8]},
			"faces": {
				"north": {"uv": [0, 0, 16, 16], "texture": "#2"},
				"east": {"uv": [0, 0, 16, 2], "texture": "#2"},
				"south": {"uv": [0, 0, 16, 16], "texture": "#2"},
				"west": {"uv": [0, 0, 16, 2], "texture": "#2"},
				"up": {"uv": [0, 0, 16, 2], "texture": "#2"},
				"down": {"uv": [0, 0, 16, 2], "texture": "#2"}
			}
		},
		{
			"from": [7.25, 6, 7],
			"to": [8.75, 7.5, 7.25],
			"faces": {
				"north": {"uv": [0, 0, 16, 16], "texture": "#0"},
				"east": {"uv": [0, 0, 0.25, 1.5], "texture": "#0"},
				"south": {"uv": [0, 0, 16, 16], "texture": "#0"},
				"west": {"uv": [0, 0, 0.25, 1.5], "texture": "#0"},
				"up": {"uv": [0, 0, 1.5, 0.25], "texture": "#0"},
				"down": {"uv": [0, 0, 1.5, 0.25], "texture": "#0"}
			}
		},
		{
			"from": [7.25, 6, 8.75],
			"to": [8.75, 7.5, 9],
			"faces": {
				"north": {"uv": [0, 0, 16, 16], "texture": "#0"},
				"east": {"uv": [0, 0, 0.25, 1.5], "texture": "#0"},
				"south": {"uv": [0, 0, 16, 16], "texture": "#0"},
				"west": {"uv": [0, 0, 0.25, 1.5], "texture": "#0"},
				"up": {"uv": [0, 0, 1.5, 0.25], "texture": "#0"},
				"down": {"uv": [0, 0, 1.5, 0.25], "texture": "#0"}
			}
		}
	],
	"display": {
		"thirdperson_righthand": {
			"scale": [0.25, 0.25, 0.25]
		},
		"thirdperson_lefthand": {
			"scale": [0.25, 0.25, 0.25]
		},
		"firstperson_righthand": {
			"translation": [0, 2.25, 0],
			"scale": [0.25, 0.25, 0.25]
		},
		"firstperson_lefthand": {
			"translation": [0, 2.25, 0],
			"scale": [0.25, 0.25, 0.25]
		},
		"ground": {
			"translation": [0, 2, 0],
			"scale": [0.5, 0.5, 0.5]
		},
		"gui": {
			"rotation": [-30, -1.5, -35],
			"translation": [1.25, 2.25, 0]
		},
		"head": {
			"translation": [0, 6.5, -7.75],
			"scale": [0.5, 0.5, 0.5]
		},
		"fixed": {
			"translation": [0, 2.25, 0]
		}
	},
	"groups": [
		{
			"name": "backplate",
			"origin": [0, 0, 0],
			"color": 0,
			"children": [0, 1, 2, 3, 4, 5, 6, 7, 8, 9, 10]
		},
		11,
		12,
		13
	]
}