{
	"credit": "Made with Blockbench",
	"textures": {
		"0": "nether_portal",
		"1": "polished_deepslate",
		"particle": "nether_portal"
	},
	"elements": [
		{
			"from": [7, 11, 7],
			"to": [9, 15, 9],
			"faces": {
				"north": {"uv": [6, 3, 8, 15], "texture": "#0"},
				"east": {"uv": [6, 3, 8, 15], "texture": "#0"},
				"south": {"uv": [6, 3, 8, 15], "texture": "#0"},
				"west": {"uv": [6, 3, 8, 15], "texture": "#0"},
				"up": {"uv": [14, 0, 16, 2], "texture": "#0"},
				"down": {"uv": [14, 0, 16, 2], "texture": "#0"}
			}
		},
		{
			"from": [7, 12, 6],
			"to": [9, 14, 10],
			"rotation": {"angle": 0, "axis": "x", "origin": [8, 13, 8]},
			"faces": {
				"north": {"uv": [14, 0, 16, 2], "rotation": 180, "texture": "#0"},
				"east": {"uv": [6, 3, 8, 15], "rotation": 270, "texture": "#0"},
				"south": {"uv": [14, 0, 16, 2], "texture": "#0"},
				"west": {"uv": [6, 3, 8, 15], "rotation": 90, "texture": "#0"},
				"up": {"uv": [6, 3, 8, 15], "rotation": 180, "texture": "#0"},
				"down": {"uv": [6, 3, 8, 15], "texture": "#0"}
			}
		},
		{
			"from": [6, 12, 7],
			"to": [10, 14, 9],
			"rotation": {"angle": 0, "axis": "z", "origin": [8, 13, 8]},
			"faces": {
				"north": {"uv": [0, 0, 2, 12], "rotation": 270, "texture": "#0"},
				"east": {"uv": [14, 0, 16, 2], "rotation": 270, "texture": "#0"},
				"south": {"uv": [0, 0, 2, 12], "rotation": 90, "texture": "#0"},
				"west": {"uv": [14, 0, 16, 2], "rotation": 270, "texture": "#0"},
				"up": {"uv": [0, 0, 2, 12], "rotation": 90, "texture": "#0"},
				"down": {"uv": [0, 0, 2, 12], "rotation": 90, "texture": "#0"}
			}
		},
		{
			"from": [6.5, 11.5, 6.5],
			"to": [9.5, 14.5, 9.5],
			"faces": {
				"north": {"uv": [0, 0, 3, 3], "texture": "#0"},
				"east": {"uv": [0, 0, 3, 3], "texture": "#0"},
				"south": {"uv": [0, 0, 3, 3], "texture": "#0"},
				"west": {"uv": [0, 0, 3, 3], "texture": "#0"},
				"up": {"uv": [0, 0, 3, 3], "texture": "#0"},
				"down": {"uv": [0, 0, 3, 3], "texture": "#0"}
			}
		},
		{
			"from": [5, 10, 5],
			"to": [11, 10.5, 5.5],
			"faces": {
				"north": {"uv": [0, 0, 16, 3.5], "texture": "#1"},
				"east": {"uv": [0, 0, 0.5, 0.5], "texture": "#1"},
				"south": {"uv": [0, 0, 16, 3.5], "texture": "#1"},
				"west": {"uv": [0, 0, 0.5, 0.5], "texture": "#1"},
				"up": {"uv": [0, 0, 16, 3.5], "texture": "#1"},
				"down": {"uv": [0, 0, 16, 3.5], "texture": "#1"}
			}
		},
		{
			"from": [5, 15.5, 5],
			"to": [11, 16, 5.5],
			"faces": {
				"north": {"uv": [0, 0, 16, 3.5], "texture": "#1"},
				"east": {"uv": [0, 0, 0.5, 0.5], "texture": "#1"},
				"south": {"uv": [0, 0, 16, 3.5], "texture": "#1"},
				"west": {"uv": [0, 0, 0.5, 0.5], "texture": "#1"},
				"up": {"uv": [0, 0, 16, 3.5], "texture": "#1"},
				"down": {"uv": [0, 0, 16, 3.5], "texture": "#1"}
			}
		},
		{
			"from": [5, 15.5, 10.5],
			"to": [11, 16, 11],
			"faces": {
				"north": {"uv": [0, 0, 16, 3.5], "texture": "#1"},
				"east": {"uv": [0, 0, 0.5, 0.5], "texture": "#1"},
				"south": {"uv": [0, 0, 16, 3.5], "texture": "#1"},
				"west": {"uv": [0, 0, 0.5, 0.5], "texture": "#1"},
				"up": {"uv": [0, 0, 16, 3.5], "texture": "#1"},
				"down": {"uv": [0, 0, 16, 3.5], "texture": "#1"}
			}
		},
		{
			"from": [5, 10, 10.5],
			"to": [11, 10.5, 11],
			"faces": {
				"north": {"uv": [0, 0, 16, 3.5], "texture": "#1"},
				"east": {"uv": [0, 0, 0.5, 0.5], "texture": "#1"},
				"south": {"uv": [0, 0, 16, 3.5], "texture": "#1"},
				"west": {"uv": [0, 0, 0.5, 0.5], "texture": "#1"},
				"up": {"uv": [0, 0, 16, 3.5], "texture": "#1"},
				"down": {"uv": [0, 0, 16, 3.5], "texture": "#1"}
			}
		},
		{
			"from": [10.5, 15.5, 5],
			"to": [11, 16, 11],
			"rotation": {"angle": 0, "axis": "y", "origin": [8, 13, 8]},
			"faces": {
				"north": {"uv": [0, 0, 0.5, 0.5], "texture": "#1"},
				"east": {"uv": [0, 0, 16, 3.5], "texture": "#1"},
				"south": {"uv": [0, 0, 0.5, 0.5], "texture": "#1"},
				"west": {"uv": [0, 0, 16, 3.5], "texture": "#1"},
				"up": {"uv": [0, 0, 16, 3.5], "rotation": 270, "texture": "#1"},
				"down": {"uv": [0, 0, 16, 3.5], "rotation": 90, "texture": "#1"}
			}
		},
		{
			"from": [10.25, 15.25, 10.25],
			"to": [11.25, 16.25, 11.25],
			"rotation": {"angle": 0, "axis": "y", "origin": [8, 13, 8]},
			"faces": {
				"north": {"uv": [0, 0, 0.5, 0.5], "texture": "#1"},
				"east": {"uv": [0, 0, 16, 3.5], "texture": "#1"},
				"south": {"uv": [0, 0, 0.5, 0.5], "texture": "#1"},
				"west": {"uv": [0, 0, 16, 3.5], "texture": "#1"},
				"up": {"uv": [0, 0, 16, 3.5], "rotation": 270, "texture": "#1"},
				"down": {"uv": [0, 0, 16, 3.5], "rotation": 90, "texture": "#1"}
			}
		},
		{
			"from": [10.25, 15.25, 4.75],
			"to": [11.25, 16.25, 5.75],
			"rotation": {"angle": 0, "axis": "y", "origin": [8, 13, 8]},
			"faces": {
				"north": {"uv": [0, 0, 0.5, 0.5], "texture": "#1"},
				"east": {"uv": [0, 0, 16, 3.5], "texture": "#1"},
				"south": {"uv": [0, 0, 0.5, 0.5], "texture": "#1"},
				"west": {"uv": [0, 0, 16, 3.5], "texture": "#1"},
				"up": {"uv": [0, 0, 16, 3.5], "rotation": 270, "texture": "#1"},
				"down": {"uv": [0, 0, 16, 3.5], "rotation": 90, "texture": "#1"}
			}
		},
		{
			"from": [10.25, 9.75, 4.75],
			"to": [11.25, 10.75, 5.75],
			"rotation": {"angle": 0, "axis": "y", "origin": [8, 13, 8]},
			"faces": {
				"north": {"uv": [0, 0, 0.5, 0.5], "texture": "#1"},
				"east": {"uv": [0, 0, 16, 3.5], "texture": "#1"},
				"south": {"uv": [0, 0, 0.5, 0.5], "texture": "#1"},
				"west": {"uv": [0, 0, 16, 3.5], "texture": "#1"},
				"up": {"uv": [0, 0, 16, 3.5], "rotation": 270, "texture": "#1"},
				"down": {"uv": [0, 0, 16, 3.5], "rotation": 90, "texture": "#1"}
			}
		},
		{
			"from": [10.25, 9.75, 10.25],
			"to": [11.25, 10.75, 11.25],
			"rotation": {"angle": 0, "axis": "y", "origin": [8, 13, 8]},
			"faces": {
				"north": {"uv": [0, 0, 0.5, 0.5], "texture": "#1"},
				"east": {"uv": [0, 0, 16, 3.5], "texture": "#1"},
				"south": {"uv": [0, 0, 0.5, 0.5], "texture": "#1"},
				"west": {"uv": [0, 0, 16, 3.5], "texture": "#1"},
				"up": {"uv": [0, 0, 16, 3.5], "rotation": 270, "texture": "#1"},
				"down": {"uv": [0, 0, 16, 3.5], "rotation": 90, "texture": "#1"}
			}
		},
		{
			"from": [4.75, 9.75, 4.75],
			"to": [5.75, 10.75, 5.75],
			"rotation": {"angle": 0, "axis": "y", "origin": [8, 13, 8]},
			"faces": {
				"north": {"uv": [0, 0, 0.5, 0.5], "texture": "#1"},
				"east": {"uv": [0, 0, 16, 3.5], "texture": "#1"},
				"south": {"uv": [0, 0, 0.5, 0.5], "texture": "#1"},
				"west": {"uv": [0, 0, 16, 3.5], "texture": "#1"},
				"up": {"uv": [0, 0, 16, 3.5], "rotation": 270, "texture": "#1"},
				"down": {"uv": [0, 0, 16, 3.5], "rotation": 90, "texture": "#1"}
			}
		},
		{
			"from": [4.75, 9.75, 10.25],
			"to": [5.75, 10.75, 11.25],
			"rotation": {"angle": 0, "axis": "y", "origin": [8, 13, 8]},
			"faces": {
				"north": {"uv": [0, 0, 0.5, 0.5], "texture": "#1"},
				"east": {"uv": [0, 0, 16, 3.5], "texture": "#1"},
				"south": {"uv": [0, 0, 0.5, 0.5], "texture": "#1"},
				"west": {"uv": [0, 0, 16, 3.5], "texture": "#1"},
				"up": {"uv": [0, 0, 16, 3.5], "rotation": 270, "texture": "#1"},
				"down": {"uv": [0, 0, 16, 3.5], "rotation": 90, "texture": "#1"}
			}
		},
		{
			"from": [4.75, 15.25, 10.25],
			"to": [5.75, 16.25, 11.25],
			"rotation": {"angle": 0, "axis": "y", "origin": [8, 13, 8]},
			"faces": {
				"north": {"uv": [0, 0, 0.5, 0.5], "texture": "#1"},
				"east": {"uv": [0, 0, 16, 3.5], "texture": "#1"},
				"south": {"uv": [0, 0, 0.5, 0.5], "texture": "#1"},
				"west": {"uv": [0, 0, 16, 3.5], "texture": "#1"},
				"up": {"uv": [0, 0, 16, 3.5], "rotation": 270, "texture": "#1"},
				"down": {"uv": [0, 0, 16, 3.5], "rotation": 90, "texture": "#1"}
			}
		},
		{
			"from": [4.75, 15.25, 4.75],
			"to": [5.75, 16.25, 5.75],
			"rotation": {"angle": 0, "axis": "y", "origin": [8, 13, 8]},
			"faces": {
				"north": {"uv": [0, 0, 0.5, 0.5], "texture": "#1"},
				"east": {"uv": [0, 0, 16, 3.5], "texture": "#1"},
				"south": {"uv": [0, 0, 0.5, 0.5], "texture": "#1"},
				"west": {"uv": [0, 0, 16, 3.5], "texture": "#1"},
				"up": {"uv": [0, 0, 16, 3.5], "rotation": 270, "texture": "#1"},
				"down": {"uv": [0, 0, 16, 3.5], "rotation": 90, "texture": "#1"}
			}
		},
		{
			"from": [5, 15.5, 5],
			"to": [5.5, 16, 11],
			"rotation": {"angle": 0, "axis": "y", "origin": [8, 13, 8]},
			"faces": {
				"north": {"uv": [0, 0, 0.5, 0.5], "texture": "#1"},
				"east": {"uv": [0, 0, 16, 3.5], "texture": "#1"},
				"south": {"uv": [0, 0, 0.5, 0.5], "texture": "#1"},
				"west": {"uv": [0, 0, 16, 3.5], "texture": "#1"},
				"up": {"uv": [0, 0, 16, 3.5], "rotation": 270, "texture": "#1"},
				"down": {"uv": [0, 0, 16, 3.5], "rotation": 90, "texture": "#1"}
			}
		},
		{
			"from": [5, 10, 5],
			"to": [5.5, 10.5, 11],
			"rotation": {"angle": 0, "axis": "y", "origin": [8, 13, 8]},
			"faces": {
				"north": {"uv": [0, 0, 0.5, 0.5], "texture": "#1"},
				"east": {"uv": [0, 0, 16, 3.5], "texture": "#1"},
				"south": {"uv": [0, 0, 0.5, 0.5], "texture": "#1"},
				"west": {"uv": [0, 0, 16, 3.5], "texture": "#1"},
				"up": {"uv": [0, 0, 16, 3.5], "rotation": 270, "texture": "#1"},
				"down": {"uv": [0, 0, 16, 3.5], "rotation": 90, "texture": "#1"}
			}
		},
		{
			"from": [10.5, 10, 5],
			"to": [11, 10.5, 11],
			"rotation": {"angle": 0, "axis": "y", "origin": [8, 13, 8]},
			"faces": {
				"north": {"uv": [0, 0, 0.5, 0.5], "texture": "#1"},
				"east": {"uv": [0, 0, 16, 3.5], "texture": "#1"},
				"south": {"uv": [0, 0, 0.5, 0.5], "texture": "#1"},
				"west": {"uv": [0, 0, 16, 3.5], "texture": "#1"},
				"up": {"uv": [0, 0, 16, 3.5], "rotation": 270, "texture": "#1"},
				"down": {"uv": [0, 0, 16, 3.5], "rotation": 90, "texture": "#1"}
			}
		},
		{
			"from": [10.5, 10, 10.5],
			"to": [11, 16, 11],
			"rotation": {"angle": 0, "axis": "x", "origin": [8, 13, 8]},
			"faces": {
				"north": {"uv": [0, 0, 16, 3.5], "rotation": 270, "texture": "#1"},
				"east": {"uv": [0, 0, 16, 3.5], "rotation": 270, "texture": "#1"},
				"south": {"uv": [0, 0, 16, 3.5], "rotation": 270, "texture": "#1"},
				"west": {"uv": [0, 0, 16, 3.5], "rotation": 90, "texture": "#1"},
				"up": {"uv": [0, 0, 0.5, 0.5], "rotation": 180, "texture": "#1"},
				"down": {"uv": [0, 0, 0.5, 0.5], "texture": "#1"}
			}
		},
		{
			"from": [5, 10, 10.5],
			"to": [5.5, 16, 11],
			"rotation": {"angle": 0, "axis": "x", "origin": [8, 13, 8]},
			"faces": {
				"north": {"uv": [0, 0, 16, 3.5], "rotation": 270, "texture": "#1"},
				"east": {"uv": [0, 0, 16, 3.5], "rotation": 270, "texture": "#1"},
				"south": {"uv": [0, 0, 16, 3.5], "rotation": 270, "texture": "#1"},
				"west": {"uv": [0, 0, 16, 3.5], "rotation": 90, "texture": "#1"},
				"up": {"uv": [0, 0, 0.5, 0.5], "rotation": 180, "texture": "#1"},
				"down": {"uv": [0, 0, 0.5, 0.5], "texture": "#1"}
			}
		},
		{
			"from": [5, 10, 5],
			"to": [5.5, 16, 5.5],
			"rotation": {"angle": 0, "axis": "x", "origin": [8, 13, 8]},
			"faces": {
				"north": {"uv": [0, 0, 16, 3.5], "rotation": 270, "texture": "#1"},
				"east": {"uv": [0, 0, 16, 3.5], "rotation": 270, "texture": "#1"},
				"south": {"uv": [0, 0, 16, 3.5], "rotation": 270, "texture": "#1"},
				"west": {"uv": [0, 0, 16, 3.5], "rotation": 90, "texture": "#1"},
				"up": {"uv": [0, 0, 0.5, 0.5], "rotation": 180, "texture": "#1"},
				"down": {"uv": [0, 0, 0.5, 0.5], "texture": "#1"}
			}
		},
		{
			"from": [10.5, 10, 5],
			"to": [11, 16, 5.5],
			"rotation": {"angle": 0, "axis": "x", "origin": [8, 13, 8]},
			"faces": {
				"north": {"uv": [0, 0, 16, 3.5], "rotation": 270, "texture": "#1"},
				"east": {"uv": [0, 0, 16, 3.5], "rotation": 270, "texture": "#1"},
				"south": {"uv": [0, 0, 16, 3.5], "rotation": 270, "texture": "#1"},
				"west": {"uv": [0, 0, 16, 3.5], "rotation": 90, "texture": "#1"},
				"up": {"uv": [0, 0, 0.5, 0.5], "rotation": 180, "texture": "#1"},
				"down": {"uv": [0, 0, 0.5, 0.5], "texture": "#1"}
			}
		},
		{
			"from": [6.5, 18.5, 6.5],
			"to": [9.5, 18.75, 9.5],
			"rotation": {"angle": 45, "axis": "y", "origin": [8, 13, 8]},
			"faces": {
				"north": {"uv": [10, 0, 13, 6], "rotation": 270, "texture": "#0"},
				"east": {"uv": [10, 3, 16, 6], "texture": "#0"},
				"south": {"uv": [0, 8, 3, 14], "rotation": 90, "texture": "#0"},
				"west": {"uv": [5, 9, 11, 12], "rotation": 180, "texture": "#0"},
				"up": {"uv": [10, 8, 16, 14], "rotation": 90, "texture": "#0"},
				"down": {"uv": [2, 1, 8, 7], "rotation": 90, "texture": "#0"}
			}
		},
		{
			"from": [6.5, 11.5, 2.25],
			"to": [9.5, 14.5, 2.5],
			"rotation": {"angle": 45, "axis": "z", "origin": [8, 13, 8]},
			"faces": {
				"north": {"uv": [10, 0, 16, 6], "texture": "#0"},
				"east": {"uv": [10, 3, 13, 9], "texture": "#0"},
				"south": {"uv": [0, 8, 6, 14], "texture": "#0"},
				"west": {"uv": [5, 9, 8, 15], "texture": "#0"},
				"up": {"uv": [10, 8, 16, 11], "texture": "#0"},
				"down": {"uv": [2, 1, 8, 4], "texture": "#0"}
			}
		},
		{
			"from": [2.25, 11.5, 6.5],
			"to": [2.5, 14.5, 9.5],
			"rotation": {"angle": -45, "axis": "x", "origin": [8.0625, 13, 8]},
			"faces": {
				"north": {"uv": [10, 0, 13, 6], "texture": "#0"},
				"east": {"uv": [10, 3, 16, 9], "texture": "#0"},
				"south": {"uv": [0, 8, 3, 14], "texture": "#0"},
				"west": {"uv": [5, 9, 11, 15], "texture": "#0"},
				"up": {"uv": [10, 8, 16, 11], "rotation": 270, "texture": "#0"},
				"down": {"uv": [2, 1, 8, 4], "rotation": 90, "texture": "#0"}
			}
		},
		{
			"from": [6.5, 7.25, 6.5],
			"to": [9.5, 7.5, 9.5],
			"rotation": {"angle": 45, "axis": "y", "origin": [8, 13, 8]},
			"faces": {
				"north": {"uv": [10, 0, 13, 6], "rotation": 270, "texture": "#0"},
				"east": {"uv": [10, 3, 16, 6], "texture": "#0"},
				"south": {"uv": [0, 8, 3, 14], "rotation": 90, "texture": "#0"},
				"west": {"uv": [5, 9, 11, 12], "rotation": 180, "texture": "#0"},
				"up": {"uv": [10, 8, 16, 14], "rotation": 90, "texture": "#0"},
				"down": {"uv": [2, 1, 8, 7], "rotation": 90, "texture": "#0"}
			}
		},
		{
			"from": [6.5, 11.5, 13.5],
			"to": [9.5, 14.5, 13.75],
			"rotation": {"angle": 45, "axis": "z", "origin": [8, 13, 8]},
			"faces": {
				"north": {"uv": [10, 0, 16, 6], "texture": "#0"},
				"east": {"uv": [10, 3, 13, 9], "texture": "#0"},
				"south": {"uv": [0, 8, 6, 14], "texture": "#0"},
				"west": {"uv": [5, 9, 8, 15], "texture": "#0"},
				"up": {"uv": [10, 8, 16, 11], "texture": "#0"},
				"down": {"uv": [2, 1, 8, 4], "texture": "#0"}
			}
		},
		{
			"from": [6.5, 3.25, 6.5],
			"to": [9.5, 3.5, 9.5],
			"rotation": {"angle": -45, "axis": "x", "origin": [8, 13, 8]},
			"faces": {
				"north": {"uv": [10, 0, 13, 6], "rotation": 270, "texture": "#0"},
				"east": {"uv": [10, 3, 16, 6], "texture": "#0"},
				"south": {"uv": [0, 8, 3, 14], "rotation": 90, "texture": "#0"},
				"west": {"uv": [5, 9, 11, 12], "rotation": 180, "texture": "#0"},
				"up": {"uv": [10, 8, 16, 14], "rotation": 90, "texture": "#0"},
				"down": {"uv": [2, 1, 8, 7], "rotation": 90, "texture": "#0"}
			}
		},
		{
			"from": [6.5, 11.5, -1.75],
			"to": [9.5, 14.5, -1.5],
			"rotation": {"angle": -45, "axis": "x", "origin": [8, 13, 8]},
			"faces": {
				"north": {"uv": [10, 0, 16, 6], "texture": "#0"},
				"east": {"uv": [10, 3, 13, 9], "texture": "#0"},
				"south": {"uv": [0, 8, 6, 14], "texture": "#0"},
				"west": {"uv": [5, 9, 8, 15], "texture": "#0"},
				"up": {"uv": [10, 8, 16, 11], "texture": "#0"},
				"down": {"uv": [2, 1, 8, 4], "texture": "#0"}
			}
		},
		{
			"from": [6.5, 22.5, 6.5],
			"to": [9.5, 22.75, 9.5],
			"rotation": {"angle": -45, "axis": "x", "origin": [8, 13, 8]},
			"faces": {
				"north": {"uv": [10, 0, 13, 6], "rotation": 270, "texture": "#0"},
				"east": {"uv": [10, 3, 16, 6], "texture": "#0"},
				"south": {"uv": [0, 8, 3, 14], "rotation": 90, "texture": "#0"},
				"west": {"uv": [5, 9, 11, 12], "rotation": 180, "texture": "#0"},
				"up": {"uv": [10, 8, 16, 14], "rotation": 90, "texture": "#0"},
				"down": {"uv": [2, 1, 8, 7], "rotation": 90, "texture": "#0"}
			}
		},
		{
			"from": [6.5, 11.5, 17.5],
			"to": [9.5, 14.5, 17.75],
			"rotation": {"angle": -45, "axis": "x", "origin": [8, 13, 8]},
			"faces": {
				"north": {"uv": [10, 0, 16, 6], "texture": "#0"},
				"east": {"uv": [10, 3, 13, 9], "texture": "#0"},
				"south": {"uv": [0, 8, 6, 14], "texture": "#0"},
				"west": {"uv": [5, 9, 8, 15], "texture": "#0"},
				"up": {"uv": [10, 8, 16, 11], "texture": "#0"},
				"down": {"uv": [2, 1, 8, 4], "texture": "#0"}
			}
		},
		{
			"from": [13.5, 11.5, 6.5],
			"to": [13.75, 14.5, 9.5],
			"rotation": {"angle": -45, "axis": "x", "origin": [8.0625, 13, 8]},
			"faces": {
				"north": {"uv": [10, 0, 13, 6], "texture": "#0"},
				"east": {"uv": [10, 3, 16, 9], "texture": "#0"},
				"south": {"uv": [0, 8, 3, 14], "texture": "#0"},
				"west": {"uv": [5, 9, 11, 15], "texture": "#0"},
				"up": {"uv": [10, 8, 16, 11], "rotation": 270, "texture": "#0"},
				"down": {"uv": [2, 1, 8, 4], "rotation": 90, "texture": "#0"}
			}
		},
		{
			"from": [6.5, 22.5, 6.5],
			"to": [9.5, 22.75, 9.5],
			"rotation": {"angle": 45, "axis": "z", "origin": [8, 13, 8]},
			"faces": {
				"north": {"uv": [10, 0, 13, 6], "rotation": 270, "texture": "#0"},
				"east": {"uv": [10, 3, 16, 6], "texture": "#0"},
				"south": {"uv": [0, 8, 3, 14], "rotation": 90, "texture": "#0"},
				"west": {"uv": [5, 9, 11, 12], "rotation": 180, "texture": "#0"},
				"up": {"uv": [10, 8, 16, 14], "rotation": 90, "texture": "#0"},
				"down": {"uv": [2, 1, 8, 7], "rotation": 90, "texture": "#0"}
			}
		},
		{
			"from": [17.5, 11.5, 6.5],
			"to": [17.75, 14.5, 9.5],
			"rotation": {"angle": 45, "axis": "z", "origin": [8, 13, 8]},
			"faces": {
				"north": {"uv": [10, 0, 13, 6], "texture": "#0"},
				"east": {"uv": [10, 3, 16, 9], "texture": "#0"},
				"south": {"uv": [0, 8, 3, 14], "texture": "#0"},
				"west": {"uv": [5, 9, 11, 15], "texture": "#0"},
				"up": {"uv": [10, 8, 16, 11], "rotation": 270, "texture": "#0"},
				"down": {"uv": [2, 1, 8, 4], "rotation": 90, "texture": "#0"}
			}
		},
		{
			"from": [6.5, 3.25, 6.5],
			"to": [9.5, 3.5, 9.5],
			"rotation": {"angle": 45, "axis": "z", "origin": [8, 13, 8]},
			"faces": {
				"north": {"uv": [10, 0, 13, 6], "rotation": 270, "texture": "#0"},
				"east": {"uv": [10, 3, 16, 6], "texture": "#0"},
				"south": {"uv": [0, 8, 3, 14], "rotation": 90, "texture": "#0"},
				"west": {"uv": [5, 9, 11, 12], "rotation": 180, "texture": "#0"},
				"up": {"uv": [10, 8, 16, 14], "rotation": 90, "texture": "#0"},
				"down": {"uv": [2, 1, 8, 7], "rotation": 90, "texture": "#0"}
			}
		},
		{
			"from": [-1.75, 11.5, 6.5],
			"to": [-1.5, 14.5, 9.5],
			"rotation": {"angle": 45, "axis": "z", "origin": [8, 13, 8]},
			"faces": {
				"north": {"uv": [10, 0, 13, 6], "texture": "#0"},
				"east": {"uv": [10, 3, 16, 9], "texture": "#0"},
				"south": {"uv": [0, 8, 3, 14], "texture": "#0"},
				"west": {"uv": [5, 9, 11, 15], "texture": "#0"},
				"up": {"uv": [10, 8, 16, 11], "rotation": 270, "texture": "#0"},
				"down": {"uv": [2, 1, 8, 4], "rotation": 90, "texture": "#0"}
			}
		},
		{
			"from": [6.5, 11.5, -1.75],
			"to": [9.5, 14.5, -1.5],
			"rotation": {"angle": 45, "axis": "y", "origin": [8, 13, 8]},
			"faces": {
				"north": {"uv": [10, 0, 16, 6], "texture": "#0"},
				"east": {"uv": [10, 3, 13, 9], "texture": "#0"},
				"south": {"uv": [0, 8, 6, 14], "texture": "#0"},
				"west": {"uv": [5, 9, 8, 15], "texture": "#0"},
				"up": {"uv": [10, 8, 16, 11], "texture": "#0"},
				"down": {"uv": [2, 1, 8, 4], "texture": "#0"}
			}
		},
		{
			"from": [-1.75, 11.5, 6.5],
			"to": [-1.5, 14.5, 9.5],
			"rotation": {"angle": 45, "axis": "y", "origin": [8, 13, 8]},
			"faces": {
				"north": {"uv": [10, 0, 13, 6], "texture": "#0"},
				"east": {"uv": [10, 3, 16, 9], "texture": "#0"},
				"south": {"uv": [0, 8, 3, 14], "texture": "#0"},
				"west": {"uv": [5, 9, 11, 15], "texture": "#0"},
				"up": {"uv": [10, 8, 16, 11], "rotation": 270, "texture": "#0"},
				"down": {"uv": [2, 1, 8, 4], "rotation": 90, "texture": "#0"}
			}
		},
		{
			"from": [6.5, 11.5, 17.5],
			"to": [9.5, 14.5, 17.75],
			"rotation": {"angle": 45, "axis": "y", "origin": [8, 13, 8]},
			"faces": {
				"north": {"uv": [10, 0, 16, 6], "texture": "#0"},
				"east": {"uv": [10, 3, 13, 9], "texture": "#0"},
				"south": {"uv": [0, 8, 6, 14], "texture": "#0"},
				"west": {"uv": [5, 9, 8, 15], "texture": "#0"},
				"up": {"uv": [10, 8, 16, 11], "texture": "#0"},
				"down": {"uv": [2, 1, 8, 4], "texture": "#0"}
			}
		},
		{
			"from": [17.5, 11.5, 6.5],
			"to": [17.75, 14.5, 9.5],
			"rotation": {"angle": 45, "axis": "y", "origin": [8, 13, 8]},
			"faces": {
				"north": {"uv": [10, 0, 13, 6], "texture": "#0"},
				"east": {"uv": [10, 3, 16, 9], "texture": "#0"},
				"south": {"uv": [0, 8, 3, 14], "texture": "#0"},
				"west": {"uv": [5, 9, 11, 15], "texture": "#0"},
				"up": {"uv": [10, 8, 16, 11], "rotation": 270, "texture": "#0"},
				"down": {"uv": [2, 1, 8, 4], "rotation": 90, "texture": "#0"}
			}
		}
	],
	"display": {
		"thirdperson_righthand": {
			"translation": [0, -3.25, -2.5],
			"scale": [0.25, 0.25, 0.25]
		},
		"thirdperson_lefthand": {
			"translation": [0, -3.25, -2.5],
			"scale": [0.25, 0.25, 0.25]
		},
		"firstperson_righthand": {
			"rotation": [45, 45, 0],
			"translation": [-9, 1.5, -2.5],
			"scale": [0.5, 0.5, 0.5]
		},
		"firstperson_lefthand": {
			"rotation": [45, 45, 0],
			"translation": [-9, 1.5, -2.5],
			"scale": [0.5, 0.5, 0.5]
		},
		"ground": {
			"scale": [0.5, 0.5, 0.5]
		},
		"gui": {
			"rotation": [45, 45, 0],
			"translation": [0, -2.5, 0],
			"scale": [0.75, 0.75, 0.75]
		},
		"head": {
			"translation": [0, 8.5, 0],
			"scale": [0.5, 0.5, 0.5]
		}
	},
	"groups": [
		0,
		1,
		2,
		3,
		4,
		5,
		6,
		7,
		8,
		9,
		10,
		11,
		12,
		13,
		14,
		15,
		16,
		17,
		18,
		19,
		20,
		21,
		22,
		23,
		{
			"name": "runes",
			"origin": [8, 13, 8],
			"color": 0,
			"children": [24, 25, 26, 27, 28, 29, 30, 31, 32, 33, 34, 35, 36, 37, 38, 39, 40, 41]
		}
	]
}