{
    "parent":"item/generated",
    "textures":{
        "layer0":"item/writable_book"
    },
    "overrides":[
        {
		
            "predicate": {
                "custom_model_data": 1
            },
            "model": "item/spellcaster_book"
        },
        {
		
            "predicate": {
                "custom_model_data": 2
            },
            "model": "item/tester_book"
        },
        {
		
            "predicate": {
                "custom_model_data": 3
            },
            "model": "item/notepad"
        }
    ]
}